/* generated by tools/gen_aa_font.py: 4-bit alpha glyphs (Inter Tight, SIL OFL 1.1, Copyright 2022 The Inter Project Authors; see assets/fonts/OFL.txt) */
#pragma once
#include <stdint.h>

/* S: InterTight[wght].ttf@400 12px, h 15, baseline 12, 105 glyphs x 4 phases, 10410 B data */
static const uint8_t AF_S_DATA[10410] = {
    0x0b, 0x10, 0xf1, 0x0f, 0x10, 0xf1, 0x0f, 0x10, 0xf1, 0x03, 0x00, 0x71, 0x2f, 0x30, 0x94, 0xc5, 0xc5, 0xb5, 0xb5, 0xb4, 0x21, 0x62, 0xd7, 0x67,
    0x89, 0x89, 0x89, 0x78, 0x78, 0x12, 0x44, 0xab, 0x3a, 0x4d, 0x4c, 0x4c, 0x4c, 0x4c, 0x12, 0x26, 0x6e, 0xb1, 0xbf, 0x0f, 0xe0, 0xe7, 0x07, 0x93,
    0x93, 0xb4, 0xb4, 0xb3, 0xb3, 0x61, 0x61, 0x66, 0x66, 0x87, 0x87, 0x77, 0x77, 0x44, 0x44, 0x39, 0x39, 0x4b, 0x4b, 0x3b, 0x3a, 0x26, 0x26, 0x00,
    0x91, 0x08, 0x10, 0x0d, 0x00, 0xd0, 0x26, 0xd5, 0x5d, 0x54, 0xbc, 0x8a, 0xc8, 0x06, 0x60, 0x67, 0x04, 0xa7, 0x4a, 0x82, 0x8e, 0x98, 0xd9, 0x40,
    0xd0, 0x0d, 0x00, 0x1b, 0x01, 0xc0, 0x00, 0x00, 0x63, 0x05, 0x40, 0x00, 0xa2, 0x09, 0x30, 0x15, 0xd5, 0x5d, 0x61, 0x29, 0xe8, 0x8e, 0x82, 0x03,
    0xa0, 0x2b, 0x00, 0x37, 0xa4, 0x7a, 0x30, 0x7c, 0xa8, 0xcb, 0x60, 0x0a, 0x30, 0x94, 0x00, 0x0c, 0x00, 0xc1, 0x00, 0x00, 0x36, 0x03, 0x70, 0x00,
    0x76, 0x06, 0x70, 0x04, 0xb7, 0x5a, 0x83, 0x08, 0xe9, 0x8d, 0x94, 0x00, 0xd0, 0x0d, 0x00, 0x25, 0xc4, 0x4d, 0x40, 0x5a, 0xc8, 0xac, 0x80, 0x06,
    0x60, 0x57, 0x00, 0x09, 0x40, 0x85, 0x00, 0x00, 0x19, 0x00, 0x90, 0x00, 0x3a, 0x02, 0xb0, 0x03, 0x8a, 0x57, 0xb4, 0x07, 0xca, 0x8c, 0xb6, 0x00,
    0xa2, 0x09, 0x30, 0x14, 0xd4, 0x4c, 0x51, 0x29, 0xe8, 0x8e, 0x82, 0x03, 0xa0, 0x2b, 0x00, 0x05, 0x80, 0x49, 0x00, 0x00, 0x09, 0x00, 0x00, 0x3a,
    0xeb, 0x50, 0x2d, 0x5b, 0x4d, 0x45, 0xa0, 0xa0, 0x33, 0x2e, 0x5b, 0x00, 0x00, 0x4b, 0xfb, 0x40, 0x00, 0x0b, 0x5d, 0x52, 0x20, 0xa0, 0x5a, 0x6c,
    0x1a, 0x1a, 0x70, 0x9e, 0xee, 0x90, 0x00, 0x0b, 0x10, 0x00, 0x00, 0x10, 0x00, 0x00, 0x07, 0x20, 0x00, 0x19, 0xec, 0x70, 0x0c, 0x79, 0x4b, 0x82,
    0xe0, 0x82, 0x25, 0x0d, 0x89, 0x20, 0x00, 0x2a, 0xec, 0x60, 0x00, 0x08, 0x6b, 0x91, 0x30, 0x82, 0x2e, 0x3e, 0x28, 0x27, 0xb0, 0x6e, 0xee, 0xb2,
    0x00, 0x09, 0x30, 0x00, 0x00, 0x10, 0x00, 0x00, 0x45, 0x00, 0x00, 0x7d, 0xd9, 0x10, 0x8a, 0x67, 0x8c, 0x0d, 0x35, 0x60, 0x60, 0xaa, 0x76, 0x00,
    0x01, 0x8d, 0xd8, 0x10, 0x00, 0x58, 0x9c, 0x04, 0x05, 0x60, 0xd3, 0xe5, 0x56, 0x4e, 0x13, 0xde, 0xed, 0x40, 0x00, 0x56, 0x00, 0x00, 0x00, 0x18,
    0x00, 0x00, 0x5b, 0xea, 0x30, 0x5c, 0x4a, 0x5e, 0x19, 0x61, 0x90, 0x52, 0x6d, 0x59, 0x00, 0x00, 0x6c, 0xe9, 0x20, 0x00, 0x1b, 0x7e, 0x23, 0x11,
    0x90, 0x96, 0xa9, 0x19, 0x2d, 0x41, 0xbe, 0xee, 0x70, 0x00, 0x2a, 0x00, 0x00, 0x00, 0x10, 0x00, 0x08, 0xb6, 0x00, 0x28, 0x03, 0xb0, 0xd1, 0x0b,
    0x40, 0x3a, 0x0c, 0x27, 0x80, 0x00, 0xca, 0xb2, 0xc0, 0x00, 0x00, 0x20, 0xc3, 0x00, 0x00, 0x00, 0x87, 0x5b, 0xa1, 0x00, 0x3b, 0x0d, 0x17, 0x70,
    0x1c, 0x20, 0xd0, 0x67, 0x09, 0x60, 0x08, 0xbc, 0x20, 0x00, 0x00, 0x01, 0x10, 0x5b, 0x90, 0x00, 0x91, 0xd1, 0x95, 0x07, 0x70, 0xd0, 0x85, 0x3b,
    0x00, 0x9b, 0xc2, 0xc2, 0x00, 0x01, 0x08, 0x60, 0x00, 0x00, 0x4b, 0x2b, 0xb3, 0x01, 0xc2, 0x94, 0x3a, 0x09, 0x50, 0xa3, 0x2b, 0x5a, 0x00, 0x4c,
    0xc5, 0x00, 0x00, 0x01, 0x10, 0x3b, 0xa2, 0x00, 0x73, 0xa4, 0x58, 0x04, 0xb0, 0xb2, 0x49, 0x1c, 0x20, 0x5c, 0xc4, 0x95, 0x00, 0x01, 0x15, 0xa0,
    0x00, 0x00, 0x1c, 0x2a, 0xc6, 0x00, 0xa4, 0x68, 0x0d, 0x06, 0x90, 0x67, 0x0d, 0x2c, 0x10, 0x2c, 0xb9, 0x00, 0x00, 0x00, 0x10, 0x1a, 0xb4, 0x00,
    0x46, 0x06, 0x72, 0xc0, 0x1c, 0x10, 0x76, 0x0d, 0x0a, 0x40, 0x02, 0xcb, 0x76, 0x90, 0x00, 0x01, 0x12, 0xc1, 0x00, 0x00, 0x00, 0xb4, 0x8c, 0x90,
    0x00, 0x78, 0x2c, 0x0b, 0x30, 0x2c, 0x02, 0xb0, 0xa3, 0x0c, 0x30, 0x0b, 0xac, 0x00, 0x00, 0x00, 0x02, 0x00, 0x03, 0xbc, 0x60, 0x00, 0xd6, 0x3e,
    0x20, 0x0e, 0x10, 0xd3, 0x00, 0x8a, 0xb8, 0x00, 0x05, 0xfa, 0x00, 0x04, 0xd4, 0xd5, 0x48, 0xa6, 0x03, 0xdb, 0x88, 0x90, 0x08, 0xf3, 0x1b, 0xdd,
    0xc9, 0xc0, 0x01, 0x10, 0x00, 0x01, 0xac, 0x80, 0x00, 0x09, 0x92, 0xb6, 0x00, 0x0b, 0x50, 0xa6, 0x00, 0x04, 0xd9, 0xc1, 0x00, 0x02, 0xed, 0x10,
    0x00, 0x1d, 0x5a, 0x81, 0xb0, 0x6a, 0x01, 0xca, 0xb0, 0x4c, 0x10, 0x4f, 0x60, 0x08, 0xec, 0xd8, 0xd2, 0x00, 0x12, 0x00, 0x00, 0x00, 0x8c, 0xa1,
    0x00, 0x06, 0xc2, 0x8a, 0x00, 0x07, 0x90, 0x6a, 0x00, 0x02, 0xd8, 0xd2, 0x00, 0x01, 0xbf, 0x30, 0x00, 0x0b, 0x87, 0xc0, 0xa2, 0x2d, 0x00, 0x9a,
    0xe1, 0x1e, 0x20, 0x1e, 0xa0, 0x05, 0xec, 0xe8, 0xd5, 0x00, 0x02, 0x00, 0x00, 0x05, 0xcb, 0x30, 0x02, 0xe3, 0x5d, 0x00, 0x3d, 0x02, 0xe0, 0x00,
    0xc8, 0xd5, 0x00, 0x08, 0xf6, 0x00, 0x08, 0xb4, 0xd2, 0x75, 0xe2, 0x05, 0xcd, 0x4c, 0x60, 0x0b, 0xe0, 0x3d, 0xcd, 0xbb, 0x80, 0x01, 0x10, 0x00,
    0xbf, 0xe7, 0x93, 0xb4, 0xb3, 0x61, 0x66, 0x87, 0x77, 0x44, 0x39, 0x4b, 0x3b, 0x26, 0x02, 0x20, 0xd2, 0x4b, 0x09, 0x70, 0xc3, 0x0e, 0x10, 0xf0,
    0x0e, 0x10, 0xb4, 0x07, 0x90, 0x1e, 0x10, 0x63, 0x01, 0x30, 0x96, 0x1e, 0x15, 0xa0, 0x87, 0x0a, 0x50, 0xb4, 0x0a, 0x50, 0x88, 0x03, 0xc0, 0x0c,
    0x30, 0x45, 0x00, 0x30, 0x6a, 0x0c, 0x41, 0xe0, 0x5b, 0x07, 0x80, 0x78, 0x06, 0x90, 0x4c, 0x00, 0xe1, 0x09, 0x70, 0x28, 0x00, 0x31, 0x02, 0xd0,
    0x08, 0x80, 0x0d, 0x30, 0x1e, 0x00, 0x3c, 0x00, 0x4b, 0x00, 0x3d, 0x00, 0x0e, 0x10, 0x0b, 0x50, 0x05, 0xb0, 0x00, 0x81, 0x31, 0x06, 0xa0, 0x1e,
    0x10, 0xa5, 0x07, 0x80, 0x5b, 0x04, 0xb0, 0x5a, 0x08, 0x80, 0xc3, 0x3c, 0x05, 0x40, 0x22, 0x02, 0xd0, 0x0b, 0x40, 0x79, 0x03, 0xc0, 0x1e, 0x00,
    0xf0, 0x1e, 0x04, 0xb0, 0x97, 0x1e, 0x23, 0x60, 0x13, 0x00, 0x0d, 0x20, 0x07, 0x80, 0x03, 0xd0, 0x00, 0xe1, 0x00, 0xc3, 0x00, 0xb4, 0x00, 0xc3,
    0x01, 0xe1, 0x05, 0xb0, 0x0b, 0x50, 0x18, 0x00, 0x30, 0x0a, 0x60, 0x4c, 0x00, 0xe1, 0x0b, 0x50, 0x87, 0x08, 0x80, 0x97, 0x0c, 0x41, 0xe0, 0x79,
    0x08, 0x20, 0x00, 0x71, 0x05, 0x6a, 0x39, 0x18, 0xfc, 0x34, 0xbc, 0xaa, 0x10, 0xa2, 0x20, 0x02, 0x00, 0x00, 0x44, 0x00, 0x28, 0x76, 0x82, 0x05,
    0xee, 0x50, 0x2b, 0xba, 0xb1, 0x01, 0x65, 0x20, 0x00, 0x11, 0x00, 0x02, 0x60, 0x09, 0x49, 0x64, 0x3c, 0xf7, 0x0a, 0xac, 0xc4, 0x22, 0x91, 0x10,
    0x12, 0x00, 0x00, 0x80, 0x07, 0x3b, 0x47, 0x2a, 0xea, 0x17, 0xac, 0xb6, 0x20, 0xc0, 0x20, 0x02, 0x00, 0x00, 0x03, 0x00, 0x00, 0x00, 0xc2, 0x00,
    0x00, 0x0c, 0x20, 0x02, 0xdd, 0xfd, 0xd6, 0x01, 0x1c, 0x31, 0x00, 0x00, 0xc2, 0x00, 0x00, 0x05, 0x10, 0x00, 0x00, 0x21, 0x00, 0x00, 0x86, 0x00,
    0x00, 0x86, 0x00, 0xcd, 0xee, 0xd9, 0x11, 0x96, 0x11, 0x00, 0x86, 0x00, 0x00, 0x32, 0x00, 0x00, 0x12, 0x00, 0x00, 0x59, 0x00, 0x00, 0x59, 0x00,
    0x9d, 0xee, 0xdd, 0x11, 0x5a, 0x11, 0x00, 0x59, 0x00, 0x00, 0x24, 0x00, 0x00, 0x03, 0x00, 0x00, 0x01, 0xd0, 0x00, 0x00, 0x1d, 0x00, 0x05, 0xdd,
    0xfd, 0xd3, 0x01, 0x2d, 0x11, 0x00, 0x01, 0xd0, 0x00, 0x00, 0x05, 0x00, 0x00, 0x04, 0x2e, 0x4a, 0x76, 0x03, 0x10, 0xd3, 0x1e, 0x03, 0xa0, 0x22,
    0x97, 0xc3, 0xd0, 0x10, 0x13, 0x6a, 0x86, 0xa2, 0x10, 0x12, 0x22, 0x15, 0xbb, 0xb4, 0x02, 0x22, 0x12, 0xbb, 0xb7, 0x22, 0x22, 0xbb, 0xba, 0x12,
    0x22, 0x07, 0xbb, 0xb2, 0x17, 0x03, 0xf2, 0x00, 0x01, 0x00, 0x68, 0x00, 0xa4, 0x00, 0xd1, 0x03, 0xb0, 0x07, 0x70, 0x0b, 0x30, 0x0d, 0x00, 0x4a,
    0x00, 0x86, 0x00, 0xc2, 0x00, 0x40, 0x00, 0x00, 0x02, 0x00, 0x2c, 0x00, 0x68, 0x00, 0xa4, 0x00, 0xd1, 0x03, 0xb0, 0x07, 0x70, 0x0b, 0x30, 0x1d,
    0x00, 0x4a, 0x00, 0x86, 0x00, 0x31, 0x00, 0x00, 0x01, 0x00, 0x00, 0xd1, 0x00, 0x2c, 0x00, 0x06, 0x80, 0x00, 0xa4, 0x00, 0x0d, 0x00, 0x03, 0xb0,
    0x00, 0x77, 0x00, 0x0b, 0x30, 0x01, 0xd0, 0x00, 0x49, 0x00, 0x02, 0x20, 0x00, 0x00, 0x01, 0x10, 0x00, 0x95, 0x00, 0x0d, 0x10, 0x02, 0xc0, 0x00,
    0x67, 0x00, 0x0a, 0x30, 0x00, 0xd0, 0x00, 0x4a, 0x00, 0x08, 0x60, 0x00, 0xc2, 0x00, 0x1d, 0x00, 0x01, 0x30, 0x00, 0x02, 0xad, 0xa2, 0x00, 0xd6,
    0x17, 0xc0, 0x4b, 0x00, 0x0c, 0x37, 0x80, 0x00, 0x97, 0x87, 0x00, 0x08, 0x88, 0x70, 0x00, 0x87, 0x5a, 0x00, 0x0b, 0x51, 0xe3, 0x04, 0xe1, 0x04,
    0xdd, 0xd4, 0x00, 0x00, 0x10, 0x00, 0x02, 0xa5, 0x6d, 0xc7, 0x61, 0x87, 0x00, 0x87, 0x00, 0x87, 0x00, 0x87, 0x00, 0x87, 0x00, 0x87, 0x00, 0x87,
    0x02, 0xad, 0xa2, 0x00, 0xd5, 0x16, 0xc0, 0x29, 0x00, 0x0e, 0x10, 0x00, 0x02, 0xd0, 0x00, 0x01, 0xc5, 0x00, 0x00, 0xb8, 0x00, 0x00, 0xa9, 0x00,
    0x00, 0x9a, 0x00, 0x00, 0x3f, 0xee, 0xee, 0x40, 0x03, 0xad, 0xb3, 0x01, 0xe5, 0x16, 0xd0, 0x25, 0x00, 0x0e, 0x20, 0x00, 0x05, 0xd0, 0x00, 0x5e,
    0xe4, 0x00, 0x00, 0x04, 0xd3, 0x12, 0x00, 0x09, 0x74, 0xd1, 0x01, 0xd4, 0x08, 0xec, 0xe7, 0x00, 0x00, 0x20, 0x00, 0x00, 0x01, 0xb4, 0x00, 0x00,
    0xae, 0x60, 0x00, 0x4b, 0x96, 0x00, 0x1d, 0x29, 0x60, 0x08, 0x80, 0x96, 0x03, 0xc0, 0x09, 0x60, 0xad, 0xbb, 0xdc, 0x62, 0x33, 0x3a, 0x82, 0x00,
    0x00, 0x96, 0x00, 0x07, 0xbb, 0xbb, 0x00, 0xb6, 0x33, 0x30, 0x0d, 0x20, 0x00, 0x00, 0xf7, 0xa8, 0x10, 0x1a, 0x64, 0x9c, 0x00, 0x00, 0x00, 0xd4,
    0x12, 0x00, 0x0b, 0x52, 0xe2, 0x03, 0xe1, 0x06, 0xed, 0xe5, 0x00, 0x00, 0x20, 0x00, 0x01, 0x9d, 0xb3, 0x00, 0xb7, 0x15, 0xe1, 0x3b, 0x00, 0x05,
    0x27, 0x86, 0xa8, 0x10, 0x8d, 0x94, 0x9d, 0x08, 0xb0, 0x00, 0xc5, 0x69, 0x00, 0x0a, 0x62, 0xe2, 0x03, 0xe2, 0x05, 0xed, 0xe5, 0x00, 0x00, 0x20,
    0x00, 0x4b, 0xbb, 0xbb, 0x21, 0x33, 0x34, 0xe2, 0x00, 0x00, 0x79, 0x00, 0x00, 0x1e, 0x20, 0x00, 0x07, 0x90, 0x00, 0x01, 0xe2, 0x00, 0x00, 0x89,
    0x00, 0x00, 0x1e, 0x20, 0x00, 0x08, 0x90, 0x00, 0x00, 0x03, 0xbd, 0xa2, 0x01, 0xe5, 0x17, 0xd0, 0x2d, 0x00, 0x0e, 0x10, 0xd4, 0x05, 0xc0, 0x05,
    0xfe, 0xe4, 0x03, 0xd3, 0x04, 0xe2, 0x78, 0x00, 0x0a, 0x65, 0xc1, 0x01, 0xd4, 0x08, 0xec, 0xe7, 0x00, 0x00, 0x20, 0x00, 0x04, 0xbd, 0x91, 0x02,
    0xe5, 0x18, 0xb0, 0x88, 0x00, 0x0d, 0x38, 0x80, 0x00, 0xd5, 0x3e, 0x30, 0x7f, 0x60, 0x5d, 0xe8, 0xa5, 0x22, 0x00, 0x0d, 0x24, 0xd1, 0x06, 0xb0,
    0x08, 0xed, 0xc2, 0x00, 0x01, 0x10, 0x00, 0x03, 0x05, 0xf2, 0x04, 0x00, 0x00, 0x00, 0x01, 0x70, 0x4f, 0x20, 0x03, 0x01, 0xf6, 0x04, 0x10, 0x00,
    0x00, 0x00, 0x62, 0x1e, 0x50, 0x21, 0xc9, 0x22, 0x00, 0x00, 0x53, 0xc9, 0x12, 0x8d, 0x13, 0x00, 0x00, 0x35, 0x8d, 0x03, 0x02, 0xf5, 0x04, 0x00,
    0x00, 0x00, 0x00, 0x40, 0x2e, 0x04, 0xa0, 0x76, 0x01, 0x00, 0x02, 0x10, 0xd8, 0x03, 0x10, 0x00, 0x00, 0x00, 0x31, 0x0d, 0x31, 0xe0, 0x3a, 0x00,
    0x12, 0x9c, 0x22, 0x00, 0x00, 0x22, 0xa7, 0xc3, 0xd0, 0x10, 0x03, 0x06, 0xf1, 0x13, 0x00, 0x00, 0x00, 0x01, 0x30, 0x6b, 0x08, 0x60, 0xb2, 0x01,
    0x00, 0x00, 0x00, 0x02, 0x30, 0x00, 0x29, 0xe4, 0x01, 0x9d, 0x71, 0x01, 0xe9, 0x00, 0x00, 0x04, 0xbb, 0x40, 0x00, 0x00, 0x4c, 0xc3, 0x00, 0x00,
    0x04, 0x40, 0x00, 0x00, 0x14, 0x00, 0x06, 0xd7, 0x06, 0xd9, 0x20, 0xbd, 0x20, 0x00, 0x29, 0xd6, 0x00, 0x00, 0x29, 0xd5, 0x00, 0x00, 0x26, 0x00,
    0x00, 0x04, 0x00, 0x05, 0xcb, 0x04, 0xcb, 0x40, 0x7e, 0x40, 0x00, 0x17, 0xd8, 0x10, 0x00, 0x17, 0xd8, 0x00, 0x00, 0x17, 0x00, 0x00, 0x03, 0x10,
    0x00, 0x3a, 0xd2, 0x03, 0xac, 0x60, 0x04, 0xf7, 0x00, 0x00, 0x05, 0xca, 0x30, 0x00, 0x00, 0x5d, 0xa1, 0x00, 0x00, 0x06, 0x20, 0x22, 0x22, 0x21,
    0xbc, 0xcc, 0xc4, 0x00, 0x00, 0x00, 0x89, 0x99, 0x93, 0x45, 0x55, 0x51, 0x12, 0x22, 0x21, 0x8c, 0xcc, 0xc7, 0x00, 0x00, 0x00, 0x69, 0x99, 0x95,
    0x35, 0x55, 0x53, 0x12, 0x22, 0x22, 0x5c, 0xcc, 0xc9, 0x00, 0x00, 0x00, 0x49, 0x99, 0x97, 0x25, 0x55, 0x54, 0x02, 0x22, 0x22, 0x02, 0xcc, 0xcc,
    0xc1, 0x00, 0x00, 0x00, 0x02, 0x99, 0x99, 0x91, 0x15, 0x55, 0x55, 0x00, 0x04, 0x00, 0x00, 0x01, 0xcb, 0x40, 0x00, 0x00, 0x5c, 0xb3, 0x00, 0x00,
    0x05, 0xf6, 0x00, 0x29, 0xd6, 0x00, 0x9d, 0x60, 0x00, 0x17, 0x10, 0x00, 0x00, 0x40, 0x00, 0x00, 0x9d, 0x50, 0x00, 0x03, 0xad, 0x50, 0x00, 0x03,
    0xe9, 0x01, 0x7d, 0x81, 0x7d, 0x81, 0x00, 0x61, 0x00, 0x00, 0x31, 0x00, 0x00, 0x6e, 0x71, 0x00, 0x01, 0x8d, 0x71, 0x00, 0x01, 0xcd, 0x00, 0x5c,
    0xa2, 0x4d, 0xa3, 0x00, 0x53, 0x00, 0x00, 0x22, 0x00, 0x00, 0x03, 0xd9, 0x20, 0x00, 0x01, 0x6d, 0x92, 0x00, 0x00, 0x09, 0xf2, 0x00, 0x3b, 0xc4,
    0x02, 0xbc, 0x50, 0x00, 0x35, 0x00, 0x00, 0x00, 0x19, 0xcb, 0x30, 0x9a, 0x25, 0xe1, 0x52, 0x00, 0xd3, 0x00, 0x05, 0xd0, 0x00, 0x8c, 0x30, 0x00,
    0xf1, 0x00, 0x00, 0x50, 0x00, 0x01, 0x70, 0x00, 0x03, 0xf2, 0x00, 0x06, 0xcc, 0x50, 0x5c, 0x23, 0xd3, 0x44, 0x00, 0x96, 0x00, 0x03, 0xe3, 0x00,
    0x5e, 0x50, 0x00, 0xb5, 0x00, 0x00, 0x41, 0x00, 0x00, 0x62, 0x00, 0x00, 0xe6, 0x00, 0x04, 0xbc, 0x80, 0x2e, 0x42, 0xb7, 0x25, 0x00, 0x5a, 0x00,
    0x01, 0xb7, 0x00, 0x2d, 0x80, 0x00, 0x89, 0x00, 0x00, 0x32, 0x00, 0x00, 0x44, 0x00, 0x00, 0xba, 0x00, 0x2a, 0xca, 0x1d, 0x71, 0x8b, 0x70, 0x01,
    0xe0, 0x00, 0x9a, 0x00, 0xba, 0x10, 0x4c, 0x00, 0x01, 0x30, 0x00, 0x26, 0x00, 0x07, 0xd0, 0x00, 0x00, 0x01, 0x46, 0x41, 0x00, 0x00, 0x09, 0xc8,
    0x78, 0xc7, 0x00, 0x0a, 0x80, 0x00, 0x00, 0x97, 0x04, 0xc0, 0x2a, 0xc8, 0x70, 0xd1, 0x86, 0x0c, 0x40, 0x8a, 0x09, 0x5a, 0x42, 0xb0, 0x03, 0xa0,
    0x86, 0xa4, 0x2b, 0x00, 0x4a, 0x08, 0x58, 0x60, 0xd5, 0x2a, 0xc0, 0xc2, 0x3c, 0x02, 0xbc, 0x4a, 0xc7, 0x00, 0xa9, 0x00, 0x00, 0x00, 0x00, 0x00,
    0x8d, 0x98, 0x9c, 0x10, 0x00, 0x00, 0x13, 0x54, 0x10, 0x00, 0x00, 0x00, 0x45, 0x52, 0x00, 0x00, 0x06, 0xd9, 0x77, 0xba, 0x10, 0x06, 0xb1, 0x00,
    0x00, 0x6b, 0x01, 0xe1, 0x19, 0xc8, 0x90, 0xa4, 0x4a, 0x09, 0x70, 0x5e, 0x05, 0x86, 0x80, 0xd0, 0x00, 0xd0, 0x49, 0x68, 0x0d, 0x00, 0x0e, 0x05,
    0x84, 0xa0, 0x98, 0x27, 0xe1, 0x86, 0x1d, 0x21, 0x9c, 0x77, 0xca, 0x00, 0x6c, 0x20, 0x00, 0x00, 0x00, 0x00, 0x5d, 0xa8, 0x8b, 0x50, 0x00, 0x00,
    0x03, 0x44, 0x20, 0x00, 0x00, 0x00, 0x35, 0x53, 0x00, 0x00, 0x04, 0xca, 0x77, 0xac, 0x20, 0x03, 0xd3, 0x00, 0x00, 0x3d, 0x10, 0xb4, 0x06, 0xca,
    0x92, 0x68, 0x1e, 0x05, 0xa1, 0x2e, 0x31, 0xc3, 0xc0, 0xa3, 0x00, 0xb3, 0x0d, 0x2c, 0x0a, 0x40, 0x0b, 0x31, 0xc1, 0xe0, 0x5b, 0x24, 0xe4, 0x49,
    0x0b, 0x50, 0x7c, 0x95, 0xcb, 0x20, 0x3d, 0x30, 0x00, 0x00, 0x00, 0x00, 0x3c, 0xb8, 0x8a, 0x80, 0x00, 0x00, 0x02, 0x44, 0x30, 0x00, 0x00, 0x02,
    0x55, 0x40, 0x00, 0x00, 0x2b, 0xb7, 0x79, 0xd5, 0x00, 0x1d, 0x50, 0x00, 0x01, 0xc4, 0x07, 0x80, 0x4b, 0xb8, 0x42, 0xc0, 0xc3, 0x2c, 0x21, 0xc7,
    0x0c, 0x1e, 0x06, 0x70, 0x07, 0x70, 0xb2, 0xe0, 0x68, 0x00, 0x77, 0x0c, 0x1c, 0x32, 0xd3, 0x3d, 0x81, 0xc0, 0x79, 0x05, 0xbb, 0x4b, 0xc4, 0x01,
    0xc6, 0x00, 0x00, 0x00, 0x00, 0x01, 0xac, 0x98, 0x9a, 0x00, 0x00, 0x00, 0x14, 0x53, 0x00, 0x00, 0x00, 0x0a, 0x50, 0x00, 0x00, 0x3e, 0xc0, 0x00,
    0x00, 0x97, 0xd2, 0x00, 0x00, 0xe1, 0x88, 0x00, 0x05, 0xb0, 0x3d, 0x00, 0x0a, 0xa6, 0x6e, 0x40, 0x1e, 0x88, 0x8a, 0x90, 0x6a, 0x00, 0x02, 0xe1,
    0xb5, 0x00, 0x00, 0xb5, 0x00, 0x07, 0x80, 0x00, 0x00, 0x0e, 0xe1, 0x00, 0x00, 0x5a, 0xa6, 0x00, 0x00, 0xb5, 0x4b, 0x00, 0x01, 0xe1, 0x0e, 0x20,
    0x07, 0xc6, 0x6c, 0x70, 0x0c, 0x98, 0x88, 0xd0, 0x3e, 0x00, 0x00, 0xd3, 0x88, 0x00, 0x00, 0x78, 0x00, 0x04, 0xb0, 0x00, 0x00, 0x0b, 0xe4, 0x00,
    0x00, 0x1e, 0x6a, 0x00, 0x00, 0x79, 0x1e, 0x10, 0x00, 0xc3, 0x0a, 0x60, 0x03, 0xe6, 0x6a, 0xb0, 0x08, 0xb8, 0x88, 0xe2, 0x0e, 0x30, 0x00, 0x97,
    0x4c, 0x00, 0x00, 0x4c, 0x00, 0x02, 0xb2, 0x00, 0x00, 0x00, 0x7e, 0x80, 0x00, 0x00, 0x0d, 0x5d, 0x00, 0x00, 0x03, 0xd0, 0xc4, 0x00, 0x00, 0x97,
    0x06, 0x90, 0x00, 0x0e, 0x86, 0x7e, 0x10, 0x05, 0xd8, 0x88, 0xc5, 0x00, 0xa6, 0x00, 0x05, 0xb0, 0x1e, 0x10, 0x00, 0x1e, 0x10, 0x3b, 0xbb, 0xa4,
    0x04, 0xd3, 0x34, 0xd3, 0x4c, 0x00, 0x08, 0x74, 0xc0, 0x01, 0xc4, 0x4f, 0xdd, 0xe9, 0x04, 0xc0, 0x02, 0xb8, 0x4c, 0x00, 0x03, 0xc4, 0xc0, 0x00,
    0x8a, 0x4f, 0xee, 0xeb, 0x20, 0xbb, 0xba, 0x60, 0x0f, 0x43, 0x4b, 0x70, 0xf1, 0x00, 0x4b, 0x0f, 0x10, 0x09, 0x80, 0xfd, 0xde, 0xc1, 0x0f, 0x10,
    0x18, 0xb0, 0xf1, 0x00, 0x0e, 0x1f, 0x10, 0x04, 0xe0, 0xfe, 0xee, 0xc4, 0x00, 0x8b, 0xbb, 0x81, 0x0b, 0x73, 0x39, 0xb0, 0xb5, 0x00, 0x1f, 0x0b,
    0x50, 0x06, 0xc0, 0xbe, 0xde, 0xe3, 0x0b, 0x50, 0x15, 0xe1, 0xb5, 0x00, 0x0b, 0x5b, 0x50, 0x02, 0xe3, 0xbe, 0xee, 0xd6, 0x00, 0x5b, 0xbb, 0x92,
    0x08, 0xa3, 0x36, 0xe1, 0x88, 0x00, 0x0c, 0x38, 0x80, 0x03, 0xd1, 0x8e, 0xdd, 0xf6, 0x08, 0x90, 0x03, 0xd4, 0x88, 0x00, 0x07, 0x88, 0x80, 0x01,
    0xb6, 0x8e, 0xee, 0xe9, 0x00, 0x00, 0x5b, 0xc9, 0x20, 0x08, 0xc5, 0x37, 0xe2, 0x2e, 0x10, 0x00, 0x7a, 0x79, 0x00, 0x00, 0x00, 0x87, 0x00, 0x00,
    0x00, 0x88, 0x00, 0x00, 0x00, 0x4c, 0x00, 0x00, 0x48, 0x0c, 0x91, 0x03, 0xd5, 0x01, 0xae, 0xde, 0x60, 0x00, 0x01, 0x20, 0x00, 0x00, 0x3a, 0xca,
    0x40, 0x05, 0xe6, 0x36, 0xd5, 0x0d, 0x40, 0x00, 0x3d, 0x3c, 0x00, 0x00, 0x01, 0x5b, 0x00, 0x00, 0x00, 0x4b, 0x00, 0x00, 0x00, 0x1e, 0x10, 0x00,
    0x1a, 0x08, 0xb2, 0x01, 0xb9, 0x00, 0x8e, 0xde, 0x90, 0x00, 0x00, 0x20, 0x00, 0x00, 0x29, 0xcb, 0x60, 0x00, 0x2e, 0x83, 0x4c, 0x90, 0x0a, 0x70,
    0x00, 0x1e, 0x20, 0xe1, 0x00, 0x00, 0x00, 0x1e, 0x00, 0x00, 0x00, 0x00, 0xf0, 0x00, 0x00, 0x00, 0x0c, 0x50, 0x00, 0x0a, 0x20, 0x4d, 0x30, 0x08,
    0xc0, 0x00, 0x5d, 0xee, 0xb2, 0x00, 0x00, 0x02, 0x10, 0x00, 0x01, 0x7b, 0xc8, 0x10, 0x0c, 0xa4, 0x49, 0xc0, 0x6b, 0x00, 0x00, 0xb6, 0xb5, 0x00,
    0x00, 0x00, 0xc3, 0x00, 0x00, 0x00, 0xb4, 0x00, 0x00, 0x00, 0x88, 0x00, 0x00, 0x75, 0x2e, 0x50, 0x05, 0xe2, 0x03, 0xce, 0xec, 0x40, 0x00, 0x01,
    0x10, 0x00, 0x3b, 0xbb, 0x95, 0x00, 0x4d, 0x33, 0x5c, 0x90, 0x4c, 0x00, 0x01, 0xd3, 0x4c, 0x00, 0x00, 0x88, 0x4c, 0x00, 0x00, 0x69, 0x4c, 0x00,
    0x00, 0x78, 0x4c, 0x00, 0x00, 0xb5, 0x4c, 0x00, 0x18, 0xc0, 0x4f, 0xee, 0xd9, 0x10, 0xbb, 0xba, 0x60, 0x0f, 0x43, 0x4a, 0xc1, 0xf1, 0x00, 0x0a,
    0x7f, 0x10, 0x00, 0x4c, 0xf1, 0x00, 0x02, 0xdf, 0x10, 0x00, 0x3c, 0xf1, 0x00, 0x08, 0x9f, 0x10, 0x06, 0xd2, 0xfe, 0xee, 0xa2, 0x00, 0x8b, 0xba,
    0x81, 0x00, 0xb7, 0x33, 0x8d, 0x20, 0xb5, 0x00, 0x06, 0xb0, 0xb5, 0x00, 0x00, 0xe1, 0xb5, 0x00, 0x00, 0xd2, 0xb5, 0x00, 0x00, 0xe1, 0xb5, 0x00,
    0x04, 0xc0, 0xb5, 0x00, 0x4d, 0x40, 0xbe, 0xee, 0xc4, 0x00, 0x5b, 0xbb, 0x93, 0x00, 0x8a, 0x33, 0x6d, 0x50, 0x88, 0x00, 0x03, 0xe1, 0x88, 0x00,
    0x00, 0xb4, 0x88, 0x00, 0x00, 0xa6, 0x88, 0x00, 0x00, 0xb5, 0x88, 0x00, 0x01, 0xe1, 0x88, 0x00, 0x2b, 0x80, 0x8e, 0xee, 0xd7, 0x00, 0x3b, 0xbb,
    0xbb, 0x04, 0xd3, 0x33, 0x30, 0x4c, 0x00, 0x00, 0x04, 0xc0, 0x00, 0x00, 0x4f, 0xdd, 0xd9, 0x04, 0xc1, 0x11, 0x10, 0x4c, 0x00, 0x00, 0x04, 0xc0,
    0x00, 0x00, 0x4f, 0xee, 0xee, 0x10, 0xbb, 0xbb, 0xb3, 0xf4, 0x33, 0x31, 0xf1, 0x00, 0x00, 0xf1, 0x00, 0x00, 0xfd, 0xdd, 0xd0, 0xf2, 0x11, 0x10,
    0xf1, 0x00, 0x00, 0xf1, 0x00, 0x00, 0xfe, 0xee, 0xe5, 0x8b, 0xbb, 0xb6, 0xb7, 0x33, 0x31, 0xb5, 0x00, 0x00, 0xb5, 0x00, 0x00, 0xbd, 0xdd, 0xd3,
    0xb5, 0x11, 0x10, 0xb5, 0x00, 0x00, 0xb5, 0x00, 0x00, 0xbe, 0xee, 0xe8, 0x5b, 0xbb, 0xb8, 0x8a, 0x33, 0x32, 0x88, 0x00, 0x00, 0x88, 0x00, 0x00,
    0x8e, 0xdd, 0xd6, 0x89, 0x11, 0x10, 0x88, 0x00, 0x00, 0x88, 0x00, 0x00, 0x8e, 0xee, 0xeb, 0x3b, 0xbb, 0xbb, 0x4d, 0x33, 0x33, 0x4c, 0x00, 0x00,
    0x4c, 0x00, 0x00, 0x4e, 0xbb, 0xb6, 0x4d, 0x33, 0x32, 0x4c, 0x00, 0x00, 0x4c, 0x00, 0x00, 0x4c, 0x00, 0x00, 0xbb, 0xbb, 0xb3, 0xf4, 0x33, 0x31,
    0xf1, 0x00, 0x00, 0xf1, 0x00, 0x00, 0xfb, 0xbb, 0x90, 0xf4, 0x33, 0x20, 0xf1, 0x00, 0x00, 0xf1, 0x00, 0x00, 0xf1, 0x00, 0x00, 0x8b, 0xbb, 0xb5,
    0xb7, 0x33, 0x31, 0xb5, 0x00, 0x00, 0xb5, 0x00, 0x00, 0xbc, 0xbb, 0xb1, 0xb7, 0x33, 0x30, 0xb5, 0x00, 0x00, 0xb5, 0x00, 0x00, 0xb5, 0x00, 0x00,
    0x5b, 0xbb, 0xb8, 0x8a, 0x33, 0x32, 0x88, 0x00, 0x00, 0x88, 0x00, 0x00, 0x8d, 0xbb, 0xb4, 0x8a, 0x33, 0x31, 0x88, 0x00, 0x00, 0x88, 0x00, 0x00,
    0x88, 0x00, 0x00, 0x00, 0x6b, 0xc9, 0x20, 0x08, 0xc5, 0x37, 0xe2, 0x2e, 0x10, 0x00, 0x8a, 0x79, 0x00, 0x00, 0x00, 0x87, 0x00, 0x25, 0x54, 0x88,
    0x00, 0x48, 0x9d, 0x4c, 0x00, 0x00, 0x5c, 0x0c, 0x91, 0x02, 0xd6, 0x01, 0xae, 0xde, 0x70, 0x00, 0x01, 0x20, 0x00, 0x00, 0x4a, 0xca, 0x40, 0x00,
    0x5e, 0x63, 0x6e, 0x50, 0x0d, 0x40, 0x00, 0x4d, 0x03, 0xc0, 0x00, 0x00, 0x10, 0x5b, 0x00, 0x15, 0x55, 0x14, 0xb0, 0x02, 0x88, 0xe2, 0x1e, 0x10,
    0x00, 0x1e, 0x10, 0x8b, 0x20, 0x1a, 0x90, 0x00, 0x8e, 0xde, 0x91, 0x00, 0x00, 0x02, 0x10, 0x00, 0x00, 0x29, 0xcb, 0x60, 0x00, 0x2e, 0x83, 0x4c,
    0x90, 0x0a, 0x70, 0x00, 0x1e, 0x20, 0xe1, 0x00, 0x00, 0x00, 0x1e, 0x00, 0x05, 0x55, 0x20, 0xf0, 0x00, 0x88, 0xd6, 0x0c, 0x50, 0x00, 0x0c, 0x40,
    0x4d, 0x30, 0x07, 0xd0, 0x00, 0x5d, 0xee, 0xb2, 0x00, 0x00, 0x02, 0x10, 0x00, 0x01, 0x8c, 0xc8, 0x10, 0x0c, 0xa4, 0x4a, 0xc0, 0x6b, 0x00, 0x00,
    0xb6, 0xb5, 0x00, 0x00, 0x00, 0xc3, 0x00, 0x45, 0x53, 0xb4, 0x00, 0x68, 0xb9, 0x89, 0x00, 0x00, 0x88, 0x2e, 0x60, 0x04, 0xe2, 0x03, 0xce, 0xed,
    0x40, 0x00, 0x01, 0x10, 0x00, 0x39, 0x00, 0x00, 0x66, 0x4c, 0x00, 0x00, 0x88, 0x4c, 0x00, 0x00, 0x88, 0x4c, 0x00, 0x00, 0x88, 0x4e, 0xcc, 0xcc,
    0xe8, 0x4c, 0x11, 0x11, 0x98, 0x4c, 0x00, 0x00, 0x88, 0x4c, 0x00, 0x00, 0x88, 0x4c, 0x00, 0x00, 0x88, 0xb1, 0x00, 0x04, 0x8f, 0x10, 0x00, 0x5b,
    0xf1, 0x00, 0x05, 0xbf, 0x10, 0x00, 0x5b, 0xfc, 0xcc, 0xcd, 0xbf, 0x21, 0x11, 0x6b, 0xf1, 0x00, 0x05, 0xbf, 0x10, 0x00, 0x5b, 0xf1, 0x00, 0x05,
    0xb0, 0x84, 0x00, 0x01, 0xbb, 0x50, 0x00, 0x1f, 0xb5, 0x00, 0x01, 0xfb, 0x50, 0x00, 0x1f, 0xbd, 0xcc, 0xcc, 0xfb, 0x61, 0x11, 0x2f, 0xb5, 0x00,
    0x01, 0xfb, 0x50, 0x00, 0x1f, 0xb5, 0x00, 0x01, 0xf0, 0x66, 0x00, 0x00, 0x93, 0x88, 0x00, 0x00, 0xc4, 0x88, 0x00, 0x00, 0xc4, 0x88, 0x00, 0x00,
    0xc4, 0x8e, 0xcc, 0xcc, 0xe4, 0x89, 0x11, 0x11, 0xc4, 0x88, 0x00, 0x00, 0xc4, 0x88, 0x00, 0x00, 0xc4, 0x88, 0x00, 0x00, 0xc4, 0x39, 0x4c, 0x4c,
    0x4c, 0x4c, 0x4c, 0x4c, 0x4c, 0x4c, 0xb1, 0xf1, 0xf1, 0xf1, 0xf1, 0xf1, 0xf1, 0xf1, 0xf1, 0x84, 0xb5, 0xb5, 0xb5, 0xb5, 0xb5, 0xb5, 0xb5, 0xb5,
    0x66, 0x88, 0x88, 0x88, 0x88, 0x88, 0x88, 0x88, 0x88, 0x00, 0x00, 0xa1, 0x00, 0x00, 0xe2, 0x00, 0x00, 0xe2, 0x00, 0x00, 0xe2, 0x00, 0x00, 0xe2,
    0x00, 0x00, 0xe2, 0x31, 0x00, 0xe2, 0xb6, 0x03, 0xe0, 0x3d, 0xce, 0x60, 0x00, 0x21, 0x00, 0x00, 0x00, 0x74, 0x00, 0x00, 0xa6, 0x00, 0x00, 0xa6,
    0x00, 0x00, 0xa6, 0x00, 0x00, 0xa6, 0x00, 0x00, 0xa6, 0x22, 0x00, 0xa6, 0x79, 0x01, 0xd3, 0x1b, 0xdd, 0x90, 0x00, 0x11, 0x00, 0x00, 0x00, 0x57,
    0x00, 0x00, 0x79, 0x00, 0x00, 0x79, 0x00, 0x00, 0x79, 0x00, 0x00, 0x79, 0x00, 0x00, 0x79, 0x13, 0x00, 0x79, 0x3d, 0x00, 0xa7, 0x09, 0xdd, 0xc1,
    0x00, 0x11, 0x00, 0x00, 0x02, 0x90, 0x00, 0x3d, 0x00, 0x03, 0xd0, 0x00, 0x3d, 0x00, 0x03, 0xd0, 0x00, 0x3d, 0x40, 0x03, 0xde, 0x20, 0x6b, 0x6e,
    0xcd, 0x30, 0x02, 0x00, 0x39, 0x00, 0x06, 0x94, 0xc0, 0x05, 0xd2, 0x4c, 0x03, 0xe3, 0x04, 0xc2, 0xd4, 0x00, 0x4d, 0xdc, 0x00, 0x04, 0xf6, 0xa8,
    0x00, 0x4c, 0x01, 0xd5, 0x04, 0xc0, 0x03, 0xe2, 0x4c, 0x00, 0x07, 0xc0, 0xb1, 0x00, 0x3b, 0x2f, 0x10, 0x2d, 0x50, 0xf1, 0x1d, 0x60, 0x0f, 0x2c,
    0x70, 0x00, 0xfc, 0xe2, 0x00, 0x0f, 0xa6, 0xc0, 0x00, 0xf1, 0x0a, 0x80, 0x0f, 0x10, 0x1d, 0x50, 0xf1, 0x00, 0x3e, 0x20, 0x84, 0x00, 0x1a, 0x4b,
    0x50, 0x0b, 0x80, 0xb5, 0x0a, 0x90, 0x0b, 0x59, 0xa0, 0x00, 0xbc, 0xf5, 0x00, 0x0b, 0xd4, 0xe2, 0x00, 0xb5, 0x06, 0xc0, 0x0b, 0x50, 0x0a, 0x90,
    0xb5, 0x00, 0x1d, 0x50, 0x66, 0x00, 0x08, 0x78, 0x80, 0x08, 0xc1, 0x88, 0x07, 0xc1, 0x08, 0x85, 0xd1, 0x00, 0x8c, 0xf9, 0x00, 0x08, 0xe4, 0xd5,
    0x00, 0x89, 0x03, 0xe2, 0x08, 0x80, 0x06, 0xc0, 0x88, 0x00, 0x0a, 0x90, 0x39, 0x00, 0x00, 0x4c, 0x00, 0x00, 0x4c, 0x00, 0x00, 0x4c, 0x00, 0x00,
    0x4c, 0x00, 0x00, 0x4c, 0x00, 0x00, 0x4c, 0x00, 0x00, 0x4c, 0x00, 0x00, 0x4f, 0xee, 0xec, 0xb1, 0x00, 0x00, 0xf1, 0x00, 0x00, 0xf1, 0x00, 0x00,
    0xf1, 0x00, 0x00, 0xf1, 0x00, 0x00, 0xf1, 0x00, 0x00, 0xf1, 0x00, 0x00, 0xf1, 0x00, 0x00, 0xfe, 0xee, 0xe2, 0x83, 0x00, 0x00, 0xb5, 0x00, 0x00,
    0xb5, 0x00, 0x00, 0xb5, 0x00, 0x00, 0xb5, 0x00, 0x00, 0xb5, 0x00, 0x00, 0xb5, 0x00, 0x00, 0xb5, 0x00, 0x00, 0xbe, 0xee, 0xe5, 0x56, 0x00, 0x00,
    0x88, 0x00, 0x00, 0x88, 0x00, 0x00, 0x88, 0x00, 0x00, 0x88, 0x00, 0x00, 0x88, 0x00, 0x00, 0x88, 0x00, 0x00, 0x88, 0x00, 0x00, 0x8e, 0xee, 0xe8,
    0x3b, 0x20, 0x00, 0x01, 0xb4, 0x4f, 0x80, 0x00, 0x07, 0xf5, 0x4d, 0xd0, 0x00, 0x0d, 0xd5, 0x4b, 0xb5, 0x00, 0x4b, 0xa5, 0x4b, 0x4b, 0x00, 0xa5,
    0xa5, 0x4b, 0x0d, 0x22, 0xd0, 0xa5, 0x4b, 0x07, 0x88, 0x80, 0xa5, 0x4b, 0x01, 0xed, 0x20, 0xa5, 0x4b, 0x00, 0xaa, 0x00, 0xa5, 0x1b, 0x40, 0x00,
    0x00, 0xa6, 0x1f, 0xb0, 0x00, 0x04, 0xf8, 0x1e, 0xd2, 0x00, 0x0a, 0xd8, 0x1e, 0x88, 0x00, 0x2e, 0x88, 0x1e, 0x2e, 0x00, 0x88, 0x88, 0x1e, 0x0b,
    0x50, 0xd2, 0x88, 0x1e, 0x04, 0xb5, 0xb0, 0x88, 0x1e, 0x00, 0xdd, 0x40, 0x88, 0x1e, 0x00, 0x7d, 0x00, 0x88, 0x88, 0x00, 0x00, 0x07, 0x9b, 0xe1,
    0x00, 0x01, 0xec, 0xbd, 0x60, 0x00, 0x6d, 0xcb, 0x7d, 0x00, 0x0c, 0x7c, 0xb4, 0xc4, 0x03, 0xd3, 0xcb, 0x46, 0xa0, 0x96, 0x3c, 0xb4, 0x1e, 0x2e,
    0x13, 0xcb, 0x40, 0x9d, 0x90, 0x3c, 0xb4, 0x03, 0xf3, 0x03, 0xc0, 0x6a, 0x00, 0x00, 0x05, 0xb8, 0xf3, 0x00, 0x00, 0xcf, 0x8d, 0x90, 0x00, 0x3d,
    0xf8, 0x7e, 0x10, 0x09, 0x7f, 0x86, 0x97, 0x01, 0xe1, 0xf8, 0x63, 0xd0, 0x69, 0x0f, 0x86, 0x0c, 0x4c, 0x30, 0xf8, 0x60, 0x6d, 0xc0, 0x0f, 0x86,
    0x01, 0xe6, 0x00, 0xf0, 0x3b, 0x10, 0x00, 0x48, 0x4f, 0xa0, 0x00, 0x6a, 0x4d, 0xc5, 0x00, 0x6a, 0x4c, 0x3d, 0x20, 0x6a, 0x4c, 0x07, 0xb0, 0x6a,
    0x4c, 0x00, 0xb6, 0x6a, 0x4c, 0x00, 0x2e, 0x8a, 0x4c, 0x00, 0x06, 0xfa, 0x4c, 0x00, 0x00, 0xaa, 0xb3, 0x00, 0x01, 0xbf, 0xd1, 0x00, 0x2e, 0xfa,
    0x90, 0x02, 0xef, 0x2d, 0x40, 0x2e, 0xf1, 0x3d, 0x12, 0xef, 0x10, 0x8a, 0x2e, 0xf1, 0x00, 0xc7, 0xef, 0x10, 0x03, 0xee, 0xf1, 0x00, 0x07, 0xe0,
    0x86, 0x00, 0x00, 0xa2, 0xbf, 0x30, 0x00, 0xd3, 0xba, 0xc0, 0x00, 0xd3, 0xb5, 0xa8, 0x00, 0xd3, 0xb5, 0x1d, 0x30, 0xd3, 0xb5, 0x04, 0xd1, 0xd3,
    0xb5, 0x00, 0x99, 0xd3, 0xb5, 0x00, 0x1d, 0xf3, 0xb5, 0x00, 0x03, 0xf3, 0x69, 0x00, 0x00, 0x75, 0x8f, 0x60, 0x00, 0x97, 0x8b, 0xe2, 0x00, 0x97,
    0x88, 0x6b, 0x00, 0x97, 0x88, 0x0b, 0x70, 0x97, 0x88, 0x01, 0xe3, 0x97, 0x88, 0x00, 0x5c, 0xa7, 0x88, 0x00, 0x0a, 0xf7, 0x88, 0x00, 0x01, 0xd7,
    0x00, 0x5b, 0xc9, 0x20, 0x00, 0x8c, 0x53, 0x7e, 0x30, 0x2e, 0x10, 0x00, 0x6b, 0x07, 0x90, 0x00, 0x01, 0xe1, 0x87, 0x00, 0x00, 0x0d, 0x28, 0x80,
    0x00, 0x00, 0xe1, 0x4c, 0x00, 0x00, 0x4d, 0x00, 0xc9, 0x10, 0x3d, 0x50, 0x01, 0xae, 0xde, 0x60, 0x00, 0x00, 0x12, 0x00, 0x00, 0x00, 0x3a, 0xca,
    0x40, 0x00, 0x5e, 0x63, 0x6d, 0x60, 0x0d, 0x40, 0x00, 0x3e, 0x13, 0xc0, 0x00, 0x00, 0xb4, 0x5b, 0x00, 0x00, 0x0a, 0x64, 0xb0, 0x00, 0x00, 0xa5,
    0x1e, 0x10, 0x00, 0x1e, 0x20, 0x8b, 0x20, 0x1b, 0x90, 0x00, 0x8e, 0xde, 0x90, 0x00, 0x00, 0x02, 0x00, 0x00, 0x00, 0x29, 0xcb, 0x60, 0x00, 0x2e,
    0x83, 0x4c, 0x90, 0x0a, 0x70, 0x00, 0x1d, 0x30, 0xe1, 0x00, 0x00, 0x88, 0x1e, 0x00, 0x00, 0x06, 0x90, 0xf0, 0x00, 0x00, 0x79, 0x0c, 0x50, 0x00,
    0x0b, 0x50, 0x4d, 0x30, 0x08, 0xc0, 0x00, 0x5d, 0xee, 0xb2, 0x00, 0x00, 0x02, 0x10, 0x00, 0x01, 0x7b, 0xc8, 0x10, 0x0c, 0xa4, 0x49, 0xc1, 0x6b,
    0x00, 0x00, 0xa7, 0xb5, 0x00, 0x00, 0x4c, 0xc3, 0x00, 0x00, 0x2d, 0xb4, 0x00, 0x00, 0x3c, 0x89, 0x00, 0x00, 0x79, 0x1e, 0x60, 0x05, 0xe2, 0x03,
    0xce, 0xed, 0x40, 0x00, 0x01, 0x10, 0x00, 0x3b, 0xbb, 0x94, 0x04, 0xd3, 0x35, 0xd3, 0x4c, 0x00, 0x07, 0x94, 0xc0, 0x00, 0x79, 0x4c, 0x11, 0x3d,
    0x44, 0xec, 0xcb, 0x50, 0x4c, 0x00, 0x00, 0x04, 0xc0, 0x00, 0x00, 0x4c, 0x00, 0x00, 0x00, 0xbb, 0xba, 0x60, 0xf4, 0x34, 0xc7, 0xf1, 0x00, 0x3c,
    0xf1, 0x00, 0x3d, 0xf2, 0x12, 0xb8, 0xfc, 0xcc, 0x70, 0xf1, 0x00, 0x00, 0xf1, 0x00, 0x00, 0xf1, 0x00, 0x00, 0x8b, 0xba, 0x71, 0x0b, 0x73, 0x39,
    0xb0, 0xb5, 0x00, 0x0e, 0x1b, 0x50, 0x00, 0xe1, 0xb6, 0x12, 0x8b, 0x0b, 0xdc, 0xc9, 0x10, 0xb5, 0x00, 0x00, 0x0b, 0x50, 0x00, 0x00, 0xb5, 0x00,
    0x00, 0x00, 0x5b, 0xbb, 0x92, 0x08, 0xa3, 0x37, 0xd1, 0x88, 0x00, 0x0b, 0x58, 0x80, 0x00, 0xa5, 0x89, 0x11, 0x5e, 0x18, 0xec, 0xca, 0x30, 0x88,
    0x00, 0x00, 0x08, 0x80, 0x00, 0x00, 0x88, 0x00, 0x00, 0x00, 0x00, 0x5b, 0xc9, 0x20, 0x00, 0x8c, 0x53, 0x7e, 0x30, 0x2e, 0x10, 0x00, 0x6b, 0x07,
    0x90, 0x00, 0x01, 0xe1, 0x87, 0x00, 0x00, 0x0d, 0x28, 0x80, 0x00, 0x00, 0xe1, 0x4c, 0x00, 0x84, 0x4d, 0x00, 0xc9, 0x12, 0xdd, 0x50, 0x01, 0xae,
    0xde, 0xd0, 0x00, 0x00, 0x12, 0x08, 0x60, 0x00, 0x3a, 0xca, 0x40, 0x00, 0x5e, 0x63, 0x6d, 0x60, 0x0d, 0x40, 0x00, 0x3e, 0x13, 0xc0, 0x00, 0x00,
    0xb4, 0x5b, 0x00, 0x00, 0x0a, 0x64, 0xb0, 0x00, 0x00, 0xa5, 0x1e, 0x10, 0x67, 0x1e, 0x20, 0x8b, 0x21, 0xcc, 0x90, 0x00, 0x8e, 0xde, 0xe2, 0x00,
    0x00, 0x02, 0x05, 0x90, 0x00, 0x29, 0xcb, 0x60, 0x00, 0x2e, 0x83, 0x4c, 0x90, 0x0a, 0x70, 0x00, 0x1d, 0x30, 0xe1, 0x00, 0x00, 0x88, 0x1e, 0x00,
    0x00, 0x06, 0x90, 0xf0, 0x00, 0x00, 0x79, 0x0c, 0x50, 0x39, 0x0b, 0x50, 0x4d, 0x30, 0x9c, 0xc0, 0x00, 0x5d, 0xee, 0xe6, 0x00, 0x00, 0x02, 0x12,
    0xb1, 0x01, 0x7b, 0xc8, 0x10, 0x0c, 0xa4, 0x49, 0xc1, 0x6b, 0x00, 0x00, 0xa7, 0xb5, 0x00, 0x00, 0x4c, 0xc3, 0x00, 0x00, 0x2d, 0xb4, 0x00, 0x00,
    0x3c, 0x89, 0x01, 0xa2, 0x79, 0x1e, 0x60, 0x6c, 0xe2, 0x03, 0xce, 0xee, 0x90, 0x00, 0x01, 0x11, 0xb3, 0x3b, 0xbb, 0xa4, 0x04, 0xd2, 0x24, 0xd4,
    0x4c, 0x00, 0x06, 0x94, 0xc0, 0x00, 0x79, 0x4d, 0x66, 0x7e, 0x34, 0xe8, 0x8f, 0x40, 0x4c, 0x00, 0x8a, 0x04, 0xc0, 0x01, 0xe3, 0x4c, 0x00, 0x07,
    0xa0, 0xbb, 0xbb, 0x60, 0x0f, 0x32, 0x3b, 0x80, 0xf1, 0x00, 0x3d, 0x0f, 0x10, 0x03, 0xc0, 0xf6, 0x66, 0xd6, 0x0f, 0x98, 0xd8, 0x00, 0xf1, 0x05,
    0xd0, 0x0f, 0x10, 0x0b, 0x60, 0xf1, 0x00, 0x3d, 0x10, 0x8b, 0xbb, 0x81, 0x0b, 0x62, 0x38, 0xb0, 0xb5, 0x00, 0x0e, 0x1b, 0x50, 0x00, 0xe1, 0xb9,
    0x66, 0xba, 0x0b, 0xa8, 0xbb, 0x00, 0xb5, 0x01, 0xe2, 0x0b, 0x50, 0x08, 0xa0, 0xb5, 0x00, 0x1d, 0x30, 0x6b, 0xbb, 0x92, 0x08, 0x92, 0x26, 0xe1,
    0x88, 0x00, 0x0a, 0x58, 0x80, 0x00, 0xb5, 0x8b, 0x66, 0x9d, 0x18, 0xc8, 0xae, 0x10, 0x88, 0x00, 0xc6, 0x08, 0x80, 0x04, 0xd1, 0x78, 0x00, 0x0b,
    0x70, 0x03, 0xac, 0xb5, 0x02, 0xd5, 0x14, 0xd4, 0x5a, 0x00, 0x03, 0x32, 0xe5, 0x10, 0x00, 0x04, 0xbe, 0xb4, 0x00, 0x00, 0x15, 0xd5, 0x22, 0x00,
    0x05, 0xa6, 0xc1, 0x01, 0xa7, 0x09, 0xec, 0xe9, 0x00, 0x00, 0x21, 0x00, 0x01, 0x9c, 0xc7, 0x00, 0xc7, 0x12, 0xb8, 0x2e, 0x00, 0x02, 0x50, 0xd8,
    0x10, 0x00, 0x02, 0xae, 0xc6, 0x00, 0x00, 0x04, 0xb9, 0x13, 0x00, 0x02, 0xe3, 0xe2, 0x00, 0x7b, 0x06, 0xed, 0xeb, 0x20, 0x00, 0x21, 0x00, 0x07,
    0xcc, 0x91, 0x08, 0xa2, 0x28, 0xc0, 0xd3, 0x00, 0x06, 0x0a, 0xa2, 0x00, 0x00, 0x18, 0xdd, 0x81, 0x00, 0x00, 0x39, 0xc0, 0x40, 0x00, 0x0d, 0x3e,
    0x50, 0x04, 0xe1, 0x3d, 0xdd, 0xd4, 0x00, 0x01, 0x10, 0x00, 0x05, 0xbc, 0xa3, 0x05, 0xc3, 0x15, 0xe1, 0x96, 0x00, 0x05, 0x26, 0xd4, 0x00, 0x00,
    0x06, 0xce, 0x92, 0x00, 0x00, 0x27, 0xe2, 0x31, 0x00, 0x09, 0x6a, 0x90, 0x02, 0xd4, 0x1b, 0xed, 0xe7, 0x00, 0x01, 0x20, 0x00, 0x7b, 0xbb, 0xbb,
    0x92, 0x33, 0xe4, 0x32, 0x00, 0x0e, 0x20, 0x00, 0x00, 0xe2, 0x00, 0x00, 0x0e, 0x20, 0x00, 0x00, 0xe2, 0x00, 0x00, 0x0e, 0x20, 0x00, 0x00, 0xe2,
    0x00, 0x00, 0x0e, 0x20, 0x00, 0x5b, 0xbb, 0xbb, 0xb1, 0x13, 0x3b, 0x73, 0x30, 0x00, 0x0a, 0x60, 0x00, 0x00, 0x0a, 0x60, 0x00, 0x00, 0x0a, 0x60,
    0x00, 0x00, 0x0a, 0x60, 0x00, 0x00, 0x0a, 0x60, 0x00, 0x00, 0x0a, 0x60, 0x00, 0x00, 0x0a, 0x50, 0x00, 0x2b, 0xbb, 0xbb, 0xb4, 0x13, 0x38, 0xa3,
    0x31, 0x00, 0x07, 0x90, 0x00, 0x00, 0x07, 0x90, 0x00, 0x00, 0x07, 0x90, 0x00, 0x00, 0x07, 0x90, 0x00, 0x00, 0x07, 0x90, 0x00, 0x00, 0x07, 0x90,
    0x00, 0x00, 0x06, 0x90, 0x00, 0xab, 0xbb, 0xbb, 0x73, 0x35, 0xd3, 0x32, 0x00, 0x3d, 0x00, 0x00, 0x03, 0xd0, 0x00, 0x00, 0x3d, 0x00, 0x00, 0x03,
    0xd0, 0x00, 0x00, 0x3d, 0x00, 0x00, 0x03, 0xd0, 0x00, 0x00, 0x3d, 0x00, 0x00, 0x39, 0x00, 0x00, 0x66, 0x4c, 0x00, 0x00, 0x88, 0x4c, 0x00, 0x00,
    0x88, 0x4c, 0x00, 0x00, 0x88, 0x4c, 0x00, 0x00, 0x88, 0x4c, 0x00, 0x00, 0x88, 0x3d, 0x00, 0x00, 0x98, 0x0d, 0x70, 0x04, 0xe3, 0x02, 0xce, 0xed,
    0x50, 0x00, 0x01, 0x20, 0x00, 0xb1, 0x00, 0x03, 0x9f, 0x10, 0x00, 0x4c, 0xf1, 0x00, 0x04, 0xcf, 0x10, 0x00, 0x4c, 0xf1, 0x00, 0x04, 0xcf, 0x10,
    0x00, 0x4c, 0xe2, 0x00, 0x05, 0xb9, 0xa1, 0x02, 0xc7, 0x1a, 0xed, 0xe8, 0x00, 0x01, 0x20, 0x00, 0x84, 0x00, 0x00, 0xb1, 0xb5, 0x00, 0x00, 0xf1,
    0xb5, 0x00, 0x00, 0xf1, 0xb5, 0x00, 0x00, 0xf1, 0xb5, 0x00, 0x00, 0xf1, 0xb5, 0x00, 0x00, 0xf1, 0xb6, 0x00, 0x01, 0xf0, 0x6d, 0x20, 0x1a, 0xa0,
    0x07, 0xed, 0xea, 0x10, 0x00, 0x02, 0x10, 0x00, 0x66, 0x00, 0x00, 0x84, 0x88, 0x00, 0x00, 0xb5, 0x88, 0x00, 0x00, 0xb5, 0x88, 0x00, 0x00, 0xb5,
    0x88, 0x00, 0x00, 0xb5, 0x88, 0x00, 0x00, 0xb5, 0x7a, 0x00, 0x00, 0xd4, 0x2e, 0x40, 0x07, 0xd1, 0x04, 0xde, 0xec, 0x30, 0x00, 0x01, 0x10, 0x00,
    0x93, 0x00, 0x00, 0x84, 0x89, 0x00, 0x01, 0xe1, 0x2e, 0x00, 0x05, 0xb0, 0x0c, 0x40, 0x0b, 0x50, 0x06, 0x90, 0x1e, 0x10, 0x01, 0xe1, 0x69, 0x00,
    0x00, 0xa5, 0xc4, 0x00, 0x00, 0x5c, 0xd0, 0x00, 0x00, 0x0e, 0x80, 0x00, 0x66, 0x00, 0x00, 0x57, 0x4c, 0x00, 0x00, 0xb5, 0x0d, 0x30, 0x02, 0xe0,
    0x08, 0x80, 0x07, 0x90, 0x03, 0xd0, 0x0c, 0x30, 0x00, 0xc3, 0x3d, 0x00, 0x00, 0x79, 0x87, 0x00, 0x00, 0x1d, 0xd2, 0x00, 0x00, 0x0a, 0xb0, 0x00,
    0x48, 0x00, 0x00, 0x2a, 0x1e, 0x10, 0x00, 0x89, 0x0a, 0x60, 0x00, 0xd3, 0x04, 0xc0, 0x03, 0xd0, 0x00, 0xe2, 0x09, 0x70, 0x00, 0x87, 0x0d, 0x20,
    0x00, 0x3c, 0x4b, 0x00, 0x00, 0x0c, 0xc6, 0x00, 0x00, 0x07, 0xe1, 0x00, 0x1a, 0x00, 0x00, 0x0a, 0x20, 0xc5, 0x00, 0x04, 0xc0, 0x06, 0xa0, 0x00,
    0x97, 0x00, 0x1e, 0x10, 0x0e, 0x20, 0x00, 0xa6, 0x05, 0xb0, 0x00, 0x05, 0xb0, 0xa5, 0x00, 0x00, 0x0e, 0x2e, 0x10, 0x00, 0x00, 0x9c, 0x90, 0x00,
    0x00, 0x03, 0xf4, 0x00, 0x00, 0xa2, 0x00, 0x3b, 0x20, 0x03, 0x9a, 0x60, 0x07, 0xf6, 0x00, 0x78, 0x6a, 0x00, 0xba, 0x90, 0x0b, 0x42, 0xe0, 0x0e,
    0x2d, 0x01, 0xe1, 0x0c, 0x34, 0xb0, 0xd2, 0x4b, 0x00, 0x86, 0x87, 0x08, 0x68, 0x70, 0x04, 0xac, 0x30, 0x4a, 0xc3, 0x00, 0x1e, 0xd0, 0x01, 0xed,
    0x00, 0x00, 0xba, 0x00, 0x0b, 0xa0, 0x00, 0x75, 0x00, 0x0a, 0x40, 0x00, 0xb1, 0x6a, 0x00, 0x3f, 0x90, 0x04, 0xc0, 0x2e, 0x00, 0x7a, 0xd0, 0x08,
    0x80, 0x0d, 0x20, 0xb4, 0xd2, 0x0b, 0x40, 0x09, 0x60, 0xe0, 0x96, 0x1e, 0x00, 0x05, 0xa4, 0xb0, 0x5a, 0x4b, 0x00, 0x01, 0xe8, 0x70, 0x1d, 0x87,
    0x00, 0x00, 0xbe, 0x20, 0x0b, 0xe2, 0x00, 0x00, 0x7d, 0x00, 0x07, 0xd0, 0x00, 0x47, 0x00, 0x08, 0x70, 0x00, 0x83, 0x2d, 0x00, 0x0e, 0xd0, 0x00,
    0xe1, 0x0d, 0x20, 0x3c, 0xd2, 0x04, 0xc0, 0x09, 0x60, 0x78, 0x96, 0x08, 0x80, 0x05, 0xa0, 0xb4, 0x5a, 0x0b, 0x40, 0x01, 0xe1, 0xe0, 0x1d, 0x1e,
    0x00, 0x00, 0xc7, 0xa0, 0x0c, 0x7a, 0x00, 0x00, 0x8e, 0x60, 0x08, 0xe6, 0x00, 0x00, 0x4f, 0x20, 0x03, 0xf2, 0x00, 0x1a, 0x00, 0x05, 0xa0, 0x00,
    0x66, 0x0d, 0x20, 0x0b, 0xf2, 0x00, 0xb5, 0x09, 0x60, 0x0e, 0xb6, 0x01, 0xe1, 0x05, 0xa0, 0x4c, 0x5a, 0x04, 0xb0, 0x01, 0xe0, 0x77, 0x1d, 0x08,
    0x70, 0x00, 0xc3, 0xb3, 0x0c, 0x2c, 0x30, 0x00, 0x87, 0xe0, 0x08, 0x7e, 0x00, 0x00, 0x4e, 0xa0, 0x04, 0xea, 0x00, 0x00, 0x0e, 0x60, 0x00, 0xe6,
    0x00, 0x86, 0x00, 0x04, 0xa3, 0xe2, 0x01, 0xd5, 0x08, 0xa0, 0x8a, 0x00, 0x0d, 0x7e, 0x20, 0x00, 0x5f, 0x80, 0x00, 0x0a, 0xbd, 0x10, 0x05, 0xd0,
    0xb8, 0x01, 0xe4, 0x02, 0xe3, 0x99, 0x00, 0x07, 0xc0, 0x59, 0x00, 0x02, 0xb1, 0x1d, 0x50, 0x0a, 0x90, 0x04, 0xd1, 0x4d, 0x10, 0x00, 0x99, 0xd5,
    0x00, 0x00, 0x1f, 0xc0, 0x00, 0x00, 0x7c, 0xe3, 0x00, 0x02, 0xe2, 0x7c, 0x00, 0x0b, 0x70, 0x0c, 0x60, 0x6c, 0x00, 0x03, 0xe1, 0x2b, 0x10, 0x00,
    0xa4, 0x0a, 0x80, 0x06, 0xc0, 0x01, 0xe3, 0x1e, 0x30, 0x00, 0x6c, 0xa9, 0x00, 0x00, 0x0c, 0xf1, 0x00, 0x00, 0x3e, 0xd6, 0x00, 0x00, 0xc5, 0x3e,
    0x10, 0x07, 0xb0, 0x09, 0xa0, 0x2e, 0x20, 0x01, 0xd4, 0xa3, 0x00, 0x07, 0x76, 0xc0, 0x03, 0xe2, 0x0b, 0x60, 0xc7, 0x00, 0x2e, 0x8c, 0x00, 0x00,
    0x8f, 0x40, 0x00, 0x1d, 0xba, 0x00, 0x09, 0x91, 0xe4, 0x04, 0xe1, 0x05, 0xd1, 0xd5, 0x00, 0x0b, 0x80, 0x85, 0x00, 0x01, 0xa2, 0x3e, 0x10, 0x08,
    0xa0, 0x09, 0x80, 0x2e, 0x20, 0x01, 0xe3, 0xb6, 0x00, 0x00, 0x6d, 0xc0, 0x00, 0x00, 0x0d, 0x50, 0x00, 0x00, 0x0c, 0x40, 0x00, 0x00, 0x0c, 0x40,
    0x00, 0x00, 0x0c, 0x40, 0x00, 0x58, 0x00, 0x00, 0x85, 0x1d, 0x30, 0x04, 0xd1, 0x05, 0xc0, 0x0d, 0x40, 0x00, 0xb6, 0x7a, 0x00, 0x00, 0x2e, 0xe2,
    0x00, 0x00, 0x09, 0x80, 0x00, 0x00, 0x08, 0x80, 0x00, 0x00, 0x08, 0x80, 0x00, 0x00, 0x08, 0x80, 0x00, 0x3a, 0x00, 0x00, 0x67, 0x0b, 0x70, 0x01,
    0xe3, 0x02, 0xe2, 0x09, 0x80, 0x00, 0x7a, 0x3d, 0x10, 0x00, 0x0d, 0xd5, 0x00, 0x00, 0x05, 0xc0, 0x00, 0x00, 0x05, 0xb0, 0x00, 0x00, 0x05, 0xb0,
    0x00, 0x00, 0x05, 0xb0, 0x00, 0x1a, 0x20, 0x00, 0x3a, 0x07, 0xb0, 0x00, 0xc6, 0x00, 0xc5, 0x06, 0xc0, 0x00, 0x4d, 0x1d, 0x30, 0x00, 0x09, 0xd8,
    0x00, 0x00, 0x02, 0xf1, 0x00, 0x00, 0x01, 0xf0, 0x00, 0x00, 0x01, 0xf0, 0x00, 0x00, 0x01, 0xf0, 0x00, 0x6b, 0xbb, 0xbb, 0x52, 0x33, 0x34, 0xe2,
    0x00, 0x00, 0xa7, 0x00, 0x00, 0x5c, 0x00, 0x00, 0x1d, 0x30, 0x00, 0x0a, 0x70, 0x00, 0x05, 0xc0, 0x00, 0x01, 0xd3, 0x00, 0x00, 0x7f, 0xee, 0xee,
    0x70, 0x3b, 0xbb, 0xbb, 0x71, 0x33, 0x33, 0xd6, 0x00, 0x00, 0x7b, 0x00, 0x00, 0x2e, 0x20, 0x00, 0x0b, 0x60, 0x00, 0x06, 0xb0, 0x00, 0x02, 0xe2,
    0x00, 0x00, 0xb6, 0x00, 0x00, 0x3f, 0xee, 0xee, 0xa0, 0x1b, 0xbb, 0xbb, 0xa0, 0x33, 0x33, 0xa9, 0x00, 0x00, 0x3d, 0x10, 0x00, 0x0c, 0x50, 0x00,
    0x08, 0xa0, 0x00, 0x03, 0xd1, 0x00, 0x00, 0xc5, 0x00, 0x00, 0x7a, 0x00, 0x00, 0x0f, 0xee, 0xee, 0xe0, 0x9b, 0xbb, 0xbb, 0x22, 0x33, 0x37, 0xd0,
    0x00, 0x01, 0xd3, 0x00, 0x00, 0x98, 0x00, 0x00, 0x4d, 0x10, 0x00, 0x1d, 0x40, 0x00, 0x09, 0x80, 0x00, 0x04, 0xd1, 0x00, 0x00, 0xbe, 0xee, 0xee,
    0x30, 0x44, 0x1e, 0x93, 0xe0, 0x0e, 0x00, 0xe0, 0x0e, 0x00, 0xe0, 0x0e, 0x00, 0xe0, 0x0e, 0x00, 0xe4, 0x19, 0x93, 0x34, 0x2a, 0xb6, 0xa4, 0x0a,
    0x40, 0xa4, 0x0a, 0x40, 0xa4, 0x0a, 0x40, 0xa4, 0x0a, 0x40, 0xa7, 0x26, 0x96, 0x24, 0x37, 0xc8, 0x78, 0x07, 0x80, 0x78, 0x07, 0x80, 0x78, 0x07,
    0x80, 0x78, 0x07, 0x80, 0x79, 0x34, 0x98, 0x14, 0x40, 0x3e, 0x91, 0x3b, 0x00, 0x3b, 0x00, 0x3b, 0x00, 0x3b, 0x00, 0x3b, 0x00, 0x3b, 0x00, 0x3b,
    0x00, 0x3b, 0x00, 0x3c, 0x40, 0x29, 0x91, 0x20, 0x00, 0xd1, 0x00, 0x95, 0x00, 0x59, 0x00, 0x1d, 0x00, 0x0b, 0x20, 0x07, 0x60, 0x03, 0xa0, 0x00,
    0xd0, 0x00, 0xa4, 0x00, 0x68, 0x00, 0x13, 0x10, 0x00, 0x95, 0x00, 0x59, 0x00, 0x1d, 0x00, 0x0c, 0x20, 0x08, 0x60, 0x04, 0xa0, 0x00, 0xd0, 0x00,
    0xb3, 0x00, 0x77, 0x00, 0x3b, 0x00, 0x04, 0x11, 0x00, 0x05, 0x90, 0x00, 0x1d, 0x00, 0x00, 0xc2, 0x00, 0x08, 0x60, 0x00, 0x4a, 0x00, 0x00, 0xd0,
    0x00, 0x0b, 0x30, 0x00, 0x77, 0x00, 0x03, 0xb0, 0x00, 0x0d, 0x10, 0x00, 0x31, 0x01, 0x00, 0x01, 0xc0, 0x00, 0x0c, 0x20, 0x00, 0x86, 0x00, 0x04,
    0xa0, 0x00, 0x1d, 0x00, 0x00, 0xb3, 0x00, 0x07, 0x70, 0x00, 0x3b, 0x00, 0x00, 0xd0, 0x00, 0x0a, 0x40, 0x00, 0x22, 0x24, 0x36, 0xba, 0x04, 0xa0,
    0x4a, 0x04, 0xa0, 0x4a, 0x04, 0xa0, 0x4a, 0x04, 0xa0, 0x4a, 0x27, 0xa6, 0x96, 0x14, 0x43, 0x9e, 0x00, 0xe0, 0x0e, 0x00, 0xe0, 0x0e, 0x00, 0xe0,
    0x0e, 0x00, 0xe0, 0x0e, 0x14, 0xe3, 0x99, 0x04, 0x41, 0x19, 0xe3, 0x00, 0xb3, 0x00, 0xb3, 0x00, 0xb3, 0x00, 0xb3, 0x00, 0xb3, 0x00, 0xb3, 0x00,
    0xb3, 0x00, 0xb3, 0x04, 0xc3, 0x19, 0x92, 0x34, 0x28, 0xc7, 0x08, 0x70, 0x87, 0x08, 0x70, 0x87, 0x08, 0x70, 0x87, 0x08, 0x70, 0x87, 0x39, 0x78,
    0x94, 0x01, 0x72, 0x00, 0x8c, 0x90, 0x1d, 0x1d, 0x17, 0x80, 0x78, 0x21, 0x01, 0x30, 0x00, 0x63, 0x00, 0x4c, 0xc0, 0x0b, 0x4a, 0x43, 0xc0, 0x3c,
    0x22, 0x00, 0x30, 0x00, 0x55, 0x00, 0x01, 0xdd, 0x20, 0x07, 0x87, 0x80, 0x1d, 0x11, 0xd1, 0x13, 0x00, 0x21, 0x03, 0x70, 0x00, 0xbc, 0x50, 0x4b,
    0x3c, 0x0b, 0x40, 0xb4, 0x30, 0x01, 0x20, 0x4e, 0xee, 0xee, 0x20, 0x1e, 0xee, 0xee, 0x50, 0xbe, 0xee, 0xe8, 0x8e, 0xee, 0xec, 0x4b, 0x00, 0x62,
    0x1d, 0x10, 0x44, 0xb4, 0x27, 0x78, 0x08, 0x04, 0x99, 0x50, 0x4e, 0x54, 0xd5, 0x01, 0x00, 0x78, 0x17, 0xbd, 0xd8, 0x8a, 0x20, 0x78, 0xa6, 0x00,
    0xb8, 0x3d, 0xcc, 0xa8, 0x00, 0x20, 0x00, 0x02, 0x8a, 0x70, 0x1e, 0x74, 0xa8, 0x01, 0x00, 0x4c, 0x06, 0xad, 0xdc, 0x5c, 0x30, 0x3c, 0x6a, 0x00,
    0x8c, 0x1b, 0xdc, 0x9c, 0x00, 0x11, 0x00, 0x01, 0x7a, 0x82, 0x00, 0xba, 0x48, 0xc0, 0x01, 0x00, 0x0f, 0x10, 0x4a, 0xcc, 0xf1, 0x1e, 0x41, 0x0e,
    0x12, 0xd0, 0x04, 0xf1, 0x09, 0xdc, 0x9e, 0x10, 0x01, 0x10, 0x00, 0x05, 0x99, 0x30, 0x7c, 0x55, 0xe2, 0x11, 0x00, 0xb4, 0x29, 0xcd, 0xe5, 0xc7,
    0x10, 0xb5, 0xd3, 0x02, 0xe5, 0x5e, 0xcc, 0xb5, 0x01, 0x20, 0x00, 0x47, 0x00, 0x00, 0x06, 0x90, 0x00, 0x00, 0x69, 0x5a, 0x71, 0x06, 0xd9, 0x49,
    0xb0, 0x6d, 0x00, 0x0d, 0x36, 0xa0, 0x00, 0xa6, 0x6b, 0x00, 0x0b, 0x56, 0xf3, 0x03, 0xe1, 0x6a, 0xbc, 0xe5, 0x00, 0x00, 0x20, 0x00, 0x1a, 0x00,
    0x00, 0x02, 0xd0, 0x00, 0x00, 0x2d, 0x39, 0x82, 0x02, 0xea, 0x47, 0xd1, 0x2f, 0x10, 0x09, 0x72, 0xd0, 0x00, 0x69, 0x2e, 0x00, 0x07, 0x92, 0xf6,
    0x01, 0xd4, 0x2d, 0x9c, 0xe8, 0x00, 0x00, 0x11, 0x00, 0xa1, 0x00, 0x00, 0xd2, 0x00, 0x00, 0xd3, 0x89, 0x40, 0xdc, 0x55, 0xd4, 0xd5, 0x00, 0x5b,
    0xd2, 0x00, 0x2d, 0xd3, 0x00, 0x3c, 0xda, 0x00, 0xa8, 0xd7, 0xdd, 0xb1, 0x00, 0x11, 0x00, 0x74, 0x00, 0x00, 0x09, 0x60, 0x00, 0x00, 0x96, 0x7a,
    0x60, 0x09, 0xd6, 0x4b, 0x80, 0x99, 0x00, 0x2e, 0x09, 0x60, 0x00, 0xd2, 0x97, 0x00, 0x0e, 0x19, 0xd1, 0x06, 0xc0, 0x98, 0xdc, 0xd2, 0x00, 0x00,
    0x20, 0x00, 0x02, 0x89, 0x60, 0x1d, 0x74, 0xb8, 0x88, 0x00, 0x15, 0xa5, 0x00, 0x00, 0x96, 0x00, 0x00, 0x5c, 0x10, 0x6a, 0x08, 0xdc, 0xd2, 0x00,
    0x12, 0x00, 0x01, 0x7a, 0x71, 0x0b, 0x94, 0x9b, 0x4c, 0x00, 0x06, 0x69, 0x00, 0x00, 0x6a, 0x00, 0x00, 0x1e, 0x20, 0x2d, 0x05, 0xdc, 0xd5, 0x00,
    0x02, 0x00, 0x00, 0x59, 0x82, 0x00, 0x8b, 0x46, 0xd1, 0x1e, 0x10, 0x04, 0x23, 0xd0, 0x00, 0x00, 0x2e, 0x00, 0x00, 0x00, 0xc6, 0x01, 0xc3, 0x02,
    0xcc, 0xd8, 0x00, 0x00, 0x21, 0x00, 0x03, 0x99, 0x40, 0x4d, 0x55, 0xd4, 0xb5, 0x00, 0x33, 0xe1, 0x00, 0x00, 0xd2, 0x00, 0x00, 0x89, 0x00, 0x97,
    0x1a, 0xdd, 0xb1, 0x00, 0x11, 0x00, 0x00, 0x00, 0x0a, 0x10, 0x00, 0x00, 0xe1, 0x02, 0x99, 0x3e, 0x12, 0xe6, 0x4a, 0xe1, 0x88, 0x00, 0x2f, 0x1a,
    0x50, 0x00, 0xe1, 0x96, 0x00, 0x0f, 0x15, 0xc1, 0x06, 0xf1, 0x09, 0xec, 0x8d, 0x10, 0x01, 0x10, 0x00, 0x00, 0x00, 0x08, 0x40, 0x00, 0x00, 0xa5,
    0x01, 0x8a, 0x5a, 0x50, 0xc9, 0x49, 0xd5, 0x4c, 0x00, 0x0d, 0x56, 0x90, 0x00, 0xa5, 0x6a, 0x00, 0x0b, 0x52, 0xe2, 0x03, 0xf5, 0x05, 0xec, 0xba,
    0x50, 0x00, 0x20, 0x00, 0x00, 0x00, 0x05, 0x70, 0x00, 0x00, 0x69, 0x00, 0x6a, 0x76, 0x90, 0x8b, 0x47, 0xd9, 0x1e, 0x10, 0x09, 0x93, 0xd0, 0x00,
    0x69, 0x2e, 0x00, 0x07, 0x90, 0xc5, 0x01, 0xd9, 0x03, 0xdc, 0xc8, 0x90, 0x00, 0x20, 0x00, 0x00, 0x00, 0x29, 0x00, 0x00, 0x3d, 0x04, 0x98, 0x4d,
    0x5d, 0x55, 0xcd, 0xc4, 0x00, 0x5d, 0xe1, 0x00, 0x3d, 0xd2, 0x00, 0x4d, 0x99, 0x00, 0xad, 0x1b, 0xdd, 0x7d, 0x00, 0x11, 0x00, 0x02, 0x89, 0x50,
    0x01, 0xd6, 0x4b, 0x70, 0x87, 0x00, 0x2e, 0x0a, 0xdc, 0xcc, 0xf1, 0x97, 0x11, 0x11, 0x05, 0xc1, 0x03, 0x90, 0x08, 0xdc, 0xd4, 0x00, 0x01, 0x20,
    0x00, 0x01, 0x7a, 0x71, 0x00, 0xb8, 0x49, 0xb0, 0x4b, 0x00, 0x0d, 0x36, 0xec, 0xcc, 0xe5, 0x6a, 0x11, 0x11, 0x01, 0xe2, 0x01, 0xa1, 0x05, 0xdc,
    0xe7, 0x00, 0x00, 0x21, 0x00, 0x00, 0x59, 0x82, 0x00, 0x8b, 0x47, 0xd1, 0x1e, 0x10, 0x09, 0x73, 0xfc, 0xcc, 0xd8, 0x2d, 0x11, 0x11, 0x10, 0xc5,
    0x00, 0x83, 0x02, 0xcc, 0xda, 0x10, 0x00, 0x11, 0x00, 0x04, 0x99, 0x30, 0x4d, 0x55, 0xd4, 0xb4, 0x00, 0x5a, 0xec, 0xcc, 0xdc, 0xd3, 0x11, 0x11,
    0x89, 0x00, 0x66, 0x1a, 0xdc, 0xc2, 0x00, 0x11, 0x00, 0x00, 0x11, 0x07, 0xda, 0x0d, 0x30, 0x8e, 0x95, 0x4e, 0x63, 0x0d, 0x20, 0x0d, 0x20, 0x0d,
    0x20, 0x0d, 0x20, 0x0d, 0x20, 0x00, 0x11, 0x00, 0x4e, 0xc1, 0x09, 0x70, 0x06, 0xdb, 0x70, 0x3b, 0x94, 0x00, 0x96, 0x00, 0x09, 0x60, 0x00, 0x96,
    0x00, 0x09, 0x60, 0x00, 0x96, 0x00, 0x00, 0x02, 0x00, 0x1d, 0xc4, 0x05, 0xa0, 0x04, 0xbd, 0x81, 0x29, 0xb5, 0x00, 0x69, 0x00, 0x06, 0x90, 0x00,
    0x69, 0x00, 0x06, 0x90, 0x00, 0x69, 0x00, 0x00, 0x01, 0x10, 0x0a, 0xd7, 0x02, 0xe0, 0x02, 0x9e, 0x83, 0x16, 0xe5, 0x20, 0x2d, 0x00, 0x02, 0xd0,
    0x00, 0x2d, 0x00, 0x02, 0xd0, 0x00, 0x2d, 0x00, 0x02, 0x99, 0x38, 0x12, 0xe6, 0x4a, 0xe1, 0x88, 0x00, 0x2f, 0x1a, 0x50, 0x00, 0xe1, 0x97, 0x00,
    0x1f, 0x14, 0xd3, 0x19, 0xf1, 0x05, 0xcc, 0x5e, 0x10, 0x20, 0x01, 0xf1, 0x3e, 0x75, 0xba, 0x00, 0x27, 0x85, 0x00, 0x01, 0x89, 0x56, 0x30, 0xc8,
    0x49, 0xd5, 0x4c, 0x00, 0x0d, 0x56, 0x90, 0x00, 0xb5, 0x5a, 0x00, 0x0c, 0x51, 0xe5, 0x16, 0xe5, 0x03, 0xbd, 0x8a, 0x50, 0x20, 0x00, 0xb4, 0x0d,
    0x85, 0x9d, 0x10, 0x17, 0x86, 0x10, 0x00, 0x6a, 0x74, 0x50, 0x9b, 0x47, 0xd8, 0x1e, 0x10, 0x0a, 0x83, 0xd0, 0x00, 0x78, 0x2e, 0x00, 0x08, 0x80,
    0xb8, 0x13, 0xd8, 0x01, 0xad, 0xa8, 0x80, 0x10, 0x00, 0x88, 0x0a, 0xb5, 0x7e, 0x30, 0x05, 0x87, 0x20, 0x04, 0x98, 0x27, 0x5d, 0x55, 0xcc, 0xc4,
    0x00, 0x6c, 0xe1, 0x00, 0x3c, 0xd3, 0x00, 0x5c, 0x8b, 0x12, 0xbc, 0x08, 0xdc, 0x6c, 0x01, 0x00, 0x4c, 0x6d, 0x66, 0xd6, 0x04, 0x88, 0x40, 0x47,
    0x00, 0x00, 0x69, 0x00, 0x00, 0x69, 0x59, 0x71, 0x6d, 0x85, 0xb9, 0x6b, 0x00, 0x3d, 0x69, 0x00, 0x2d, 0x69, 0x00, 0x2d, 0x69, 0x00, 0x2d, 0x69,
    0x00, 0x2d, 0x1a, 0x00, 0x00, 0x02, 0xd0, 0x00, 0x00, 0x2d, 0x39, 0x82, 0x02, 0xe9, 0x59, 0xd0, 0x2e, 0x00, 0x0e, 0x22, 0xd0, 0x00, 0xd2, 0x2d,
    0x00, 0x0d, 0x22, 0xd0, 0x00, 0xd2, 0x2d, 0x00, 0x0d, 0x20, 0xa1, 0x00, 0x00, 0xd2, 0x00, 0x00, 0xd3, 0x89, 0x30, 0xdb, 0x56, 0xe2, 0xd3, 0x00,
    0xa5, 0xd2, 0x00, 0x96, 0xd2, 0x00, 0x96, 0xd2, 0x00, 0x96, 0xd2, 0x00, 0x96, 0x74, 0x00, 0x00, 0x96, 0x00, 0x00, 0x96, 0x79, 0x50, 0x9c, 0x65,
    0xd5, 0x97, 0x00, 0x79, 0x96, 0x00, 0x69, 0x96, 0x00, 0x69, 0x96, 0x00, 0x69, 0x96, 0x00, 0x69, 0x7b, 0x23, 0x35, 0x69, 0x69, 0x69, 0x69, 0x69,
    0x69, 0x3e, 0x11, 0x50, 0x17, 0x02, 0xd0, 0x2d, 0x02, 0xd0, 0x2d, 0x02, 0xd0, 0x2d, 0x00, 0xe4, 0x41, 0x71, 0xd2, 0xd2, 0xd2, 0xd2, 0xd2, 0xd2,
    0xa8, 0x32, 0x53, 0x96, 0x96, 0x96, 0x96, 0x96, 0x96, 0x07, 0xb0, 0x23, 0x03, 0x50, 0x69, 0x06, 0x90, 0x69, 0x06, 0x90, 0x69, 0x06, 0x90, 0x69,
    0x3c, 0x63, 0x50, 0x03, 0xe1, 0x01, 0x50, 0x01, 0x70, 0x02, 0xd0, 0x02, 0xd0, 0x02, 0xd0, 0x02, 0xd0, 0x02, 0xd0, 0x02, 0xd0, 0x02, 0xd0, 0x1a,
    0xa0, 0x16, 0x10, 0x0e, 0x40, 0x41, 0x07, 0x10, 0xd2, 0x0d, 0x20, 0xd2, 0x0d, 0x20, 0xd2, 0x0d, 0x20, 0xd2, 0x7d, 0x06, 0x20, 0x0a, 0x80, 0x32,
    0x05, 0x30, 0x96, 0x09, 0x60, 0x96, 0x09, 0x60, 0x96, 0x09, 0x60, 0xa6, 0x5e, 0x34, 0x30, 0x47, 0x00, 0x00, 0x69, 0x00, 0x00, 0x69, 0x00, 0x65,
    0x69, 0x06, 0xb1, 0x69, 0x6c, 0x10, 0x6d, 0xf5, 0x00, 0x6c, 0x4e, 0x20, 0x69, 0x06, 0xc1, 0x69, 0x00, 0x9a, 0x1a, 0x00, 0x00, 0x02, 0xd0, 0x00,
    0x00, 0x2d, 0x00, 0x37, 0x02, 0xd0, 0x3d, 0x20, 0x2d, 0x3d, 0x30, 0x02, 0xee, 0x90, 0x00, 0x2e, 0x3d, 0x50, 0x02, 0xd0, 0x3e, 0x30, 0x2d, 0x00,
    0x5d, 0x10, 0x91, 0x00, 0x00, 0xd2, 0x00, 0x00, 0xd2, 0x01, 0x81, 0xd2, 0x1c, 0x50, 0xd3, 0xc5, 0x00, 0xdd, 0xc0, 0x00, 0xd4, 0xa9, 0x00, 0xd2,
    0x1d, 0x60, 0xd2, 0x02, 0xe3, 0x74, 0x00, 0x00, 0x96, 0x00, 0x00, 0x96, 0x00, 0x73, 0x96, 0x0a, 0x80, 0x96, 0x99, 0x00, 0x9d, 0xe2, 0x00, 0x98,
    0x7c, 0x10, 0x96, 0x0a, 0x90, 0x96, 0x01, 0xc6, 0x47, 0x69, 0x69, 0x69, 0x69, 0x69, 0x69, 0x69, 0x69, 0x1a, 0x2d, 0x2d, 0x2d, 0x2d, 0x2d, 0x2d,
    0x2d, 0x2d, 0xa1, 0xd2, 0xd2, 0xd2, 0xd2, 0xd2, 0xd2, 0xd2, 0xd2, 0x74, 0x96, 0x96, 0x96, 0x96, 0x96, 0x96, 0x96, 0x96, 0x35, 0x69, 0x51, 0x89,
    0x30, 0x6d, 0x75, 0xeb, 0x57, 0xe1, 0x6b, 0x00, 0x97, 0x00, 0xc3, 0x69, 0x00, 0x97, 0x00, 0xc3, 0x69, 0x00, 0x97, 0x00, 0xc3, 0x69, 0x00, 0x97,
    0x00, 0xc3, 0x69, 0x00, 0x97, 0x00, 0xc3, 0x17, 0x49, 0x70, 0x69, 0x50, 0x2e, 0x95, 0xcc, 0x65, 0xe4, 0x2e, 0x00, 0x5b, 0x00, 0x97, 0x2d, 0x00,
    0x5a, 0x00, 0x87, 0x2d, 0x00, 0x5a, 0x00, 0x87, 0x2d, 0x00, 0x5a, 0x00, 0x87, 0x2d, 0x00, 0x5a, 0x00, 0x87, 0x73, 0x88, 0x14, 0x97, 0x0d, 0xa5,
    0x9c, 0x95, 0xc7, 0xd3, 0x01, 0xe0, 0x05, 0xad, 0x20, 0x1e, 0x00, 0x5a, 0xd2, 0x01, 0xe0, 0x05, 0xad, 0x20, 0x1e, 0x00, 0x5a, 0xd2, 0x01, 0xe0,
    0x05, 0xa0, 0x53, 0x79, 0x32, 0x98, 0x19, 0xc5, 0x7d, 0xa5, 0x9b, 0x97, 0x00, 0xd3, 0x01, 0xe9, 0x60, 0x0c, 0x30, 0x1e, 0x96, 0x00, 0xc3, 0x01,
    0xe9, 0x60, 0x0c, 0x30, 0x1e, 0x96, 0x00, 0xc3, 0x01, 0xe0, 0x35, 0x59, 0x70, 0x6d, 0x85, 0xc8, 0x6b, 0x00, 0x4c, 0x69, 0x00, 0x3c, 0x69, 0x00,
    0x3c, 0x69, 0x00, 0x3c, 0x69, 0x00, 0x3c, 0x17, 0x39, 0x81, 0x02, 0xe9, 0x59, 0xc0, 0x2e, 0x00, 0x0f, 0x12, 0xd0, 0x00, 0xe1, 0x2d, 0x00, 0x0e,
    0x12, 0xd0, 0x00, 0xe1, 0x2d, 0x00, 0x0e, 0x10, 0x72, 0x89, 0x30, 0xda, 0x57, 0xe1, 0xd3, 0x00, 0xb4, 0xd2, 0x00, 0xa5, 0xd2, 0x00, 0xa5, 0xd2,
    0x00, 0xa5, 0xd2, 0x00, 0xa5, 0x53, 0x79, 0x50, 0x9c, 0x65, 0xe4, 0x97, 0x00, 0x88, 0x96, 0x00, 0x78, 0x96, 0x00, 0x78, 0x96, 0x00, 0x78, 0x96,
    0x00, 0x78, 0x02, 0x89, 0x60, 0x02, 0xd7, 0x4b, 0x90, 0x88, 0x00, 0x1e, 0x1a, 0x50, 0x00, 0xc4, 0x96, 0x00, 0x0d, 0x35, 0xc1, 0x04, 0xd0, 0x08,
    0xdc, 0xd3, 0x00, 0x01, 0x20, 0x00, 0x01, 0x7a, 0x71, 0x00, 0xb9, 0x48, 0xc0, 0x4c, 0x00, 0x0b, 0x56, 0x90, 0x00, 0x87, 0x6a, 0x00, 0x09, 0x61,
    0xe2, 0x02, 0xe2, 0x05, 0xdc, 0xd5, 0x00, 0x00, 0x20, 0x00, 0x00, 0x59, 0x82, 0x00, 0x8b, 0x46, 0xd2, 0x1e, 0x10, 0x07, 0x93, 0xd0, 0x00, 0x4b,
    0x2e, 0x00, 0x05, 0xa0, 0xc5, 0x00, 0xc5, 0x02, 0xcc, 0xd8, 0x00, 0x00, 0x21, 0x00, 0x03, 0x99, 0x40, 0x4d, 0x55, 0xd5, 0xb5, 0x00, 0x4c, 0xe1,
    0x00, 0x0f, 0xd2, 0x00, 0x1e, 0x89, 0x00, 0x89, 0x1a, 0xdd, 0xb1, 0x00, 0x11, 0x00, 0x35, 0x59, 0x71, 0x06, 0xd9, 0x49, 0xb0, 0x6c, 0x00, 0x0d,
    0x36, 0x90, 0x00, 0xa6, 0x6a, 0x00, 0x0b, 0x56, 0xe2, 0x03, 0xe1, 0x6a, 0xcc, 0xe5, 0x06, 0x90, 0x20, 0x00, 0x69, 0x00, 0x00, 0x02, 0x40, 0x00,
    0x00, 0x17, 0x39, 0x82, 0x02, 0xea, 0x57, 0xd1, 0x2f, 0x10, 0x09, 0x72, 0xd0, 0x00, 0x69, 0x2e, 0x00, 0x07, 0x92, 0xf5, 0x01, 0xd4, 0x2d, 0x9c,
    0xe8, 0x02, 0xd0, 0x11, 0x00, 0x2d, 0x00, 0x00, 0x01, 0x60, 0x00, 0x00, 0x72, 0x89, 0x30, 0xdb, 0x56, 0xd4, 0xd5, 0x00, 0x5b, 0xd2, 0x00, 0x2d,
    0xd3, 0x00, 0x3c, 0xd9, 0x00, 0xa8, 0xd8, 0xdd, 0xb1, 0xd2, 0x11, 0x00, 0xd2, 0x00, 0x00, 0x61, 0x00, 0x00, 0x53, 0x79, 0x50, 0x09, 0xc7, 0x5c,
    0x70, 0x99, 0x00, 0x2e, 0x09, 0x60, 0x00, 0xd2, 0x97, 0x00, 0x0e, 0x19, 0xc1, 0x06, 0xc0, 0x98, 0xdc, 0xd2, 0x09, 0x60, 0x20, 0x00, 0x96, 0x00,
    0x00, 0x04, 0x20, 0x00, 0x00, 0x02, 0x89, 0x28, 0x12, 0xe7, 0x5b, 0xe1, 0x88, 0x00, 0x2f, 0x1a, 0x50, 0x00, 0xe1, 0x96, 0x00, 0x1f, 0x15, 0xc1,
    0x07, 0xf1, 0x09, 0xdc, 0x8e, 0x10, 0x01, 0x10, 0xe1, 0x00, 0x00, 0x0e, 0x10, 0x00, 0x00, 0x60, 0x01, 0x79, 0x46, 0x30, 0xc9, 0x4a, 0xd5, 0x4c,
    0x00, 0x0d, 0x56, 0x90, 0x00, 0xb5, 0x6a, 0x00, 0x0c, 0x52, 0xe2, 0x03, 0xf5, 0x06, 0xec, 0xbb, 0x50, 0x00, 0x20, 0xa5, 0x00, 0x00, 0x0a, 0x50,
    0x00, 0x00, 0x52, 0x00, 0x69, 0x64, 0x50, 0x8b, 0x57, 0xd9, 0x1e, 0x10, 0x0a, 0x93, 0xd0, 0x00, 0x79, 0x2e, 0x00, 0x08, 0x90, 0xd5, 0x01, 0xd9,
    0x03, 0xdc, 0xc9, 0x90, 0x00, 0x20, 0x79, 0x00, 0x00, 0x07, 0x90, 0x00, 0x00, 0x34, 0x04, 0x98, 0x27, 0x5d, 0x56, 0xcc, 0xc4, 0x00, 0x6c, 0xe1,
    0x00, 0x3c, 0xd2, 0x00, 0x4c, 0x99, 0x00, 0xac, 0x1b, 0xdd, 0x8c, 0x00, 0x11, 0x3c, 0x00, 0x00, 0x3c, 0x00, 0x00, 0x15, 0x35, 0x68, 0x6e, 0x84,
    0x6b, 0x00, 0x69, 0x00, 0x69, 0x00, 0x69, 0x00, 0x69, 0x00, 0x17, 0x49, 0x12, 0xea, 0x51, 0x2e, 0x00, 0x02, 0xd0, 0x00, 0x2d, 0x00, 0x02, 0xd0,
    0x00, 0x2d, 0x00, 0x00, 0x73, 0x94, 0xdb, 0x52, 0xd3, 0x00, 0xd2, 0x00, 0xd2, 0x00, 0xd2, 0x00, 0xd2, 0x00, 0x54, 0x86, 0x9d, 0x63, 0x97, 0x00,
    0x96, 0x00, 0x96, 0x00, 0x96, 0x00, 0x96, 0x00, 0x04, 0x99, 0x30, 0x4d, 0x55, 0xd2, 0x6a, 0x00, 0x10, 0x1b, 0xd9, 0x40, 0x00, 0x15, 0xd3, 0x66,
    0x00, 0xb5, 0x2c, 0xcd, 0xa0, 0x00, 0x11, 0x00, 0x02, 0x89, 0x50, 0x1e, 0x64, 0xc5, 0x2d, 0x10, 0x10, 0x08, 0xea, 0x60, 0x00, 0x14, 0xb7, 0x39,
    0x00, 0x89, 0x0a, 0xdc, 0xc2, 0x00, 0x11, 0x00, 0x01, 0x7a, 0x70, 0x0b, 0x94, 0xa9, 0x0d, 0x30, 0x01, 0x05, 0xdb, 0x71, 0x00, 0x03, 0x9b, 0x1a,
    0x10, 0x4c, 0x07, 0xec, 0xd4, 0x00, 0x12, 0x00, 0x06, 0x98, 0x20, 0x7b, 0x47, 0xc0, 0xa7, 0x00, 0x10, 0x3c, 0xc8, 0x20, 0x00, 0x26, 0xe1, 0x83,
    0x01, 0xe1, 0x4d, 0xcd, 0x70, 0x00, 0x21, 0x00, 0x02, 0x00, 0x0e, 0x10, 0x8f, 0x94, 0x4e, 0x52, 0x0e, 0x10, 0x0e, 0x10, 0x0e, 0x10, 0x0e, 0x30,
    0x07, 0xe7, 0x01, 0x10, 0x0a, 0x50, 0x6d, 0xb6, 0x3c, 0x83, 0x0a, 0x50, 0x0a, 0x50, 0x0a, 0x50, 0x0a, 0x60, 0x04, 0xeb, 0x01, 0x10, 0x07, 0x90,
    0x3b, 0xc8, 0x29, 0xb5, 0x07, 0x90, 0x07, 0x90, 0x07, 0x90, 0x06, 0xa0, 0x02, 0xde, 0x00, 0x01, 0x00, 0x20, 0x00, 0x3c, 0x00, 0x1a, 0xe8, 0x21,
    0x7d, 0x51, 0x03, 0xc0, 0x00, 0x3c, 0x00, 0x03, 0xc0, 0x00, 0x2d, 0x00, 0x00, 0xaf, 0x40, 0x00, 0x10, 0x35, 0x00, 0x26, 0x69, 0x00, 0x4b, 0x69,
    0x00, 0x4b, 0x69, 0x00, 0x4b, 0x6a, 0x00, 0x4b, 0x4d, 0x11, 0xab, 0x0a, 0xfd, 0x7b, 0x00, 0x10, 0x00, 0x17, 0x00, 0x08, 0x2d, 0x00, 0x0f, 0x2d,
    0x00, 0x0f, 0x2d, 0x00, 0x0f, 0x2d, 0x00, 0x1f, 0x1e, 0x40, 0x7f, 0x07, 0xfe, 0x6f, 0x71, 0x00, 0x62, 0xd2, 0x00, 0xb4, 0xd2, 0x00, 0xb4, 0xd2,
    0x00, 0xb4, 0xd2, 0x00, 0xc4, 0xb7, 0x04, 0xe4, 0x4e, 0xe9, 0xb4, 0x00, 0x10, 0x00, 0x63, 0x00, 0x54, 0xa5, 0x00, 0x97, 0xa5, 0x00, 0x97, 0xa5,
    0x00, 0x97, 0xa5, 0x00, 0x97, 0x9a, 0x02, 0xd7, 0x2d, 0xfb, 0x97, 0x00, 0x10, 0x00, 0x62, 0x00, 0x27, 0x79, 0x00, 0x79, 0x2e, 0x00, 0xc4, 0x0b,
    0x42, 0xd0, 0x06, 0x97, 0x70, 0x01, 0xdd, 0x20, 0x00, 0xab, 0x00, 0x44, 0x00, 0x07, 0x14, 0xc0, 0x03, 0xd0, 0x0d, 0x30, 0x87, 0x00, 0x88, 0x0d,
    0x20, 0x02, 0xd4, 0xb0, 0x00, 0x0b, 0xc6, 0x00, 0x00, 0x6e, 0x10, 0x00, 0x26, 0x00, 0x06, 0x31, 0xe1, 0x00, 0xe2, 0x09, 0x60, 0x5b, 0x00, 0x4c,
    0x0a, 0x60, 0x00, 0xd2, 0xe1, 0x00, 0x08, 0xc9, 0x00, 0x00, 0x2f, 0x40, 0x00, 0x81, 0x00, 0x45, 0xb5, 0x00, 0xb5, 0x6a, 0x01, 0xe1, 0x1e, 0x16,
    0x90, 0x09, 0x5b, 0x40, 0x04, 0xcd, 0x00, 0x00, 0xd8, 0x00, 0x62, 0x00, 0x82, 0x01, 0x88, 0x70, 0x3f, 0x60, 0x4b, 0x4b, 0x08, 0x9b, 0x09, 0x70,
    0xe1, 0xc2, 0xd0, 0xd2, 0x0a, 0x6c, 0x0a, 0x6c, 0x00, 0x5e, 0x80, 0x5e, 0x80, 0x01, 0xf4, 0x01, 0xf3, 0x00, 0x44, 0x00, 0x64, 0x00, 0x72, 0x5b,
    0x00, 0xea, 0x01, 0xe1, 0x1e, 0x14, 0xad, 0x05, 0xa0, 0x0a, 0x48, 0x5a, 0x39, 0x60, 0x06, 0x9c, 0x16, 0x8d, 0x10, 0x01, 0xec, 0x02, 0xec, 0x00,
    0x00, 0xc7, 0x00, 0xc7, 0x00, 0x26, 0x00, 0x46, 0x00, 0x54, 0x1e, 0x00, 0xbe, 0x00, 0xc4, 0x0b, 0x41, 0xdb, 0x31, 0xe0, 0x07, 0x84, 0x96, 0x75,
    0xa0, 0x02, 0xc8, 0x52, 0xba, 0x50, 0x00, 0xdd, 0x10, 0xce, 0x10, 0x00, 0x8b, 0x00, 0x8b, 0x00, 0x80, 0x02, 0x80, 0x03, 0x6c, 0x30, 0x7f, 0x30,
    0x87, 0x88, 0x0b, 0x97, 0x0c, 0x33, 0xc1, 0xd3, 0xb2, 0xd0, 0x0d, 0x69, 0x0d, 0x69, 0x00, 0x9e, 0x40, 0x9e, 0x40, 0x04, 0xe1, 0x05, 0xe0, 0x00,
    0x55, 0x00, 0x54, 0x2d, 0x12, 0xd1, 0x07, 0x9a, 0x50, 0x00, 0xdb, 0x00, 0x03, 0xdd, 0x20, 0x0c, 0x56, 0xb0, 0x7b, 0x00, 0xc5, 0x37, 0x00, 0x36,
    0x0c, 0x40, 0xc4, 0x03, 0xc7, 0x90, 0x00, 0x9e, 0x10, 0x01, 0xdc, 0x50, 0x08, 0x83, 0xd1, 0x3d, 0x10, 0x89, 0x18, 0x10, 0x18, 0x09, 0x80, 0x98,
    0x01, 0xd5, 0xc0, 0x00, 0x6f, 0x40, 0x00, 0xac, 0x90, 0x05, 0xc1, 0xd3, 0x1d, 0x30, 0x4d, 0x73, 0x00, 0x72, 0x5b, 0x05, 0xb0, 0x0b, 0x6d, 0x20,
    0x02, 0xf8, 0x00, 0x06, 0xcc, 0x00, 0x2e, 0x2a, 0x70, 0xa7, 0x01, 0xe2, 0x63, 0x00, 0x27, 0x79, 0x00, 0x79, 0x2e, 0x00, 0xc3, 0x0b, 0x42, 0xd0,
    0x06, 0x98, 0x70, 0x01, 0xed, 0x20, 0x00, 0xab, 0x00, 0x00, 0xa6, 0x00, 0x28, 0xd1, 0x00, 0x26, 0x10, 0x00, 0x45, 0x00, 0x08, 0x13, 0xd0, 0x03,
    0xd0, 0x0d, 0x30, 0x87, 0x00, 0x78, 0x0d, 0x20, 0x02, 0xd4, 0xb0, 0x00, 0x0b, 0xc5, 0x00, 0x00, 0x6e, 0x10, 0x00, 0x06, 0x90, 0x00, 0x08, 0xd3,
    0x00, 0x01, 0x63, 0x00, 0x00, 0x27, 0x00, 0x06, 0x31, 0xe1, 0x00, 0xe2, 0x09, 0x60, 0x5b, 0x00, 0x4c, 0x0a, 0x50, 0x00, 0xd3, 0xe1, 0x00, 0x08,
    0xc9, 0x00, 0x00, 0x2f, 0x40, 0x00, 0x02, 0xd0, 0x00, 0x06, 0xc6, 0x00, 0x00, 0x64, 0x00, 0x00, 0x81, 0x00, 0x45, 0xb5, 0x00, 0xb5, 0x5a, 0x01,
    0xe1, 0x1e, 0x16, 0x90, 0x09, 0x6b, 0x40, 0x04, 0xcd, 0x00, 0x00, 0xd7, 0x00, 0x00, 0xd2, 0x00, 0x4a, 0xa0, 0x00, 0x46, 0x00, 0x00, 0x38, 0x88,
    0x83, 0x36, 0x67, 0xe4, 0x00, 0x0a, 0x80, 0x00, 0x6b, 0x00, 0x03, 0xd1, 0x00, 0x1d, 0x30, 0x00, 0x8f, 0xee, 0xe8, 0x18, 0x88, 0x85, 0x16, 0x66,
    0xd7, 0x00, 0x06, 0xb0, 0x00, 0x3d, 0x10, 0x01, 0xd4, 0x00, 0x0b, 0x70, 0x00, 0x4f, 0xee, 0xeb, 0x07, 0x88, 0x87, 0x00, 0x66, 0x6b, 0xb0, 0x00,
    0x03, 0xd1, 0x00, 0x01, 0xd4, 0x00, 0x00, 0xb7, 0x00, 0x00, 0x7b, 0x00, 0x00, 0x1f, 0xee, 0xee, 0x10, 0x58, 0x88, 0x81, 0x46, 0x69, 0xe1, 0x00,
    0x1d, 0x40, 0x00, 0xa7, 0x00, 0x07, 0xb0, 0x00, 0x4d, 0x10, 0x00, 0xcf, 0xee, 0xe4, 0x00, 0x03, 0x00, 0x0c, 0xa1, 0x02, 0xc0, 0x00, 0x3b, 0x00,
    0x03, 0xb0, 0x02, 0xa8, 0x00, 0x5c, 0x40, 0x00, 0x4b, 0x00, 0x03, 0xb0, 0x00, 0x3b, 0x00, 0x01, 0xe4, 0x00, 0x03, 0x91, 0x00, 0x02, 0x10, 0x08,
    0xc3, 0x00, 0xd1, 0x00, 0x0e, 0x00, 0x00, 0xe0, 0x01, 0x7b, 0x00, 0x2c, 0x70, 0x00, 0x1e, 0x00, 0x00, 0xe0, 0x00, 0x0e, 0x00, 0x00, 0xb7, 0x10,
    0x02, 0x83, 0x00, 0x22, 0x05, 0xd5, 0x0a, 0x50, 0x0a, 0x40, 0x0b, 0x40, 0x5d, 0x10, 0xba, 0x00, 0x0b, 0x30, 0x0a, 0x40, 0x0a, 0x40, 0x08, 0xa2,
    0x01, 0x75, 0x00, 0x13, 0x02, 0xd7, 0x06, 0x80, 0x07, 0x80, 0x07, 0x70, 0x4c, 0x40, 0x7b, 0x20, 0x08, 0x70, 0x07, 0x80, 0x06, 0x80, 0x04, 0xc3,
    0x00, 0x57, 0x61, 0xb2, 0xb2, 0xb2, 0xb2, 0xb2, 0xb2, 0xb2, 0xb2, 0xb2, 0xb2, 0xb2, 0xb2, 0xb2, 0x92, 0x43, 0x86, 0x86, 0x86, 0x86, 0x86, 0x86,
    0x86, 0x86, 0x86, 0x86, 0x86, 0x86, 0x86, 0x65, 0x25, 0x49, 0x49, 0x49, 0x49, 0x49, 0x49, 0x49, 0x49, 0x49, 0x49, 0x49, 0x49, 0x49, 0x38, 0x7d,
    0xdd, 0xdd, 0xdd, 0xdd, 0xdd, 0xdd, 0xb0, 0x22, 0x00, 0x5d, 0x50, 0x05, 0xa0, 0x04, 0xa0, 0x04, 0xb0, 0x01, 0xd5, 0x00, 0xab, 0x03, 0xb0, 0x04,
    0xa0, 0x04, 0xa0, 0x2a, 0x80, 0x57, 0x10, 0x12, 0x00, 0x03, 0xc8, 0x00, 0x01, 0xd0, 0x00, 0x0e, 0x00, 0x00, 0xe0, 0x00, 0x0b, 0x71, 0x00, 0x7c,
    0x20, 0x0e, 0x10, 0x00, 0xe0, 0x00, 0x0e, 0x00, 0x17, 0xb0, 0x03, 0x82, 0x00, 0x03, 0x00, 0x01, 0xac, 0x00, 0x00, 0xc2, 0x00, 0x0b, 0x30, 0x00,
    0xb3, 0x00, 0x08, 0xa2, 0x00, 0x4c, 0x50, 0x0b, 0x40, 0x00, 0xb3, 0x00, 0x0b, 0x30, 0x04, 0xe1, 0x01, 0x93, 0x00, 0x31, 0x00, 0x7d, 0x20, 0x08,
    0x60, 0x08, 0x70, 0x07, 0x70, 0x04, 0xc4, 0x02, 0xb7, 0x07, 0x80, 0x08, 0x70, 0x08, 0x60, 0x3c, 0x40, 0x75, 0x00, 0x04, 0x83, 0x02, 0x32, 0xd6,
    0xd6, 0xa7, 0x24, 0x01, 0x88, 0x10, 0x38, 0x40, 0x04, 0xd6, 0xb9, 0x7b, 0x50, 0x07, 0x92, 0x17, 0x60, 0x04, 0x1a, 0x89, 0xb5, 0xe1, 0x51, 0x05,
    0x94, 0x00, 0x06, 0x71, 0x03, 0x26, 0xb7, 0xd5, 0xc4, 0x32, 0x03, 0x96, 0x00, 0x00, 0x18, 0xcd, 0xa4, 0x00, 0x02, 0xd9, 0x32, 0x6d, 0x60, 0x0b,
    0x73, 0xbd, 0x72, 0xe3, 0x2d, 0x1e, 0x53, 0xb6, 0x88, 0x5b, 0x4b, 0x00, 0x11, 0x5a, 0x3c, 0x2e, 0x10, 0x85, 0x69, 0x0d, 0x47, 0xed, 0xc1, 0xd4,
    0x04, 0xe5, 0x12, 0x2b, 0xa0, 0x00, 0x3c, 0xed, 0xe7, 0x00, 0x00, 0x00, 0x12, 0x00, 0x00, 0x00, 0x06, 0xcd, 0xb6, 0x00, 0x00, 0xbb, 0x42, 0x5c,
    0xa0, 0x08, 0xa2, 0xad, 0xa1, 0xc6, 0x0e, 0x2b, 0x82, 0x9a, 0x4c, 0x1e, 0x1f, 0x00, 0x01, 0x1e, 0x0e, 0x1d, 0x40, 0x58, 0x3d, 0x0a, 0x84, 0xed,
    0xd3, 0x98, 0x02, 0xd7, 0x13, 0x18, 0xc1, 0x00, 0x2a, 0xed, 0xe9, 0x10, 0x00, 0x00, 0x12, 0x00, 0x00, 0x00, 0x4b, 0xdc, 0x71, 0x00, 0x08, 0xd5,
    0x23, 0xac, 0x10, 0x4d, 0x18, 0xdb, 0x38, 0xa0, 0xa6, 0x8b, 0x36, 0xd1, 0xe1, 0xc3, 0xc3, 0x00, 0x20, 0xc3, 0xb5, 0xa7, 0x02, 0xb0, 0xe2, 0x6b,
    0x2d, 0xde, 0x56, 0xc0, 0x0b, 0xa2, 0x21, 0x6e, 0x30, 0x01, 0x8e, 0xde, 0xb3, 0x00, 0x00, 0x00, 0x21, 0x00, 0x00, 0x00, 0x39, 0xdc, 0x92, 0x00,
    0x05, 0xe7, 0x23, 0x8e, 0x30, 0x1e, 0x36, 0xcc, 0x55, 0xd0, 0x6a, 0x4d, 0x44, 0xe3, 0xb4, 0x87, 0x87, 0x00, 0x11, 0x97, 0x78, 0x6b, 0x01, 0xb2,
    0xa5, 0x2e, 0x2a, 0xee, 0x92, 0xe1, 0x08, 0xc3, 0x22, 0x4d, 0x60, 0x00, 0x6d, 0xee, 0xd5, 0x00, 0x00, 0x00, 0x11, 0x00, 0x00, 0x08, 0xc7, 0x05,
    0xa2, 0xb4, 0x77, 0x08, 0x61, 0xcc, 0xc1, 0x00, 0x20, 0x00, 0x05, 0xc9, 0x12, 0xc2, 0x78, 0x3b, 0x04, 0xa0, 0xac, 0xd3, 0x00, 0x10, 0x00, 0x3b,
    0xb2, 0xd3, 0x4c, 0xd1, 0x1d, 0x6d, 0xd6, 0x01, 0x10, 0x1a, 0xc5, 0x09, 0x72, 0xd1, 0xa3, 0x0c, 0x23, 0xdc, 0x90, 0x00, 0x10, 0x00, 0x17, 0x04,
    0xe2, 0x07, 0x21, 0xe5, 0x54, 0xb8, 0x36, 0x7c, 0x00, 0x20, 0x11, 0x00, 0x01, 0xf3, 0x99, 0x00, 0x00, 0x20, 0x11, 0x00, 0x00, 0x0a, 0x50, 0x00,
    0x00, 0x3e, 0xc0, 0x00, 0x00, 0x87, 0xd2, 0x00, 0x00, 0xe2, 0x88, 0x00, 0x05, 0xb0, 0x3d, 0x00, 0x0a, 0xa6, 0x6e, 0x40, 0x1e, 0x88, 0x8a, 0x90,
    0x6a, 0x00, 0x02, 0xe1, 0xb5, 0x00, 0x00, 0xb5, 0x00, 0x10, 0x02, 0x00, 0x00, 0xc7, 0x6d, 0x00, 0x00, 0x10, 0x02, 0x00, 0x00, 0x07, 0x80, 0x00,
    0x00, 0x0e, 0xe1, 0x00, 0x00, 0x5b, 0x96, 0x00, 0x00, 0xa5, 0x4b, 0x00, 0x01, 0xe1, 0x0e, 0x20, 0x06, 0xc6, 0x6c, 0x70, 0x0c, 0x98, 0x88, 0xd0,
    0x3e, 0x00, 0x00, 0xd3, 0x88, 0x00, 0x00, 0x78, 0x00, 0x11, 0x02, 0x00, 0x00, 0x8a, 0x2f, 0x20, 0x00, 0x11, 0x02, 0x00, 0x00, 0x04, 0xa0, 0x00,
    0x00, 0x0a, 0xe4, 0x00, 0x00, 0x1e, 0x6a, 0x00, 0x00, 0x79, 0x1e, 0x10, 0x00, 0xc4, 0x0a, 0x60, 0x03, 0xf6, 0x6a, 0xb0, 0x08, 0xb8, 0x88, 0xe2,
    0x0e, 0x30, 0x00, 0x97, 0x4c, 0x00, 0x00, 0x4c, 0x00, 0x02, 0x02, 0x00, 0x00, 0x05, 0xe0, 0xd6, 0x00, 0x00, 0x02, 0x02, 0x00, 0x00, 0x00, 0x1b,
    0x20, 0x00, 0x00, 0x07, 0xe8, 0x00, 0x00, 0x00, 0xc5, 0xd0, 0x00, 0x00, 0x3d, 0x0c, 0x40, 0x00, 0x08, 0x70, 0x69, 0x00, 0x00, 0xe8, 0x67, 0xe1,
    0x00, 0x4d, 0x88, 0x8c, 0x50, 0x0a, 0x60, 0x00, 0x5b, 0x01, 0xe1, 0x00, 0x01, 0xe1, 0x00, 0x11, 0x02, 0x00, 0x00, 0x08, 0xa2, 0xf2, 0x00, 0x00,
    0x11, 0x02, 0x00, 0x00, 0x05, 0xbc, 0x92, 0x00, 0x08, 0xc5, 0x37, 0xe3, 0x02, 0xe1, 0x00, 0x06, 0xb0, 0x79, 0x00, 0x00, 0x1e, 0x18, 0x70, 0x00,
    0x00, 0xd2, 0x88, 0x00, 0x00, 0x0e, 0x14, 0xc0, 0x00, 0x04, 0xd0, 0x0c, 0x91, 0x03, 0xd5, 0x00, 0x1a, 0xed, 0xe6, 0x00, 0x00, 0x01, 0x20, 0x00,
    0x00, 0x00, 0x02, 0x02, 0x00, 0x00, 0x05, 0xe0, 0xd6, 0x00, 0x00, 0x02, 0x02, 0x00, 0x00, 0x03, 0xac, 0xa4, 0x00, 0x05, 0xe6, 0x36, 0xd6, 0x00,
    0xd4, 0x00, 0x03, 0xe1, 0x3c, 0x00, 0x00, 0x0b, 0x45, 0xb0, 0x00, 0x00, 0xa6, 0x4b, 0x00, 0x00, 0x0a, 0x51, 0xe1, 0x00, 0x01, 0xe2, 0x08, 0xb2,
    0x01, 0xb9, 0x00, 0x08, 0xed, 0xe9, 0x00, 0x00, 0x00, 0x20, 0x00, 0x00, 0x00, 0x02, 0x01, 0x10, 0x00, 0x01, 0xf3, 0x99, 0x00, 0x00, 0x02, 0x01,
    0x10, 0x00, 0x02, 0x9c, 0xb6, 0x00, 0x02, 0xe8, 0x34, 0xc9, 0x00, 0xa7, 0x00, 0x01, 0xd3, 0x0e, 0x10, 0x00, 0x08, 0x81, 0xe0, 0x00, 0x00, 0x69,
    0x0f, 0x00, 0x00, 0x07, 0x90, 0xc5, 0x00, 0x00, 0xb5, 0x04, 0xd3, 0x00, 0x8c, 0x00, 0x05, 0xde, 0xeb, 0x20, 0x00, 0x00, 0x21, 0x00, 0x00, 0x00,
    0x10, 0x02, 0x00, 0x00, 0xc7, 0x6d, 0x00, 0x00, 0x10, 0x02, 0x00, 0x01, 0x7b, 0xc8, 0x10, 0x0c, 0xa4, 0x49, 0xc1, 0x6b, 0x00, 0x00, 0xa7, 0xb5,
    0x00, 0x00, 0x4c, 0xc3, 0x00, 0x00, 0x2d, 0xb4, 0x00, 0x00, 0x3c, 0x89, 0x00, 0x00, 0x79, 0x1e, 0x60, 0x05, 0xe2, 0x03, 0xce, 0xed, 0x40, 0x00,
    0x01, 0x10, 0x00, 0x00, 0x11, 0x02, 0x00, 0x00, 0xa8, 0x4f, 0x00, 0x00, 0x11, 0x02, 0x00, 0x39, 0x00, 0x00, 0x66, 0x4c, 0x00, 0x00, 0x88, 0x4c,
    0x00, 0x00, 0x88, 0x4c, 0x00, 0x00, 0x88, 0x4c, 0x00, 0x00, 0x88, 0x4c, 0x00, 0x00, 0x88, 0x3d, 0x00, 0x00, 0x98, 0x0d, 0x70, 0x04, 0xe3, 0x02,
    0xce, 0xed, 0x50, 0x00, 0x01, 0x20, 0x00, 0x00, 0x10, 0x20, 0x00, 0x6c, 0x0f, 0x40, 0x00, 0x10, 0x20, 0x0b, 0x10, 0x00, 0x39, 0xf1, 0x00, 0x04,
    0xcf, 0x10, 0x00, 0x4c, 0xf1, 0x00, 0x04, 0xcf, 0x10, 0x00, 0x4c, 0xf1, 0x00, 0x04, 0xce, 0x20, 0x00, 0x5c, 0x9a, 0x10, 0x2c, 0x71, 0xae, 0xde,
    0x80, 0x00, 0x12, 0x00, 0x00, 0x00, 0x20, 0x11, 0x00, 0x03, 0xf1, 0xb7, 0x00, 0x00, 0x20, 0x11, 0x00, 0x83, 0x00, 0x00, 0xb1, 0xb5, 0x00, 0x00,
    0xf1, 0xb5, 0x00, 0x00, 0xf1, 0xb5, 0x00, 0x00, 0xf1, 0xb5, 0x00, 0x00, 0xf1, 0xb5, 0x00, 0x00, 0xf1, 0xb6, 0x00, 0x01, 0xf0, 0x6d, 0x20, 0x1a,
    0xa0, 0x07, 0xed, 0xea, 0x10, 0x00, 0x02, 0x10, 0x00, 0x00, 0x20, 0x11, 0x00, 0x00, 0xe5, 0x7b, 0x00, 0x00, 0x20, 0x11, 0x00, 0x66, 0x00, 0x00,
    0x83, 0x88, 0x00, 0x00, 0xb5, 0x88, 0x00, 0x00, 0xb5, 0x88, 0x00, 0x00, 0xb5, 0x88, 0x00, 0x00, 0xb5, 0x88, 0x00, 0x00, 0xb5, 0x7a, 0x00, 0x00,
    0xd4, 0x2e, 0x40, 0x07, 0xd1, 0x04, 0xde, 0xec, 0x30, 0x00, 0x01, 0x10, 0x00, 0x0a, 0x82, 0xe1, 0x03, 0x20, 0x50, 0x04, 0x99, 0x50, 0x4e, 0x54,
    0xd5, 0x01, 0x00, 0x78, 0x17, 0xbd, 0xd8, 0x8a, 0x20, 0x78, 0xa6, 0x00, 0xb8, 0x3d, 0xcc, 0xa8, 0x00, 0x20, 0x00, 0x06, 0xc0, 0xd4, 0x01, 0x30,
    0x41, 0x02, 0x8a, 0x70, 0x1e, 0x74, 0xa8, 0x01, 0x00, 0x4c, 0x06, 0xad, 0xdc, 0x5c, 0x30, 0x3c, 0x6a, 0x00, 0x8c, 0x1b, 0xdc, 0x9c, 0x00, 0x11,
    0x00, 0x02, 0xe1, 0xa8, 0x00, 0x05, 0x03, 0x20, 0x01, 0x7a, 0x82, 0x00, 0xb9, 0x48, 0xc0, 0x01, 0x00, 0x0f, 0x10, 0x4a, 0xcc, 0xf1, 0x1e, 0x41,
    0x0e, 0x12, 0xd0, 0x04, 0xf1, 0x09, 0xdc, 0x9e, 0x10, 0x01, 0x10, 0x00, 0x0d, 0x46, 0xb0, 0x04, 0x11, 0x30, 0x05, 0x99, 0x30, 0x8c, 0x55, 0xe2,
    0x11, 0x00, 0xb4, 0x29, 0xcd, 0xe5, 0xc7, 0x10, 0xb5, 0xd3, 0x02, 0xe5, 0x5e, 0xcc, 0xb5, 0x01, 0x20, 0x00, 0x08, 0xa2, 0xe2, 0x00, 0x23, 0x05,
    0x00, 0x02, 0x89, 0x60, 0x02, 0xd7, 0x4b, 0x90, 0x88, 0x00, 0x1e, 0x1a, 0x50, 0x00, 0xc4, 0x96, 0x00, 0x0d, 0x35, 0xc1, 0x04, 0xd0, 0x08, 0xdc,
    0xd3, 0x00, 0x01, 0x20, 0x00, 0x04, 0xd0, 0xc5, 0x00, 0x14, 0x04, 0x10, 0x01, 0x7a, 0x71, 0x00, 0xb9, 0x48, 0xc0, 0x4c, 0x00, 0x0b, 0x56, 0x90,
    0x00, 0x87, 0x6a, 0x00, 0x09, 0x61, 0xe2, 0x02, 0xe2, 0x05, 0xdc, 0xd5, 0x00, 0x00, 0x20, 0x00, 0x01, 0xe2, 0x99, 0x00, 0x04, 0x02, 0x20, 0x00,
    0x59, 0x82, 0x00, 0x8b, 0x46, 0xd2, 0x1e, 0x10, 0x07, 0x93, 0xd0, 0x00, 0x4b, 0x2e, 0x00, 0x05, 0xa0, 0xc5, 0x00, 0xc5, 0x02, 0xcc, 0xd8, 0x00,
    0x00, 0x21, 0x00, 0x0b, 0x65, 0xc0, 0x03, 0x11, 0x40, 0x03, 0x99, 0x40, 0x4d, 0x55, 0xd5, 0xb5, 0x00, 0x4c, 0xe1, 0x00, 0x0f, 0xd2, 0x00, 0x1e,
    0x89, 0x00, 0x89, 0x1a, 0xdd, 0xb1, 0x00, 0x11, 0x00, 0x0a, 0x82, 0xe1, 0x03, 0x20, 0x50, 0x35, 0x00, 0x26, 0x69, 0x00, 0x4b, 0x69, 0x00, 0x4b,
    0x69, 0x00, 0x4b, 0x6a, 0x00, 0x4b, 0x4d, 0x11, 0xab, 0x0a, 0xfd, 0x7b, 0x00, 0x10, 0x00, 0x06, 0xc0, 0xd4, 0x01, 0x30, 0x41, 0x17, 0x00, 0x08,
    0x2d, 0x00, 0x0f, 0x2d, 0x00, 0x0f, 0x2d, 0x00, 0x0f, 0x2d, 0x00, 0x1f, 0x1e, 0x40, 0x7f, 0x07, 0xfe, 0x6f, 0x2e, 0x1a, 0x80, 0x05, 0x03, 0x20,
    0x71, 0x00, 0x62, 0xd2, 0x00, 0xb4, 0xd2, 0x00, 0xb4, 0xd2, 0x00, 0xb4, 0xd2, 0x00, 0xc4, 0xb7, 0x04, 0xe4, 0x4e, 0xe9, 0xb4, 0x00, 0x10, 0x00,
    0x0e, 0x37, 0xb0, 0x04, 0x12, 0x30, 0x63, 0x00, 0x54, 0xa5, 0x00, 0x97, 0xa5, 0x00, 0x97, 0xa5, 0x00, 0x97, 0xa5, 0x00, 0x97, 0x9a, 0x02, 0xd7,
    0x2d, 0xfb, 0x97, 0x00, 0x10, 0x00, 0x17, 0x00, 0x62, 0x04, 0x44, 0xf2, 0x1e, 0x50, 0xba, 0x06, 0x20, 0x53, 0x02, 0x61, 0xe5, 0x0c, 0x90, 0x7d,
    0x44, 0x02, 0x60, 0x07, 0x1b, 0xa0, 0x7d, 0x02, 0xf3, 0x35, 0x01, 0x70, 0x06, 0x28, 0xd0, 0x4f, 0x20, 0xe6,
};
static const aag_t AF_S_G[420] = {
    {0, 45, 0, 0, 0, 0},
    {0, 45, 0, 0, 0, 0},
    {0, 45, 0, 0, 0, 0},
    {0, 45, 0, 0, 0, 0},
    {0, 48, 0, 3, 3, 9},
    {14, 48, 1, 3, 2, 9},
    {23, 48, 1, 3, 2, 9},
    {32, 48, 1, 3, 2, 9},
    {41, 80, 1, 3, 3, 4},
    {47, 80, 1, 3, 4, 4},
    {55, 80, 1, 3, 4, 4},
    {63, 80, 1, 3, 4, 4},
    {71, 112, 0, 3, 7, 9},
    {103, 112, 0, 3, 8, 9},
    {139, 112, 0, 3, 8, 9},
    {175, 112, 0, 3, 8, 9},
    {211, 113, 0, 2, 7, 12},
    {253, 113, 0, 2, 7, 12},
    {295, 113, 1, 2, 7, 11},
    {334, 113, 1, 2, 7, 12},
    {376, 147, 0, 3, 9, 10},
    {421, 147, 1, 3, 8, 10},
    {461, 147, 1, 3, 8, 10},
    {501, 147, 1, 3, 9, 10},
    {546, 114, 0, 3, 7, 10},
    {581, 114, 0, 3, 8, 10},
    {621, 114, 0, 3, 8, 10},
    {661, 114, 1, 3, 7, 10},
    {696, 48, 1, 3, 1, 4},
    {698, 48, 1, 3, 2, 4},
    {702, 48, 1, 3, 2, 4},
    {706, 48, 1, 3, 2, 4},
    {710, 60, 1, 2, 3, 12},
    {728, 60, 1, 2, 3, 12},
    {746, 60, 1, 2, 3, 12},
    {764, 60, 1, 2, 4, 12},
    {788, 60, 0, 2, 3, 12},
    {806, 60, 0, 2, 3, 12},
    {824, 60, 0, 2, 4, 12},
    {848, 60, 1, 2, 3, 12},
    {866, 87, 0, 3, 5, 6},
    {881, 87, 0, 3, 6, 6},
    {899, 87, 1, 3, 5, 6},
    {914, 87, 1, 3, 5, 6},
    {929, 118, 0, 5, 7, 7},
    {954, 118, 1, 5, 6, 7},
    {975, 118, 1, 5, 6, 7},
    {996, 118, 1, 5, 7, 7},
    {1021, 48, 0, 10, 2, 4},
    {1025, 48, 0, 10, 3, 4},
    {1031, 48, 1, 10, 2, 5},
    {1036, 48, 1, 10, 2, 5},
    {1041, 79, 0, 7, 5, 2},
    {1046, 79, 0, 7, 5, 2},
    {1051, 79, 1, 7, 4, 2},
    {1055, 79, 1, 7, 5, 2},
    {1060, 48, 0, 10, 3, 2},
    {1060, 48, 0, 10, 3, 2},
    {1060, 48, 0, 10, 3, 2},
    {1060, 48, 0, 10, 3, 2},
    {1063, 59, 0, 2, 4, 12},
    {1087, 59, 0, 2, 4, 12},
    {1111, 59, 0, 2, 5, 12},
    {1141, 59, 0, 2, 5, 12},
    {1171, 112, 0, 3, 7, 10},
    {1171, 112, 0, 3, 7, 10},
    {1171, 112, 0, 3, 7, 10},
    {1171, 112, 0, 3, 7, 10},
    {1206, 112, 1, 3, 4, 9},
    {1206, 112, 1, 3, 4, 9},
    {1206, 112, 1, 3, 4, 9},
    {1206, 112, 1, 3, 4, 9},
    {1224, 112, 0, 3, 7, 9},
    {1224, 112, 0, 3, 7, 9},
    {1224, 112, 0, 3, 7, 9},
    {1224, 112, 0, 3, 7, 9},
    {1256, 112, 0, 3, 7, 10},
    {1256, 112, 0, 3, 7, 10},
    {1256, 112, 0, 3, 7, 10},
    {1256, 112, 0, 3, 7, 10},
    {1291, 112, 0, 3, 7, 9},
    {1291, 112, 0, 3, 7, 9},
    {1291, 112, 0, 3, 7, 9},
    {1291, 112, 0, 3, 7, 9},
    {1323, 112, 0, 3, 7, 10},
    {1323, 112, 0, 3, 7, 10},
    {1323, 112, 0, 3, 7, 10},
    {1323, 112, 0, 3, 7, 10},
    {1358, 112, 0, 3, 7, 10},
    {1358, 112, 0, 3, 7, 10},
    {1358, 112, 0, 3, 7, 10},
    {1358, 112, 0, 3, 7, 10},
    {1393, 112, 0, 3, 7, 9},
    {1393, 112, 0, 3, 7, 9},
    {1393, 112, 0, 3, 7, 9},
    {1393, 112, 0, 3, 7, 9},
    {1425, 112, 0, 3, 7, 10},
    {1425, 112, 0, 3, 7, 10},
    {1425, 112, 0, 3, 7, 10},
    {1425, 112, 0, 3, 7, 10},
    {1460, 112, 0, 3, 7, 10},
    {1460, 112, 0, 3, 7, 10},
    {1460, 112, 0, 3, 7, 10},
    {1460, 112, 0, 3, 7, 10},
    {1495, 46, 0, 5, 3, 7},
    {1506, 46, 0, 5, 3, 7},
    {1517, 46, 1, 5, 2, 7},
    {1524, 46, 1, 5, 2, 7},
    {1531, 48, 0, 5, 3, 10},
    {1546, 48, 0, 5, 3, 9},
    {1560, 48, 1, 5, 2, 10},
    {1570, 48, 1, 5, 3, 10},
    {1585, 118, 0, 5, 7, 7},
    {1610, 118, 1, 5, 6, 7},
    {1631, 118, 1, 5, 6, 7},
    {1652, 118, 1, 5, 7, 7},
    {1677, 118, 1, 6, 6, 5},
    {1692, 118, 1, 6, 6, 5},
    {1707, 118, 1, 6, 6, 5},
    {1722, 118, 1, 6, 7, 5},
    {1740, 118, 0, 5, 7, 7},
    {1765, 118, 1, 5, 6, 7},
    {1786, 118, 1, 5, 6, 7},
    {1807, 118, 1, 5, 7, 7},
    {1832, 88, 0, 3, 6, 9},
    {1859, 88, 0, 3, 6, 9},
    {1886, 88, 0, 3, 6, 9},
    {1913, 88, 1, 3, 5, 9},
    {1936, 171, 0, 3, 11, 12},
    {2002, 171, 0, 3, 11, 12},
    {2068, 171, 0, 3, 11, 12},
    {2134, 171, 1, 3, 11, 12},
    {2200, 121, 0, 3, 8, 9},
    {2236, 121, 0, 3, 8, 9},
    {2272, 121, 0, 3, 8, 9},
    {2308, 121, 0, 3, 9, 9},
    {2349, 116, 0, 3, 7, 9},
    {2381, 116, 1, 3, 7, 9},
    {2413, 116, 1, 3, 7, 9},
    {2445, 116, 1, 3, 7, 9},
    {2477, 131, 0, 3, 8, 10},
    {2517, 131, 0, 3, 8, 10},
    {2557, 131, 0, 3, 9, 10},
    {2602, 131, 1, 3, 8, 10},
    {2642, 129, 0, 3, 8, 9},
    {2678, 129, 1, 3, 7, 9},
    {2710, 129, 1, 3, 8, 9},
    {2746, 129, 1, 3, 8, 9},
    {2782, 106, 0, 3, 7, 9},
    {2814, 106, 1, 3, 6, 9},
    {2841, 106, 1, 3, 6, 9},
    {2868, 106, 1, 3, 6, 9},
    {2895, 104, 0, 3, 6, 9},
    {2922, 104, 1, 3, 6, 9},
    {2949, 104, 1, 3, 6, 9},
    {2976, 104, 1, 3, 6, 9},
    {3003, 134, 0, 3, 8, 10},
    {3043, 134, 0, 3, 9, 10},
    {3088, 134, 0, 3, 9, 10},
    {3133, 134, 1, 3, 8, 10},
    {3173, 133, 0, 3, 8, 9},
    {3209, 133, 1, 3, 7, 9},
    {3241, 133, 1, 3, 7, 9},
    {3273, 133, 1, 3, 8, 9},
    {3309, 42, 0, 3, 2, 9},
    {3318, 42, 1, 3, 2, 9},
    {3327, 42, 1, 3, 2, 9},
    {3336, 42, 1, 3, 2, 9},
    {3345, 95, 0, 3, 6, 10},
    {3375, 95, 0, 3, 6, 10},
    {3405, 95, 0, 3, 6, 10},
    {3435, 95, 1, 3, 5, 10},
    {3460, 116, 0, 3, 7, 9},
    {3492, 116, 1, 3, 7, 9},
    {3524, 116, 1, 3, 7, 9},
    {3556, 116, 1, 3, 7, 9},
    {3588, 99, 0, 3, 6, 9},
    {3615, 99, 1, 3, 6, 9},
    {3642, 99, 1, 3, 6, 9},
    {3669, 99, 1, 3, 6, 9},
    {3696, 162, 0, 3, 10, 9},
    {3741, 162, 0, 3, 10, 9},
    {3786, 162, 1, 3, 9, 9},
    {3827, 162, 1, 3, 9, 9},
    {3868, 136, 0, 3, 8, 9},
    {3904, 136, 1, 3, 7, 9},
    {3936, 136, 1, 3, 8, 9},
    {3972, 136, 1, 3, 8, 9},
    {4008, 137, 0, 3, 9, 10},
    {4053, 137, 0, 3, 9, 10},
    {4098, 137, 0, 3, 9, 10},
    {4143, 137, 1, 3, 8, 10},
    {4183, 113, 0, 3, 7, 9},
    {4215, 113, 1, 3, 6, 9},
    {4242, 113, 1, 3, 7, 9},
    {4274, 113, 1, 3, 7, 9},
    {4306, 137, 0, 3, 9, 10},
    {4351, 137, 0, 3, 9, 10},
    {4396, 137, 0, 3, 9, 10},
    {4441, 137, 1, 3, 8, 10},
    {4481, 114, 0, 3, 7, 9},
    {4513, 114, 1, 3, 7, 9},
    {4545, 114, 1, 3, 7, 9},
    {4577, 114, 1, 3, 7, 9},
    {4609, 113, 0, 3, 7, 10},
    {4644, 113, 0, 3, 7, 10},
    {4679, 113, 1, 3, 7, 10},
    {4714, 113, 1, 3, 7, 10},
    {4749, 114, 0, 3, 7, 9},
    {4781, 114, 0, 3, 8, 9},
    {4817, 114, 0, 3, 8, 9},
    {4853, 114, 1, 3, 7, 9},
    {4885, 133, 0, 3, 8, 10},
    {4925, 133, 1, 3, 7, 10},
    {4960, 133, 1, 3, 8, 10},
    {5000, 133, 1, 3, 8, 10},
    {5040, 121, 0, 3, 8, 9},
    {5076, 121, 0, 3, 8, 9},
    {5112, 121, 0, 3, 8, 9},
    {5148, 121, 0, 3, 9, 9},
    {5189, 175, 0, 3, 11, 9},
    {5239, 175, 0, 3, 12, 9},
    {5293, 175, 0, 3, 12, 9},
    {5347, 175, 0, 3, 12, 9},
    {5401, 114, 0, 3, 7, 9},
    {5433, 114, 0, 3, 8, 9},
    {5469, 114, 0, 3, 8, 9},
    {5505, 114, 1, 3, 7, 9},
    {5537, 119, 0, 3, 8, 9},
    {5573, 119, 0, 3, 8, 9},
    {5609, 119, 0, 3, 8, 9},
    {5645, 119, 0, 3, 8, 9},
    {5681, 111, 0, 3, 7, 9},
    {5713, 111, 0, 3, 7, 9},
    {5745, 111, 0, 3, 7, 9},
    {5777, 111, 1, 3, 7, 9},
    {5809, 60, 1, 2, 3, 12},
    {5827, 60, 1, 2, 3, 12},
    {5845, 60, 1, 2, 3, 12},
    {5863, 60, 1, 2, 4, 12},
    {5887, 59, 0, 2, 4, 12},
    {5911, 59, 0, 2, 4, 12},
    {5935, 59, 0, 2, 5, 12},
    {5965, 59, 0, 2, 5, 12},
    {5995, 60, 0, 2, 3, 12},
    {6013, 60, 0, 2, 3, 12},
    {6031, 60, 0, 2, 4, 12},
    {6055, 60, 1, 2, 3, 12},
    {6073, 81, 0, 3, 5, 5},
    {6086, 81, 0, 3, 5, 5},
    {6099, 81, 0, 3, 6, 5},
    {6114, 81, 1, 3, 5, 5},
    {6127, 78, -1, 12, 7, 1},
    {6131, 78, -1, 12, 7, 1},
    {6135, 78, 0, 12, 6, 1},
    {6138, 78, 0, 12, 6, 1},
    {6141, 74, 1, 3, 3, 2},
    {6144, 74, 1, 3, 3, 2},
    {6147, 74, 2, 3, 2, 2},
    {6149, 74, 2, 3, 2, 2},
    {6151, 99, 0, 5, 6, 8},
    {6175, 99, 0, 5, 6, 8},
    {6199, 99, 0, 5, 7, 8},
    {6227, 99, 1, 5, 6, 8},
    {6251, 108, 0, 3, 7, 10},
    {6286, 108, 0, 3, 7, 10},
    {6321, 108, 1, 3, 6, 10},
    {6351, 108, 1, 3, 7, 10},
    {6386, 99, 0, 5, 6, 8},
    {6410, 99, 0, 5, 6, 8},
    {6434, 99, 0, 5, 7, 8},
    {6462, 99, 1, 5, 6, 8},
    {6486, 108, 0, 3, 7, 10},
    {6521, 108, 0, 3, 7, 10},
    {6556, 108, 0, 3, 7, 10},
    {6591, 108, 1, 3, 6, 10},
    {6621, 102, 0, 5, 7, 8},
    {6649, 102, 0, 5, 7, 8},
    {6677, 102, 0, 5, 7, 8},
    {6705, 102, 1, 5, 6, 8},
    {6729, 60, 0, 2, 4, 10},
    {6749, 60, 0, 2, 5, 10},
    {6774, 60, 0, 2, 5, 10},
    {6799, 60, 0, 2, 5, 10},
    {6824, 108, 0, 5, 7, 10},
    {6859, 108, 0, 5, 7, 10},
    {6894, 108, 0, 5, 7, 10},
    {6929, 108, 1, 5, 6, 10},
    {6959, 105, 0, 3, 6, 9},
    {6986, 105, 0, 3, 7, 9},
    {7018, 105, 1, 3, 6, 9},
    {7045, 105, 1, 3, 6, 9},
    {7072, 37, 0, 3, 2, 9},
    {7081, 37, 0, 3, 3, 9},
    {7095, 37, 1, 3, 2, 9},
    {7104, 37, 1, 3, 2, 9},
    {7113, 37, -1, 3, 3, 12},
    {7131, 37, -1, 3, 4, 12},
    {7155, 37, 0, 3, 3, 12},
    {7173, 37, 0, 3, 3, 12},
    {7191, 95, 0, 3, 6, 9},
    {7218, 95, 0, 3, 7, 9},
    {7250, 95, 1, 3, 6, 9},
    {7277, 95, 1, 3, 6, 9},
    {7304, 37, 0, 3, 2, 9},
    {7313, 37, 0, 3, 2, 9},
    {7322, 37, 1, 3, 2, 9},
    {7331, 37, 1, 3, 2, 9},
    {7340, 158, 0, 5, 10, 7},
    {7375, 158, 0, 5, 10, 7},
    {7410, 158, 1, 5, 9, 7},
    {7442, 158, 1, 5, 9, 7},
    {7474, 104, 0, 5, 6, 7},
    {7495, 104, 0, 5, 7, 7},
    {7520, 104, 1, 5, 6, 7},
    {7541, 104, 1, 5, 6, 7},
    {7562, 106, 0, 5, 7, 8},
    {7590, 106, 0, 5, 7, 8},
    {7618, 106, 0, 5, 7, 8},
    {7646, 106, 1, 5, 6, 8},
    {7670, 108, 0, 5, 7, 10},
    {7705, 108, 0, 5, 7, 10},
    {7740, 108, 1, 5, 6, 10},
    {7770, 108, 1, 5, 7, 10},
    {7805, 108, 0, 5, 7, 10},
    {7840, 108, 0, 5, 7, 10},
    {7875, 108, 0, 5, 7, 10},
    {7910, 108, 1, 5, 6, 10},
    {7940, 62, 0, 5, 4, 7},
    {7954, 62, 0, 5, 5, 7},
    {7972, 62, 1, 5, 4, 7},
    {7986, 62, 1, 5, 4, 7},
    {8000, 91, 0, 5, 6, 8},
    {8024, 91, 0, 5, 6, 8},
    {8048, 91, 0, 5, 6, 8},
    {8072, 91, 1, 5, 6, 8},
    {8096, 61, 0, 3, 4, 9},
    {8114, 61, 0, 3, 4, 9},
    {8132, 61, 0, 3, 4, 10},
    {8152, 61, 0, 3, 5, 10},
    {8177, 103, 0, 5, 6, 8},
    {8201, 103, 0, 5, 6, 7},
    {8222, 103, 1, 5, 6, 8},
    {8246, 103, 1, 5, 6, 8},
    {8270, 98, 0, 5, 6, 7},
    {8291, 98, 0, 5, 7, 7},
    {8316, 98, 0, 5, 7, 7},
    {8341, 98, 1, 5, 6, 7},
    {8362, 147, 0, 5, 9, 7},
    {8394, 147, 0, 5, 10, 7},
    {8429, 147, 0, 5, 10, 7},
    {8464, 147, 1, 5, 9, 7},
    {8496, 95, 0, 5, 6, 7},
    {8517, 95, 0, 5, 6, 7},
    {8538, 95, 0, 5, 6, 7},
    {8559, 95, 1, 5, 6, 7},
    {8580, 98, 0, 5, 6, 10},
    {8610, 98, 0, 5, 7, 10},
    {8645, 98, 0, 5, 7, 10},
    {8680, 98, 1, 5, 6, 10},
    {8710, 95, 0, 5, 6, 7},
    {8731, 95, 0, 5, 6, 7},
    {8752, 95, 0, 5, 7, 7},
    {8777, 95, 1, 5, 6, 7},
    {8798, 72, 0, 2, 5, 12},
    {8828, 72, 0, 2, 5, 12},
    {8858, 72, 1, 2, 4, 12},
    {8882, 72, 1, 2, 4, 12},
    {8906, 54, 1, 0, 2, 15},
    {8921, 54, 1, 0, 2, 15},
    {8936, 54, 1, 0, 2, 15},
    {8951, 54, 2, 0, 1, 15},
    {8959, 72, 0, 2, 4, 12},
    {8983, 72, 0, 2, 5, 12},
    {9013, 72, 0, 2, 5, 12},
    {9043, 72, 1, 2, 4, 12},
    {9067, 118, 0, 7, 7, 3},
    {9078, 118, 1, 7, 6, 3},
    {9087, 118, 1, 7, 7, 3},
    {9098, 118, 1, 7, 7, 3},
    {9109, 167, 0, 3, 10, 10},
    {9159, 167, 0, 3, 10, 10},
    {9209, 167, 1, 3, 10, 10},
    {9259, 167, 1, 3, 10, 10},
    {9309, 78, 0, 3, 5, 5},
    {9322, 78, 0, 3, 5, 5},
    {9335, 78, 1, 3, 4, 5},
    {9345, 78, 1, 3, 5, 5},
    {9358, 46, 0, 7, 3, 2},
    {9361, 46, 0, 7, 3, 2},
    {9364, 46, 1, 7, 2, 2},
    {9366, 46, 1, 7, 2, 2},
    {9368, 121, 0, 0, 8, 12},
    {9416, 121, 0, 0, 8, 12},
    {9464, 121, 0, 0, 8, 12},
    {9512, 121, 0, 0, 9, 12},
    {9566, 137, 0, 0, 9, 13},
    {9625, 137, 0, 0, 9, 13},
    {9684, 137, 0, 0, 9, 13},
    {9743, 137, 1, 0, 8, 13},
    {9795, 133, 0, 0, 8, 13},
    {9847, 133, 1, 0, 7, 13},
    {9893, 133, 1, 0, 8, 13},
    {9945, 133, 1, 0, 8, 13},
    {9997, 99, 0, 3, 6, 10},
    {10027, 99, 0, 3, 6, 10},
    {10057, 99, 0, 3, 7, 10},
    {10092, 99, 1, 3, 6, 10},
    {10122, 106, 0, 3, 7, 10},
    {10157, 106, 0, 3, 7, 10},
    {10192, 106, 0, 3, 7, 10},
    {10227, 106, 1, 3, 6, 10},
    {10257, 103, 0, 3, 6, 10},
    {10287, 103, 0, 3, 6, 9},
    {10314, 103, 1, 3, 6, 10},
    {10344, 103, 1, 3, 6, 10},
    {10374, 149, 0, 10, 9, 2},
    {10383, 149, 0, 10, 9, 2},
    {10392, 149, 1, 10, 9, 2},
    {10401, 149, 1, 10, 9, 2},
};
static const uint16_t AF_S_KERN[919] = {
    8506, 8742, 8769, 8778, 8900, 9274, 9530, 9762, 9767, 9786, 9812, 9814,
    9815, 9817, 9820, 9846, 9847, 9849, 10022, 10049, 10058, 10180, 10339, 10340,
    10341, 10343, 10346, 10351, 10353, 10486, 10790, 10817, 10826, 10847, 10948, 11092,
    11094, 11095, 11096, 11097, 11100, 11128, 11582, 11604, 11606, 11607, 11608, 11609,
    11612, 11640, 12106, 12346, 12602, 12858, 13114, 13370, 13626, 13882, 14138, 14394,
    14650, 14881, 14884, 14885, 14886, 14896, 14897, 14898, 14899, 14900, 14901, 14902,
    14903, 14904, 14905, 14911, 14913, 14914, 14915, 14916, 14917, 14918, 14919, 14920,
    14921, 14922, 14923, 14924, 14925, 14926, 14927, 14928, 14929, 14930, 14931, 14932,
    14933, 14934, 14935, 14936, 14937, 14938, 14972, 15044, 15062, 15068, 15405, 15678,
    15681, 15702, 15703, 15704, 15705, 15708, 15734, 15736, 15737, 15812, 15964, 16186,
    16193, 16324, 16674, 16679, 16682, 16698, 16701, 16703, 16707, 16711, 16719, 16721,
    16724, 16726, 16727, 16729, 16732, 16734, 16745, 16756, 16758, 16759, 16761, 16809,
    16816, 16823, 16854, 16954, 17210, 17240, 17247, 17455, 17466, 17473, 17492, 17494,
    17496, 17497, 17500, 17503, 17604, 17722, 17978, 17985, 17994, 18015, 18019, 18020,
    18021, 18023, 18029, 18030, 18031, 18032, 18033, 18034, 18037, 18038, 18041, 18042,
    18116, 18166, 18172, 18234, 18241, 18260, 18262, 18264, 18265, 18268, 18281, 18282,
    18372, 18490, 18527, 18746, 18783, 18991, 19002, 19039, 19243, 19245, 19258, 19261,
    19267, 19271, 19279, 19281, 19299, 19300, 19301, 19303, 19305, 19311, 19313, 19317,
    19318, 19319, 19321, 19326, 19369, 19383, 19414, 19446, 19452, 19490, 19495, 19498,
    19499, 19501, 19514, 19521, 19523, 19527, 19535, 19537, 19540, 19542, 19545, 19548,
    19550, 19572, 19574, 19577, 19582, 19625, 19632, 19639, 19652, 19670, 19770, 19807,
    20026, 20063, 20271, 20282, 20289, 20308, 20310, 20312, 20313, 20316, 20319, 20420,
    20518, 20523, 20525, 20538, 20545, 20554, 20579, 20580, 20581, 20583, 20591, 20593,
    20606, 20663, 20676, 20726, 20783, 20794, 20801, 20820, 20822, 20824, 20825, 20828,
    20831, 20932, 21050, 21078, 21081, 21084, 21091, 21092, 21093, 21095, 21103, 21105,
    21238, 21306, 21542, 21547, 21549, 21551, 21562, 21569, 21571, 21575, 21578, 21583,
    21585, 21593, 21599, 21601, 21603, 21604, 21605, 21607, 21613, 21614, 21615, 21616,
    21617, 21618, 21619, 21621, 21622, 21623, 21624, 21625, 21626, 21630, 21673, 21687,
    21700, 21718, 21732, 21750, 21756, 21807, 21818, 21855, 22054, 22059, 22061, 22063,
    22074, 22077, 22081, 22083, 22087, 22090, 22095, 22097, 22111, 22113, 22115, 22116,
    22117, 22119, 22127, 22129, 22131, 22142, 22185, 22199, 22212, 22230, 22244, 22262,
    22310, 22315, 22317, 22330, 22333, 22337, 22346, 22369, 22371, 22372, 22373, 22375,
    22381, 22382, 22383, 22384, 22385, 22386, 22387, 22398, 22455, 22468, 22500, 22518,
    22571, 22573, 22586, 22589, 22595, 22599, 22607, 22609, 22627, 22628, 22629, 22631,
    22639, 22641, 22654, 22697, 22711, 22742, 22774, 22822, 22827, 22829, 22842, 22845,
    22849, 22851, 22855, 22858, 22863, 22865, 22868, 22881, 22883, 22884, 22885, 22887,
    22893, 22894, 22895, 22896, 22897, 22898, 22899, 22901, 22910, 22953, 22967, 22980,
    22998, 23012, 23030, 23036, 23083, 23085, 23098, 23107, 23111, 23119, 23121, 23166,
    23209, 23223, 23254, 23395, 23396, 23397, 23399, 23402, 23407, 23409, 23542, 23586,
    23591, 23594, 23613, 23615, 23619, 23623, 23631, 23633, 23636, 23638, 23639, 23641,
    23644, 23646, 23657, 23668, 23670, 23671, 23673, 23721, 23728, 23735, 23766, 24102,
    24129, 24138, 24159, 24260, 24362, 24387, 24391, 24399, 24401, 24404, 24405, 24406,
    24412, 24414, 24425, 24426, 24429, 24430, 24432, 24434, 24438, 24441, 24489, 24496,
    24534, 24540, 24916, 24918, 24919, 24921, 24924, 24950, 24953, 25129, 25153, 25172,
    25174, 25175, 25176, 25177, 25180, 25181, 25206, 25207, 25208, 25209, 25213, 25284,
    25385, 25409, 25428, 25430, 25431, 25432, 25433, 25436, 25437, 25462, 25463, 25464,
    25465, 25469, 25540, 25695, 25897, 25921, 25940, 25942, 25943, 25944, 25945, 25948,
    25949, 25974, 25975, 25976, 25977, 25981, 26052, 26155, 26157, 26159, 26177, 26186,
    26201, 26207, 26209, 26211, 26212, 26213, 26215, 26223, 26225, 26227, 26238, 26295,
    26308, 26340, 26358, 26452, 26463, 26708, 26710, 26711, 26713, 26716, 26742, 26745,
    26921, 26966, 26967, 26972, 26973, 26975, 27005, 27177, 27222, 27223, 27228, 27229,
    27231, 27261, 27435, 27437, 27452, 27476, 27491, 27492, 27493, 27495, 27503, 27505,
    27518, 27575, 27638, 27743, 27988, 27990, 27991, 27993, 27996, 28022, 28025, 28244,
    28246, 28247, 28249, 28252, 28278, 28281, 28457, 28481, 28500, 28502, 28503, 28504,
    28505, 28508, 28509, 28534, 28535, 28536, 28537, 28541, 28612, 28713, 28737, 28756,
    28758, 28759, 28760, 28761, 28764, 28765, 28790, 28791, 28792, 28793, 28797, 28868,
    29012, 29023, 29227, 29229, 29231, 29244, 29249, 29258, 29268, 29274, 29283, 29284,
    29285, 29286, 29287, 29295, 29297, 29300, 29302, 29303, 29304, 29305, 29310, 29367,
    29380, 29430, 29524, 29526, 29527, 29529, 29532, 29739, 29741, 29756, 29762, 29764,
    29765, 29766, 29768, 29769, 29771, 29772, 29773, 29774, 29776, 29778, 29780, 29782,
    29783, 29785, 29788, 29794, 29795, 29796, 29797, 29799, 29800, 29803, 29804, 29807,
    29809, 29811, 29820, 29822, 29879, 29942, 30036, 30041, 30255, 30268, 30269, 30273,
    30282, 30292, 30297, 30303, 30305, 30307, 30308, 30309, 30311, 30319, 30321, 30404,
    30436, 30454, 30502, 30529, 30538, 30548, 30554, 30563, 30564, 30565, 30567, 30575,
    30577, 30660, 30710, 30763, 30765, 30781, 30804, 30819, 30820, 30821, 30823, 30831,
    30833, 30846, 30903, 30966, 31023, 31036, 31037, 31041, 31050, 31060, 31065, 31071,
    31073, 31075, 31076, 31077, 31079, 31087, 31089, 31172, 31204, 31222, 31316, 31331,
    31332, 31333, 31335, 31343, 31345, 31478, 31587, 31588, 31589, 31591, 31594, 31599,
    31601, 31734, 31802, 31839, 32340, 32342, 32343, 32344, 32345, 32348, 32376, 43311,
    43329, 43348, 43350, 43352, 43353, 43356, 43359, 43460, 45094, 45121, 45123, 45127,
    45130, 45135, 45137, 45151, 45225, 45252, 45270, 46913, 46922, 46932, 46934, 46935,
    46936, 46937, 46940, 46968, 47044, 50210, 50215, 50218, 50234, 50237, 50239, 50243,
    50247, 50255, 50257, 50260, 50262, 50263, 50265, 50268, 50270, 50281, 50292, 50294,
    50295, 50297, 50345, 50352, 50359, 50390, 54831, 54842, 54849, 54868, 54870, 54872,
    54873, 54876, 54879, 54980, 56367, 56378, 56415, 58452, 58454, 58455, 58457, 58460,
    58486, 58489, 63017, 63041, 63060, 63062, 63063, 63064, 63065, 63068, 63069, 63094,
    63095, 63096, 63097, 63101, 63172, 64596, 64601,
};
static const int8_t AF_S_KD[919] = {
    2, -6, -15, -32, -15, 2, 2, -6, -6, 2, -11, -12, -8, -14, -12, -6, -6, -6, -6, -15, -32, -15, -2, -2,
    -2, -2, 5, -2, -2, -2, -6, -15, -18, -13, -15, -14, -10, -10, -7, -15, -10, -4, -22, -14, -10, -10, -7, -15,
    -10, -4, -12, 2, 2, 2, 2, 2, 2, 2, 2, 2, 2, 2, 2, 2, 2, 2, 2, 2, 2, 2, 2, 2,
    2, 2, 2, 2, 2, 2, 2, 2, 2, 2, 2, 2, 2, 2, 2, 2, 2, 2, 2, 2, 2, 2, 2, 2,
    2, 2, 2, 2, 2, 2, 2, 2, 2, 2, -22, -61, -10, -13, -12, -10, -18, -13, -8, -6, -8, -10, -14, 2,
    -12, -12, -15, -15, -15, 2, -10, -12, -6, -6, -6, -6, -16, -13, -11, -14, -13, -15, 1, -6, -13, -13, -13, -6,
    -15, -6, -6, 2, 2, -1, -8, -8, 2, -6, -6, -6, -2, -6, -6, -8, -6, 2, 2, -17, -13, -6, -8, -8,
    -8, -8, -1, -1, -8, -1, -8, -1, -6, -6, -6, -6, -17, -8, -6, 2, -4, -6, -4, -1, -4, -4, 6, 6,
    -4, 2, 6, 2, 6, -11, 2, -10, -21, -21, 2, -6, -6, -6, -6, -6, -8, -8, -8, -8, 6, -8, -8, -6,
    -8, -12, -8, -21, -6, -9, -6, -8, -6, -17, -17, -8, -16, -16, 2, 9, -5, -5, -5, -5, -18, -13, -6, -13,
    -25, -4, -13, -13, -16, -5, -9, -12, 9, -5, 2, 6, 2, 6, -8, 2, -6, -6, -6, -2, -6, -6, -8, -6,
    -6, -9, -9, 2, -14, -18, -1, -1, -1, -1, -1, -1, -9, -9, -14, -1, -8, 2, -6, -6, -6, -2, -6, -6,
    -8, -6, 2, -3, -5, -3, -1, -1, -1, -1, -1, -1, -1, 2, -6, -14, -14, -15, -6, -16, -6, -6, -17, -6,
    -6, 4, -11, -14, -15, -15, -15, -15, -11, -11, -15, -11, -15, -11, -14, -14, -12, -12, -12, -12, -9, -14, -6, -15,
    -16, -6, -8, -10, -10, -11, 2, -10, -10, -10, -10, -14, -10, -12, -13, -6, -6, -18, -6, -6, -15, -10, -10, -10,
    -10, -10, -10, -10, -9, -10, -6, -8, -13, -6, -8, -10, -10, -10, -10, -8, -12, -11, -12, -10, -10, -10, -10, -10,
    -6, -6, -10, -6, -10, -6, -6, -10, -6, -11, -10, -10, -7, -7, 2, -10, -2, -2, -2, -2, -5, -5, -5, -5,
    -5, -5, -7, -2, -9, -2, -5, -12, -15, -15, -10, -18, -14, -6, -6, -6, -6, -6, 4, -14, -15, -15, -15, -15,
    -8, -8, -15, -8, -15, -8, -13, -8, -15, -6, -10, -14, -6, -14, -15, -8, -8, -8, 2, -6, -6, -6, -6, -8,
    -6, -6, -6, -2, -2, -2, -2, 5, -2, -2, -2, -15, -15, -15, -10, -12, -6, -6, -6, -6, -8, -10, -11, -14,
    -10, -15, 1, -6, -10, -13, -10, -6, -15, -6, -6, -6, -15, -18, -13, -15, -13, -8, -8, -8, -8, -11, -8, -15,
    -15, -13, 6, 18, 9, 9, 9, 9, -15, -15, -8, -13, -8, -8, -9, -10, -10, -14, -10, -4, -4, -2, -6, -15,
    -10, -10, -5, -16, -10, -2, -4, -3, -4, -4, -2, -6, -2, -6, -15, -10, -10, -5, -16, -10, -2, -4, -3, -4,
    -4, -2, -6, 6, -2, -6, -15, -10, -10, -5, -16, -10, -2, -4, -3, -4, -4, -2, -6, -5, -5, -5, -6, -12,
    2, -3, -3, -4, -4, -4, -4, -4, -4, -4, -5, -5, -6, -3, -4, -10, 6, -9, -10, -10, -14, -10, -4, -4,
    6, 6, 6, 6, 6, 8, 6, 6, 6, 6, 6, 6, 8, 6, -9, -9, -16, -11, -4, -4, -4, -4, -4, -4,
    -9, -9, -4, 6, -9, -10, -10, -14, -10, -4, -4, -9, -10, -10, -14, -10, -4, -4, -2, -6, -15, -10, -10, -5,
    -16, -10, -2, -4, -3, -4, -4, -2, -6, -2, -6, -15, -10, -10, -5, -16, -10, -2, -4, -3, -4, -4, -2, -6,
    -10, 6, -8, -8, -6, -8, -8, -11, -11, -6, -3, -3, -3, 6, -3, -3, -3, 6, 3, 2, 3, 3, -8, -8,
    -8, -3, -14, -9, -6, -14, -9, -4, -4, -5, 2, 2, 2, 2, 2, 2, 2, 2, 2, 2, 2, 2, -6, -2,
    -2, -3, -2, 2, -1, -1, -1, -1, 2, 2, 2, -1, -1, -2, 2, -4, -4, -1, -10, -11, -11, -6, -8, -13,
    -12, -6, -6, -15, -3, -4, -4, -4, -4, -4, -4, -13, -3, -4, -6, -13, -11, -10, -6, -3, -3, -3, -3, -3,
    -3, -13, -3, -4, -4, -6, -12, -4, -4, -4, -4, -4, -4, -4, -4, -4, -11, -6, -8, -13, -12, -6, -6, -15,
    -3, -4, -4, -4, -4, -4, -4, -13, -3, -4, -6, -3, -3, -3, -3, -3, -3, -3, -2, -2, -2, -2, 5, -2,
    -2, -2, 2, 6, -14, -10, -10, -7, -15, -10, -4, -8, -6, -6, -6, -2, -6, -6, -8, -6, -6, -15, -2, -2,
    -18, -2, -2, -13, -2, -15, -2, -6, -9, -15, -8, -10, -9, -10, -8, -4, -6, -15, -15, -15, 2, -10, -12, -6,
    -6, -6, -6, -16, -13, -11, -14, -13, -15, 1, -6, -13, -13, -13, -6, -15, -6, -6, -8, 2, -6, -6, -6, -2,
    -6, -6, -8, -6, -11, 2, -10, -9, -10, -10, -14, -10, -4, -4, -2, -6, -10, -10, -10, -5, -16, -10, -2, -4,
    -3, -4, -4, -2, -6, -10, -11,
};
static const uint8_t AF_S_EX[10] = {169, 176, 183, 196, 214, 220, 228, 246, 252, 133};
static const aafont_t AF_S = {15, 12, 32, 126, 10, 919, AF_S_G, AF_S_DATA, AF_S_KERN, AF_S_KD, AF_S_EX, 2, 0};

/* M: InterTight[wght].ttf@500 15px, h 19, baseline 15, 105 glyphs x 4 phases, 13028 B data (Huffman; 16365 B as nibbles) */
static const uint8_t AF_M_DATA[13028] = {
    0xdc, 0x96, 0xe8, 0xb7, 0x25, 0xb9, 0x2d, 0xc9, 0x6e, 0x4b, 0x5b, 0x2b, 0xdf, 0xcd, 0xc9, 0xcd, 0x19, 0x99, 0x00, 0xc5, 0x24, 0x04, 0x80, 0x98,
    0x09, 0x80, 0x98, 0x07, 0x80, 0x6d, 0x8f, 0x22, 0x97, 0x21, 0x88, 0xc8, 0xb5, 0x5e, 0xc2, 0xf6, 0x17, 0xb0, 0xbb, 0x0b, 0x30, 0xb3, 0x0b, 0x26,
    0x13, 0xb6, 0xab, 0xdc, 0x39, 0x19, 0x00, 0x3a, 0x83, 0x19, 0x31, 0x93, 0x10, 0x62, 0x08, 0x41, 0x08, 0x27, 0x6e, 0xa5, 0x65, 0x46, 0x88, 0xc8,
    0xde, 0xc8, 0x63, 0x5b, 0x21, 0x8c, 0xe8, 0xa9, 0xf3, 0x92, 0xa7, 0x55, 0x26, 0x40, 0xc0, 0x3d, 0xed, 0xc1, 0x6b, 0x6e, 0x0b, 0x5a, 0xbd, 0x16,
    0x72, 0x8c, 0x4a, 0xa0, 0x61, 0x6c, 0x03, 0x60, 0xce, 0x09, 0x42, 0xb8, 0x24, 0x0b, 0x7a, 0x23, 0xb1, 0xa3, 0x10, 0x18, 0x61, 0x61, 0x86, 0x0d,
    0x4e, 0xa1, 0x69, 0xd0, 0x2b, 0x21, 0xd8, 0xc0, 0xe3, 0x57, 0x2f, 0xbe, 0xbc, 0xf2, 0x33, 0xc3, 0x8c, 0x99, 0xef, 0x07, 0x6f, 0xf9, 0x48, 0xd4,
    0xed, 0x61, 0x75, 0x23, 0x0a, 0x4c, 0x38, 0xb7, 0x0a, 0xb8, 0x95, 0x3f, 0xfa, 0x63, 0x8d, 0x19, 0xef, 0x07, 0xcd, 0x63, 0x95, 0x7e, 0xd5, 0xc8,
    0xc2, 0xf0, 0xe1, 0xd2, 0x92, 0xd1, 0xf5, 0x41, 0x95, 0xab, 0xa7, 0x7a, 0x33, 0xc6, 0xcc, 0x8f, 0xfe, 0x94, 0xdb, 0x79, 0x66, 0x9c, 0x37, 0x65,
    0xf8, 0x1b, 0x88, 0xa2, 0xeb, 0x60, 0xc8, 0x5a, 0xff, 0x98, 0x23, 0xbd, 0x19, 0xe3, 0x67, 0xd7, 0xdf, 0x33, 0x1e, 0x66, 0x39, 0xb7, 0xe8, 0xee,
    0x9f, 0x93, 0x6f, 0x2a, 0xc4, 0x81, 0x78, 0x68, 0x14, 0xec, 0x0f, 0x93, 0xff, 0x2e, 0x4d, 0x12, 0xcd, 0xad, 0x31, 0xf2, 0x33, 0xcd, 0x63, 0x86,
    0xbb, 0x85, 0x5a, 0x74, 0x2c, 0x7f, 0xcd, 0x91, 0xa0, 0x63, 0xb0, 0x33, 0xe3, 0x03, 0x2b, 0xcf, 0x97, 0x9e, 0x46, 0xba, 0xeb, 0xe7, 0x99, 0xc7,
    0x99, 0x8e, 0x4d, 0xfa, 0x72, 0xe6, 0x62, 0xc6, 0x51, 0xff, 0x32, 0x4b, 0x71, 0x66, 0xc5, 0x32, 0x72, 0xd5, 0xcc, 0x6f, 0xab, 0x1b, 0x55, 0xd6,
    0x54, 0x9b, 0xfe, 0xb8, 0x72, 0xe6, 0x62, 0xc7, 0xd0, 0xc4, 0x81, 0x3a, 0x81, 0x0a, 0xd5, 0xd0, 0xf1, 0xbf, 0xb3, 0xe9, 0xc5, 0x7c, 0xca, 0x73,
    0x42, 0x2b, 0x15, 0x26, 0xa1, 0xca, 0x4a, 0xd5, 0x65, 0x18, 0x29, 0xf7, 0x63, 0x34, 0x7e, 0x1e, 0x2b, 0xe6, 0x57, 0xd9, 0xc5, 0x52, 0x79, 0x24,
    0xa3, 0x0e, 0x14, 0xa4, 0x94, 0x61, 0x04, 0xde, 0xaf, 0x21, 0x49, 0xa7, 0xf2, 0x5b, 0xc4, 0x94, 0xfd, 0xb7, 0x80, 0xf1, 0x4f, 0xf6, 0x1b, 0xd7,
    0x9f, 0x9b, 0x6e, 0x60, 0x67, 0x71, 0x21, 0x4a, 0xb4, 0x50, 0xc7, 0x50, 0x55, 0xa2, 0x86, 0xf3, 0x03, 0x7b, 0xb7, 0xb7, 0x9f, 0x9b, 0xb7, 0xb9,
    0x89, 0x16, 0xf2, 0x18, 0xe7, 0x4a, 0x1c, 0xa1, 0x8a, 0x74, 0x52, 0x1f, 0x58, 0xd0, 0xb9, 0x26, 0xbf, 0x29, 0xfc, 0x3c, 0xdb, 0xf5, 0x8f, 0xa0,
    0xea, 0x27, 0xdb, 0xe3, 0xc6, 0xdf, 0xc9, 0xb9, 0x30, 0xde, 0x75, 0xa0, 0xf9, 0xa3, 0xbe, 0x0b, 0x7b, 0xd5, 0x1d, 0xf1, 0xdb, 0x09, 0xd6, 0x3c,
    0x6d, 0xfc, 0x97, 0xf2, 0xfa, 0xd0, 0x8e, 0xdf, 0x05, 0x9f, 0x9a, 0x2b, 0xe0, 0xb2, 0x20, 0x44, 0x66, 0x06, 0x4e, 0x3f, 0xc8, 0x3e, 0xbc, 0x1f,
    0xa8, 0xbd, 0xe9, 0xaf, 0xea, 0x6b, 0xd4, 0xd7, 0xca, 0xc1, 0x91, 0xd5, 0x62, 0x60, 0x64, 0xae, 0x19, 0x34, 0x58, 0xa3, 0x70, 0xc9, 0xaf, 0x12,
    0xaa, 0x37, 0xea, 0x67, 0xe5, 0x41, 0xf8, 0x93, 0x03, 0x7e, 0x26, 0x8a, 0xe1, 0xb5, 0x46, 0x9a, 0x2b, 0x86, 0xb8, 0xdb, 0xed, 0xea, 0x78, 0xf5,
    0xf9, 0xa4, 0xf1, 0xb6, 0x7f, 0x4d, 0xbc, 0xe1, 0x9f, 0xf6, 0xff, 0x33, 0xdb, 0x6c, 0xca, 0xac, 0x74, 0xc4, 0x74, 0xc4, 0x61, 0x4a, 0x6e, 0x59,
    0x8e, 0xd3, 0xa8, 0x6b, 0xc9, 0xf6, 0xd5, 0x58, 0x4a, 0x5f, 0xee, 0xb1, 0xfd, 0x7d, 0x9e, 0x27, 0x49, 0xd4, 0xa5, 0xbd, 0x36, 0x75, 0xdd, 0xb9,
    0x63, 0x25, 0x79, 0xe3, 0xef, 0x8f, 0xb2, 0x7d, 0x92, 0xd2, 0x71, 0x26, 0x6a, 0xdf, 0xa6, 0xa8, 0x40, 0xe2, 0x7f, 0x56, 0x84, 0xa7, 0x12, 0x54,
    0xb5, 0x05, 0xbc, 0x73, 0x58, 0xe6, 0xdc, 0xa2, 0x09, 0xf7, 0xdc, 0xe5, 0x36, 0xe9, 0x4b, 0xd4, 0xd8, 0xd1, 0xed, 0xff, 0xaf, 0xbf, 0xea, 0xd2,
    0x5f, 0x7b, 0x6e, 0x9c, 0xdd, 0x05, 0x9e, 0xbb, 0x8d, 0x15, 0xa8, 0x90, 0x21, 0x35, 0x21, 0x30, 0x36, 0x06, 0x73, 0x6e, 0xea, 0xaa, 0x3f, 0xaa,
    0xbc, 0xe2, 0x7f, 0x4f, 0x62, 0x9b, 0xba, 0xb9, 0x3c, 0x96, 0x37, 0xcc, 0x6b, 0x98, 0xc9, 0x5e, 0x49, 0x69, 0x39, 0x79, 0x48, 0xd1, 0xcd, 0xfa,
    0x79, 0x12, 0xb8, 0xd7, 0xf5, 0xa9, 0x3f, 0x4e, 0x6c, 0xbb, 0x97, 0xf2, 0x32, 0x53, 0x86, 0x0b, 0xcb, 0x49, 0x98, 0x52, 0x9b, 0x91, 0xd3, 0x70,
    0x58, 0xea, 0xc5, 0x98, 0xee, 0x2a, 0x77, 0xfd, 0x45, 0xe0, 0xe1, 0x9f, 0xf6, 0x3e, 0x3f, 0x71, 0x04, 0xa1, 0x18, 0x19, 0x35, 0x19, 0x5a, 0x89,
    0x02, 0x1c, 0xdb, 0x8a, 0x16, 0xf4, 0x71, 0x9f, 0x31, 0x55, 0x6b, 0x49, 0xfe, 0x9d, 0x37, 0xf7, 0x30, 0x79, 0x98, 0xf2, 0xf2, 0x79, 0xd2, 0xcb,
    0xf1, 0x29, 0x4b, 0x6e, 0x51, 0x1c, 0xd6, 0x39, 0xac, 0x16, 0xb0, 0x4f, 0xbe, 0xb5, 0x4d, 0x27, 0xe9, 0xb1, 0x90, 0xe9, 0x9f, 0xd3, 0xcf, 0xcd,
    0x1f, 0x98, 0x17, 0xb5, 0x47, 0x9a, 0xdf, 0x35, 0xaf, 0x30, 0x12, 0xc1, 0xfc, 0x3a, 0xa1, 0x1e, 0xa4, 0x8d, 0xfa, 0x95, 0x2e, 0x30, 0x53, 0x05,
    0x80, 0x85, 0x80, 0xe1, 0xca, 0x01, 0xf3, 0x3f, 0x10, 0x98, 0x69, 0x9b, 0x42, 0x93, 0x97, 0x9f, 0x9b, 0xb4, 0xec, 0xfa, 0x87, 0xe8, 0xf0, 0xff,
    0x71, 0xf2, 0x57, 0xc6, 0x10, 0xdb, 0x9f, 0x1c, 0x19, 0x38, 0xf2, 0xc2, 0xcb, 0x39, 0xf7, 0x54, 0x36, 0x7e, 0x1e, 0x85, 0x1f, 0xbb, 0xab, 0xd6,
    0x8a, 0x24, 0x98, 0x5c, 0x98, 0x44, 0xe8, 0xac, 0x2d, 0xcb, 0xfc, 0xb1, 0x1d, 0x4d, 0x9a, 0x3e, 0x37, 0x17, 0x7f, 0x29, 0xf3, 0x49, 0xd3, 0x4f,
    0x40, 0xf0, 0xff, 0x6d, 0x42, 0xaf, 0xe1, 0x8d, 0x36, 0x42, 0x75, 0x83, 0x12, 0x85, 0xe9, 0x88, 0x3d, 0x49, 0xf8, 0xe2, 0xa5, 0x7d, 0xc7, 0xc6,
    0xf7, 0x01, 0xf7, 0x29, 0x60, 0x86, 0x32, 0x49, 0x5b, 0x8a, 0x23, 0x11, 0xc5, 0xa1, 0x1c, 0xd0, 0x76, 0x7a, 0x18, 0xe1, 0xe7, 0xe5, 0x43, 0x8b,
    0x74, 0xd3, 0xd0, 0xe9, 0xfd, 0x5d, 0xfc, 0xc7, 0x9b, 0xab, 0x38, 0xb7, 0x46, 0x38, 0x1f, 0xbb, 0xd9, 0xe0, 0x2f, 0x58, 0x50, 0xbf, 0x96, 0xa1,
    0x8f, 0x2c, 0x33, 0x01, 0x8c, 0x5b, 0x73, 0xcd, 0x53, 0x85, 0xde, 0xf8, 0x72, 0x36, 0x58, 0x10, 0xd6, 0x91, 0xae, 0x62, 0xbe, 0x6a, 0xe2, 0x3a,
    0x87, 0xe0, 0xde, 0xf5, 0xbc, 0xeb, 0x39, 0x55, 0xc0, 0x37, 0x04, 0xe0, 0xaf, 0x44, 0x8c, 0x40, 0x61, 0x66, 0x0c, 0xa1, 0x50, 0x29, 0xd8, 0xc0,
    0x18, 0x18, 0xa7, 0xa7, 0x64, 0x23, 0x86, 0x2c, 0x03, 0x2a, 0xc9, 0x30, 0xb1, 0x60, 0x21, 0x6a, 0xb9, 0xbd, 0xf2, 0x75, 0xcd, 0xef, 0x99, 0xae,
    0x38, 0x42, 0x50, 0xfc, 0xdc, 0xf1, 0x83, 0x70, 0xc8, 0xe6, 0x2e, 0x56, 0x0c, 0x5a, 0xa2, 0x31, 0x04, 0xc2, 0xc4, 0xe1, 0x0a, 0x01, 0x94, 0x0e,
    0x40, 0x32, 0x70, 0xa4, 0xa2, 0xfc, 0xad, 0x73, 0x01, 0x08, 0xeb, 0x1c, 0x33, 0xe5, 0xf0, 0x46, 0x30, 0x4e, 0x14, 0xb7, 0x24, 0x62, 0x09, 0x45,
    0xca, 0xc1, 0x8a, 0xe1, 0x8a, 0xc1, 0x89, 0x45, 0xf9, 0x59, 0xe6, 0x6b, 0x8c, 0x2d, 0xcd, 0xef, 0xa6, 0xe3, 0x41, 0xf3, 0x7b, 0xe2, 0x8b, 0xf3,
    0x01, 0x39, 0xb9, 0xed, 0x67, 0x86, 0x31, 0xc4, 0x0f, 0xc3, 0x18, 0xed, 0x67, 0xba, 0xae, 0xdc, 0x2f, 0x0e, 0xa3, 0xb8, 0xa3, 0xe9, 0x90, 0xb4,
    0x19, 0x28, 0xbf, 0x37, 0xbe, 0x38, 0x42, 0x61, 0x72, 0x31, 0x1c, 0xac, 0xf2, 0x75, 0xca, 0xc9, 0x18, 0xc1, 0x30, 0xb1, 0x40, 0x33, 0xac, 0x95,
    0xc2, 0x91, 0x9f, 0x00, 0x58, 0x5e, 0x4e, 0x79, 0x80, 0x64, 0xc2, 0xfc, 0x11, 0xcd, 0xef, 0x99, 0xae, 0x40, 0xe6, 0x6b, 0x9b, 0xd9, 0x18, 0x82,
    0xb0, 0x62, 0xd4, 0x92, 0x0b, 0xf0, 0xf8, 0x8b, 0x73, 0x35, 0xc6, 0x16, 0xe5, 0x67, 0x9a, 0x9e, 0x60, 0x19, 0x5c, 0x29, 0x5c, 0x29, 0x5c, 0x29,
    0x60, 0x19, 0x6e, 0x49, 0x06, 0x09, 0xc2, 0x14, 0xe7, 0x87, 0xd0, 0x77, 0xe5, 0xc2, 0x91, 0x88, 0xe6, 0xa7, 0x8e, 0x10, 0xac, 0x2c, 0x4a, 0x1c,
    0x90, 0x39, 0x28, 0x72, 0xb0, 0xb1, 0x60, 0x19, 0x4e, 0xc9, 0x45, 0xcb, 0x33, 0xc3, 0x3e, 0x00, 0xed, 0x27, 0x0f, 0x29, 0x4b, 0x0a, 0x78, 0xa1,
    0x59, 0x42, 0x6d, 0x8a, 0xb9, 0x24, 0xda, 0xad, 0x36, 0xed, 0x27, 0xab, 0xd0, 0xe6, 0x6f, 0xc8, 0x6c, 0xdd, 0xef, 0x79, 0xaa, 0xdb, 0x26, 0x7e,
    0x60, 0xe7, 0x19, 0x7d, 0x47, 0x35, 0x7f, 0x10, 0xf8, 0xe5, 0xe3, 0x8f, 0x7b, 0xc3, 0x43, 0x6e, 0xaa, 0x6e, 0x78, 0xf9, 0x94, 0x8c, 0xbe, 0x71,
    0xbe, 0x3e, 0x7c, 0x34, 0xe0, 0xe2, 0xcf, 0x5a, 0x16, 0x53, 0x26, 0x99, 0xaa, 0xac, 0x19, 0x5e, 0x86, 0xd8, 0xaf, 0xbb, 0x4d, 0xe8, 0xf8, 0xb3,
    0xe9, 0xaf, 0x40, 0xed, 0x5f, 0xe8, 0x7f, 0xa1, 0xfb, 0x5f, 0xcb, 0x5d, 0xdc, 0x65, 0xdd, 0x3a, 0x1f, 0xe8, 0x7f, 0xb6, 0x4e, 0x80, 0xee, 0x63,
    0xee, 0xb3, 0xf7, 0x59, 0xee, 0x7f, 0x98, 0x67, 0x79, 0xdb, 0xbb, 0x77, 0x59, 0xfb, 0xac, 0xfd, 0x65, 0xe8, 0xeb, 0xcf, 0xdc, 0x57, 0xdc, 0x57,
    0x6f, 0xfc, 0xda, 0xbb, 0xea, 0x9d, 0xed, 0xdc, 0x57, 0xdc, 0x57, 0xd4, 0x6e, 0x80, 0xea, 0xd2, 0xfd, 0x60, 0xbf, 0x58, 0x2f, 0x53, 0xfe, 0x19,
    0xbb, 0xc0, 0xc3, 0xbf, 0x8c, 0x17, 0xeb, 0x05, 0xfa, 0x76, 0x3e, 0x80, 0x2c, 0x60, 0xab, 0x26, 0x2c, 0xa0, 0xda, 0x08, 0x2b, 0x41, 0x96, 0x67,
    0x9b, 0x8e, 0x55, 0x88, 0xf2, 0x64, 0x58, 0x5b, 0x84, 0x89, 0x2d, 0x41, 0x43, 0x10, 0x28, 0xba, 0x8b, 0xd8, 0x23, 0xc9, 0x5e, 0xe4, 0x36, 0x66,
    0x65, 0x6f, 0xf2, 0x08, 0xcc, 0xcc, 0xc0, 0x66, 0x66, 0x6f, 0xf2, 0x4c, 0xcc, 0xcc, 0x56, 0x66, 0x63, 0xd7, 0xf8, 0x86, 0x66, 0x66, 0x40, 0x46,
    0x66, 0x64, 0xc7, 0xf9, 0x72, 0x33, 0x33, 0x20, 0xde, 0xe6, 0x4c, 0xc0, 0xeb, 0x5f, 0xbb, 0xcf, 0x0c, 0x5f, 0x96, 0x09, 0xc8, 0x9e, 0xcc, 0x71,
    0x05, 0xb9, 0x70, 0x7c, 0xce, 0xfb, 0x4f, 0xc5, 0x0b, 0xc7, 0xae, 0xeb, 0x3d, 0x86, 0xe8, 0xea, 0x39, 0xf7, 0x13, 0xe6, 0xe3, 0xa6, 0x2d, 0xdb,
    0x03, 0xec, 0x6f, 0xc9, 0xc7, 0x50, 0x37, 0x6e, 0x0f, 0xb9, 0xd7, 0x94, 0xfd, 0x50, 0xbd, 0x7a, 0xf1, 0xdf, 0xc0, 0xe9, 0xba, 0x75, 0x82, 0x77,
    0x13, 0xe6, 0xe3, 0xa6, 0x2d, 0xdb, 0x03, 0xec, 0x6f, 0xc9, 0xc7, 0x50, 0x37, 0x6f, 0x5e, 0x67, 0x5e, 0x53, 0xf5, 0x42, 0xf5, 0xa3, 0xc0, 0xf2,
    0xed, 0xd3, 0x17, 0xeb, 0x04, 0xee, 0x27, 0xcd, 0xc7, 0x50, 0x5b, 0xb6, 0x07, 0xdc, 0xef, 0xca, 0xc7, 0x54, 0x37, 0x5e, 0xbc, 0xd6, 0xbc, 0xa7,
    0xea, 0x42, 0x74, 0xf0, 0xfe, 0xbd, 0x0a, 0x7e, 0xb8, 0xcd, 0xb2, 0x1c, 0x8e, 0xb5, 0xdd, 0x51, 0xb0, 0xb7, 0x6c, 0x2c, 0xe1, 0x7a, 0xa1, 0xdc,
    0x27, 0x50, 0x3b, 0x85, 0xea, 0x07, 0xb0, 0xb7, 0x6c, 0x2c, 0x63, 0x3d, 0xc8, 0x32, 0xc0, 0xc3, 0x60, 0x63, 0xb1, 0xf9, 0x1e, 0x9a, 0x1f, 0x40,
    0xe5, 0xa6, 0x8f, 0x22, 0x83, 0x4b, 0x40, 0x43, 0x28, 0x1d, 0x81, 0xd8, 0x1d, 0x81, 0xd8, 0x1d, 0x81, 0xd8, 0x1d, 0x80, 0xf0, 0xfe, 0xe2, 0x85,
    0x63, 0xb0, 0x31, 0x68, 0x18, 0xe5, 0x67, 0xba, 0x9e, 0x32, 0x77, 0x33, 0xf5, 0x04, 0x7a, 0x73, 0x27, 0xe1, 0xee, 0x93, 0xc3, 0xdd, 0x2f, 0x87,
    0xaa, 0x5f, 0x74, 0x33, 0x7b, 0xde, 0xe6, 0x7f, 0xf1, 0x00, 0xf0, 0xfe, 0xe2, 0x85, 0x47, 0x72, 0x31, 0x6c, 0x08, 0x23, 0xac, 0x77, 0x55, 0xfb,
    0xaa, 0xf1, 0x1b, 0x02, 0xfe, 0x47, 0xcc, 0x9f, 0x86, 0x96, 0x99, 0x3f, 0xb7, 0x16, 0x5d, 0xdf, 0xb7, 0x16, 0x39, 0xa7, 0x67, 0xa9, 0x32, 0x4d,
    0x7e, 0x69, 0x3c, 0x34, 0x3e, 0x80, 0xf1, 0x6a, 0x93, 0xdd, 0xfc, 0x4f, 0x2e, 0x32, 0x13, 0xa9, 0x58, 0x70, 0x9d, 0xcc, 0x9b, 0x84, 0xe5, 0x83,
    0x13, 0x84, 0x23, 0x9c, 0xf1, 0xc2, 0x16, 0x04, 0x63, 0x1a, 0x10, 0xd8, 0x99, 0x99, 0xa1, 0x2f, 0xeb, 0x84, 0xfa, 0xe1, 0x08, 0x2b, 0x55, 0x55,
    0x56, 0x78, 0xe3, 0x18, 0xc6, 0x2d, 0xc8, 0xaf, 0xdc, 0xc9, 0x21, 0xf9, 0xb9, 0x9f, 0x9a, 0x3e, 0x46, 0xac, 0xae, 0x35, 0xfb, 0x01, 0x3e, 0xdc,
    0x29, 0xce, 0x3b, 0x00, 0xcb, 0x21, 0xdb, 0x03, 0x3c, 0x3c, 0xfe, 0x41, 0xf8, 0x68, 0x7d, 0xf0, 0xfe, 0xda, 0x45, 0x41, 0xf2, 0xc3, 0x57, 0xc0,
    0xd7, 0x27, 0x7d, 0xc5, 0x22, 0x8b, 0x92, 0x1f, 0x6c, 0x2d, 0xbf, 0x9a, 0x42, 0xb8, 0xac, 0x2d, 0xeb, 0x65, 0x71, 0x1d, 0x70, 0xb6, 0x17, 0xeb,
    0x0b, 0x18, 0x8e, 0xe0, 0x29, 0x60, 0x61, 0x9c, 0x6b, 0xb8, 0xaf, 0x99, 0x3f, 0x50, 0xfa, 0x49, 0x99, 0x99, 0x99, 0x33, 0xc6, 0x31, 0x8c, 0x48,
    0x3f, 0x50, 0x47, 0xd8, 0x09, 0xea, 0x08, 0xfb, 0x01, 0x3d, 0x41, 0x1f, 0x72, 0x13, 0xd4, 0x11, 0xf7, 0x21, 0x3d, 0x41, 0x1e, 0x80, 0xf0, 0xfe,
    0xe2, 0x85, 0x63, 0xb0, 0x31, 0x6c, 0x08, 0xe5, 0x6b, 0xba, 0xae, 0x4e, 0xbb, 0xa9, 0xe5, 0xc6, 0x1b, 0x02, 0xfc, 0x3d, 0x7e, 0x68, 0xf9, 0x32,
    0xc6, 0xd3, 0x24, 0xc2, 0xfd, 0xb8, 0xb5, 0x85, 0xfb, 0x71, 0x63, 0xaa, 0xb2, 0xda, 0xa8, 0xc9, 0x75, 0xf9, 0xa5, 0xf0, 0xd0, 0xfa, 0xf0, 0xfd,
    0x38, 0xa1, 0x2f, 0xdd, 0x0c, 0x5b, 0x21, 0xc9, 0x83, 0xf7, 0x54, 0x57, 0x0b, 0xdb, 0x86, 0xb0, 0xbf, 0x60, 0x58, 0xe6, 0xac, 0x8f, 0x42, 0xc4,
    0xb3, 0xf2, 0x6e, 0x1b, 0xa8, 0x85, 0x70, 0x8b, 0x37, 0xee, 0xf7, 0xcd, 0xd3, 0xdb, 0x41, 0xb8, 0x9a, 0xf9, 0x56, 0xf4, 0xd3, 0xc0, 0x28, 0xc1,
    0x8a, 0x26, 0x5f, 0xfb, 0x39, 0xd1, 0xd4, 0x91, 0x98, 0xbe, 0x4f, 0x61, 0x51, 0xbf, 0xf9, 0x9a, 0x4d, 0x04, 0x23, 0x20, 0x6d, 0x2c, 0x07, 0x3b,
    0x7f, 0xf2, 0xf4, 0xce, 0x2c, 0x46, 0x40, 0x4c, 0xda, 0xc3, 0x25, 0x64, 0xff, 0xb5, 0xac, 0x30, 0x82, 0x32, 0x2c, 0x64, 0xca, 0x42, 0x12, 0x2f,
    0xff, 0x5f, 0x1c, 0xac, 0x91, 0x8b, 0x12, 0x83, 0x26, 0x8e, 0x00, 0x2b, 0x69, 0x0a, 0x05, 0x88, 0xdb, 0xff, 0xb6, 0x83, 0x2c, 0xcf, 0x37, 0x1c,
    0xab, 0x11, 0xe4, 0xc8, 0x4d, 0x5a, 0xc2, 0x09, 0x8f, 0xfe, 0xd6, 0x16, 0xe1, 0x31, 0x25, 0xa8, 0x28, 0x62, 0x3c, 0xe1, 0x04, 0x92, 0xa7, 0xff,
    0x22, 0xe8, 0x2f, 0x60, 0x8f, 0x25, 0x7b, 0x90, 0xfa, 0x67, 0xe1, 0xe2, 0x97, 0x87, 0x8a, 0x10, 0x69, 0x15, 0x58, 0x4e, 0x48, 0xc1, 0xf8, 0xf5,
    0x50, 0x9e, 0x1b, 0xc8, 0xca, 0xfb, 0x79, 0x0b, 0xf6, 0xe8, 0xfd, 0x4f, 0x6f, 0x2f, 0xdb, 0xc8, 0xd2, 0x9b, 0xd0, 0xca, 0xf2, 0x06, 0x93, 0xc6,
    0xd8, 0xd3, 0x7b, 0x6d, 0x8d, 0xdb, 0xd6, 0xd8, 0x7f, 0xac, 0xc0, 0xfd, 0x4f, 0x5b, 0x5a, 0xed, 0xb6, 0x26, 0xc5, 0x6d, 0x8d, 0x5b, 0x96, 0x12,
    0xbe, 0x26, 0x86, 0xef, 0xea, 0xe4, 0x4b, 0x9f, 0x8b, 0x91, 0xaf, 0xa9, 0x70, 0xfd, 0x4f, 0x53, 0x35, 0xd5, 0xc8, 0xac, 0x12, 0xe4, 0x4d, 0xcc,
    0x90, 0x55, 0xbc, 0x38, 0x14, 0xe7, 0xe2, 0x62, 0xaa, 0x13, 0xc3, 0xc5, 0x57, 0xd3, 0x70, 0x78, 0x88, 0x88, 0x83, 0xc6, 0xb5, 0xad, 0x6b, 0x47,
    0xfd, 0x6b, 0xde, 0xf7, 0xbd, 0xcb, 0x5f, 0xc3, 0x33, 0x33, 0x33, 0x32, 0xb4, 0x44, 0x44, 0x42, 0xdf, 0x5a, 0xd6, 0xb5, 0xa6, 0xfe, 0xad, 0xef,
    0x7b, 0xde, 0xe9, 0x8f, 0xe5, 0x88, 0xcc, 0xcc, 0xcc, 0x80, 0x48, 0x88, 0x88, 0x8b, 0x2e, 0xb5, 0xad, 0x6b, 0x57, 0xfe, 0x9d, 0xef, 0x7b, 0xde,
    0xea, 0xdf, 0xcc, 0x11, 0x99, 0x99, 0x99, 0x80, 0x88, 0x88, 0x88, 0xc6, 0xb5, 0xad, 0x6b, 0x51, 0xfb, 0x7b, 0xde, 0xf7, 0xbd, 0xbf, 0x9b, 0x33,
    0x33, 0x33, 0x30, 0x4f, 0xd9, 0xca, 0xfb, 0x79, 0x1a, 0x5f, 0x6f, 0xb1, 0xa6, 0xf5, 0xa8, 0x2f, 0x0e, 0xf2, 0x32, 0x67, 0x8a, 0x10, 0x9c, 0x91,
    0x09, 0xe3, 0x9f, 0xd0, 0x4f, 0xd8, 0xdd, 0xbd, 0x6d, 0x8d, 0xdb, 0xd6, 0xd0, 0x9b, 0xfa, 0xbb, 0x0f, 0xdb, 0x6c, 0x69, 0x4e, 0xf2, 0x34, 0xdc,
    0x81, 0xa5, 0xf2, 0xcb, 0xf4, 0x3f, 0xdb, 0xcb, 0x9f, 0x89, 0x91, 0x4e, 0x7e, 0x24, 0x0a, 0x73, 0xf0, 0xf2, 0x35, 0xd5, 0xc8, 0x9b, 0x13, 0x68,
    0x4d, 0xf9, 0x61, 0xbb, 0x78, 0xd6, 0xfa, 0x33, 0xfa, 0x95, 0x84, 0xf0, 0xe2, 0x84, 0x27, 0x86, 0xf4, 0x21, 0x3d, 0x71, 0x5d, 0x4c, 0x55, 0x60,
    0x97, 0x22, 0x9c, 0xc9, 0x05, 0x39, 0xf4, 0xee, 0x7e, 0x80, 0xe9, 0xf8, 0xf4, 0x2a, 0x0a, 0xc3, 0x36, 0xc0, 0xc4, 0x4f, 0x77, 0xbf, 0x67, 0x7d,
    0x3d, 0x0b, 0x70, 0xe6, 0xad, 0xdb, 0x06, 0xf2, 0xda, 0x3f, 0xfc, 0x8a, 0x5f, 0x32, 0x1b, 0xd3, 0xe8, 0xe9, 0xfa, 0xdb, 0xf9, 0xa4, 0x24, 0x1b,
    0xb5, 0xeb, 0x65, 0x69, 0x5e, 0x60, 0x1f, 0xb9, 0x07, 0xe6, 0x04, 0x79, 0x90, 0xfe, 0x18, 0xc7, 0xa9, 0xa5, 0xff, 0xfa, 0xd5, 0x7f, 0x6e, 0x1f,
    0xe9, 0xf8, 0xf0, 0xfc, 0x4d, 0x7c, 0xdb, 0x72, 0x6a, 0xf6, 0x9a, 0x34, 0x97, 0xe5, 0x85, 0xbd, 0xb8, 0x6f, 0x2d, 0x5b, 0xf2, 0xe3, 0x27, 0xe4,
    0xeb, 0xee, 0x6f, 0xff, 0xf2, 0x56, 0x7d, 0x51, 0xaf, 0xa7, 0xe0, 0xe9, 0xf4, 0xe2, 0x84, 0xdc, 0xa0, 0x62, 0xda, 0x0d, 0xbc, 0xf0, 0xc4, 0x78,
    0x83, 0x1d, 0x59, 0xa4, 0xe2, 0x8d, 0xaf, 0x62, 0x8f, 0xc7, 0x8f, 0xfd, 0xdc, 0x9f, 0x93, 0x47, 0xe1, 0x9f, 0x40, 0xf1, 0xb1, 0x9c, 0xc5, 0xbe,
    0xa6, 0xc6, 0xe2, 0x35, 0x52, 0xdd, 0x4a, 0xda, 0xf8, 0x79, 0x0d, 0xcd, 0x49, 0x93, 0x62, 0xe9, 0x62, 0xd4, 0x92, 0x0b, 0x96, 0x04, 0xd5, 0x02,
    0x50, 0xd7, 0x06, 0x81, 0xf9, 0x91, 0xca, 0x7c, 0x51, 0x5c, 0x76, 0xc3, 0x92, 0xf8, 0x92, 0xb8, 0xed, 0x87, 0x29, 0xdc, 0x13, 0x06, 0xe6, 0x01,
    0x18, 0x66, 0x0c, 0x5b, 0xac, 0x45, 0x0c, 0x66, 0xb9, 0x3a, 0x23, 0x8d, 0xe5, 0x31, 0x3a, 0x5e, 0x58, 0x63, 0xff, 0x6e, 0x27, 0x16, 0xb5, 0xf2,
    0xdf, 0x53, 0x1b, 0xaa, 0x9c, 0xaf, 0x40, 0xf1, 0x1f, 0x39, 0x8b, 0x9f, 0xa7, 0x91, 0x31, 0x19, 0xaa, 0x7f, 0x37, 0x4d, 0xeb, 0x87, 0xe3, 0x85,
    0x24, 0x77, 0x4b, 0x1b, 0x84, 0x2a, 0x82, 0x61, 0x53, 0x41, 0x8a, 0x9d, 0x05, 0x8a, 0x73, 0xcb, 0x86, 0x2c, 0xe5, 0x82, 0x20, 0x6e, 0x18, 0x62,
    0x8d, 0x58, 0x22, 0x05, 0xe1, 0x86, 0x2c, 0xe5, 0x43, 0x15, 0x63, 0x96, 0x0c, 0x5b, 0xc1, 0x87, 0x2c, 0x08, 0xc4, 0x8c, 0xe0, 0x29, 0x66, 0x4c,
    0xb1, 0xbd, 0x35, 0xf7, 0xbb, 0x71, 0x2b, 0x47, 0xff, 0x8b, 0x55, 0x17, 0xb5, 0xe1, 0xfe, 0x9b, 0xea, 0x6a, 0x75, 0x7e, 0x80, 0xf0, 0xef, 0x19,
    0xcb, 0xaf, 0xd7, 0x15, 0x98, 0x89, 0x10, 0x7d, 0xc0, 0x7f, 0x5a, 0xb5, 0xc6, 0x0e, 0x47, 0x7c, 0x2b, 0x2a, 0x8b, 0x16, 0x64, 0x92, 0x6b, 0x62,
    0xb0, 0x59, 0xd1, 0x56, 0x0b, 0x32, 0x64, 0xa3, 0x04, 0xf4, 0x62, 0xe5, 0x2f, 0xd9, 0xc1, 0x5c, 0x18, 0xb9, 0x53, 0xf6, 0x70, 0x57, 0xa2, 0xa7,
    0x2d, 0x6b, 0x86, 0x30, 0x58, 0xd9, 0x6f, 0x45, 0x61, 0xac, 0x4d, 0x4d, 0xe9, 0xca, 0xe1, 0x4a, 0xdb, 0xdb, 0xae, 0xe7, 0x1d, 0xdc, 0xaf, 0xfe,
    0x1e, 0xc6, 0x6f, 0x6b, 0x63, 0x3f, 0xb6, 0xcc, 0xd5, 0x6b, 0x1d, 0xe9, 0xda, 0x33, 0x9c, 0x37, 0xdb, 0x55, 0x6a, 0x23, 0x63, 0x69, 0xdb, 0x0c,
    0x9f, 0x89, 0xb9, 0x32, 0x3a, 0xcf, 0x2d, 0x8b, 0x2b, 0x1c, 0xc1, 0x5c, 0x21, 0x68, 0x6e, 0xab, 0x44, 0xf4, 0x59, 0xd9, 0x5c, 0x29, 0x1c, 0xe8,
    0x94, 0x2e, 0xf2, 0x59, 0xd7, 0x63, 0x44, 0x81, 0xb7, 0x92, 0xce, 0xbb, 0x1a, 0x25, 0x0b, 0xad, 0x13, 0xd1, 0xf3, 0x7a, 0x2b, 0x03, 0xc5, 0x1a,
    0x56, 0xf1, 0xaa, 0xab, 0xef, 0x24, 0x81, 0xc9, 0x75, 0xb8, 0x4c, 0xce, 0x4f, 0x90, 0x2d, 0xff, 0xb0, 0x36, 0xf6, 0xb3, 0xe8, 0xfe, 0xac, 0x6e,
    0xab, 0x70, 0x9d, 0xea, 0x54, 0x9f, 0xd7, 0xf8, 0xff, 0x67, 0x73, 0xbf, 0x54, 0x3e, 0x02, 0x79, 0x00, 0xd0, 0x63, 0xca, 0xd7, 0x37, 0x3d, 0x61,
    0x85, 0x58, 0x0b, 0xcc, 0xff, 0x20, 0x8e, 0xb4, 0x88, 0x89, 0xba, 0x2b, 0x8b, 0x79, 0x71, 0x6d, 0x51, 0xf8, 0x63, 0x20, 0xf3, 0x75, 0x6f, 0xad,
    0xf3, 0x3f, 0x60, 0x64, 0x1f, 0xb5, 0x96, 0x17, 0xf2, 0xc2, 0xc5, 0x3a, 0xf3, 0x34, 0x65, 0x80, 0x9c, 0x31, 0xa5, 0x5b, 0x87, 0xe5, 0xff, 0x93,
    0xcd, 0x52, 0x22, 0x26, 0x02, 0xa0, 0x8f, 0x14, 0x61, 0xc3, 0x7b, 0xba, 0xf2, 0x2b, 0x1f, 0xa7, 0x42, 0xbf, 0x6c, 0x32, 0x1b, 0xee, 0xa8, 0xeb,
    0x3e, 0x98, 0x82, 0xcd, 0x1f, 0x97, 0x0c, 0x56, 0x17, 0xf3, 0x74, 0xaa, 0xc3, 0x5d, 0x4f, 0xf8, 0x7c, 0xc0, 0x64, 0x44, 0xb0, 0x7e, 0x4c, 0xfb,
    0x5b, 0x25, 0x18, 0xf6, 0x02, 0x00, 0xf2, 0xd5, 0xaf, 0xee, 0xbe, 0x2f, 0xd4, 0x19, 0x18, 0xfa, 0xe1, 0x75, 0x3f, 0x77, 0x25, 0x70, 0xde, 0x28,
    0x72, 0x31, 0x1e, 0x60, 0x59, 0x57, 0x74, 0x7d, 0x9f, 0xe5, 0xb8, 0xc3, 0x08, 0x88, 0x95, 0x9e, 0x40, 0x4f, 0x32, 0x0c, 0xeb, 0x5e, 0xd8, 0x5c,
    0x4a, 0xaa, 0xa9, 0xca, 0x12, 0x0d, 0x63, 0x10, 0x24, 0xd0, 0x3f, 0x5c, 0x32, 0x07, 0xed, 0xc3, 0x20, 0x85, 0x5b, 0x4e, 0x89, 0x3f, 0xd9, 0x62,
    0x41, 0x84, 0x45, 0xc8, 0x64, 0x0f, 0xe5, 0x65, 0x03, 0xf4, 0xeb, 0x28, 0x34, 0xee, 0xfb, 0x16, 0x4f, 0xf7, 0x77, 0x20, 0xdd, 0x55, 0x56, 0x98,
    0xa6, 0x71, 0x8c, 0x48, 0x59, 0xd7, 0x54, 0x62, 0x75, 0xd4, 0x0f, 0x3b, 0x55, 0x6d, 0x4a, 0x4f, 0xf9, 0x4e, 0x53, 0xb4, 0x44, 0x71, 0x89, 0xd7,
    0x9a, 0xa9, 0xd7, 0x9a, 0xa9, 0x97, 0x77, 0xd0, 0x89, 0xff, 0x27, 0x04, 0x8a, 0xaa, 0xad, 0xdf, 0x90, 0x31, 0x8c, 0x6c, 0x5c, 0xa0, 0x79, 0x5b,
    0x28, 0x1e, 0x4e, 0x8a, 0x02, 0xaa, 0xc5, 0x31, 0x47, 0xfb, 0x06, 0x50, 0x11, 0x12, 0xd5, 0xb2, 0x81, 0xe3, 0x85, 0x81, 0xe6, 0x02, 0xc0, 0x77,
    0x78, 0x12, 0x51, 0xfe, 0x56, 0x50, 0x80, 0xb5, 0x55, 0x54, 0xe0, 0xca, 0xe2, 0x31, 0x8c, 0x8c, 0x95, 0xc3, 0x77, 0x20, 0xae, 0x1b, 0xb0, 0x0a,
    0xe2, 0xea, 0xae, 0x1c, 0xaf, 0xfe, 0xe9, 0x0a, 0xe2, 0xc8, 0x8d, 0xba, 0x4b, 0x86, 0xea, 0x8b, 0xdc, 0x37, 0x58, 0x3d, 0xc4, 0x3b, 0xe2, 0x82,
    0x5f, 0xfc, 0xad, 0x31, 0x00, 0xf0, 0xd3, 0xea, 0xeb, 0xf3, 0x29, 0xc5, 0xaa, 0xc5, 0xe0, 0x49, 0x94, 0xd2, 0x75, 0x84, 0x30, 0x7f, 0x5d, 0xdc,
    0x2f, 0xeb, 0x84, 0xfd, 0x70, 0xbf, 0xac, 0x1f, 0xd7, 0x72, 0x9a, 0x4e, 0xb0, 0x82, 0x5a, 0xac, 0x5e, 0x2a, 0x4f, 0x8b, 0xaf, 0xcc, 0xa7, 0xa6,
    0x9e, 0x00, 0xf5, 0x0f, 0xe9, 0xe6, 0xbe, 0x6d, 0xba, 0x72, 0x22, 0xef, 0x21, 0xb9, 0x01, 0xba, 0x75, 0xbe, 0x56, 0x7d, 0xb4, 0x1a, 0x87, 0xfe,
    0xb0, 0xbf, 0xf5, 0x43, 0xff, 0xdd, 0x67, 0xdb, 0x60, 0xca, 0x03, 0x74, 0xeb, 0x7c, 0x39, 0x11, 0x77, 0x90, 0xdd, 0x3c, 0xfe, 0x6d, 0x7f, 0x50,
    0xfc, 0xf1, 0x0f, 0xeb, 0xd7, 0xc9, 0xbf, 0x72, 0x35, 0x77, 0xd8, 0x72, 0xb0, 0xc7, 0x9a, 0x07, 0xaa, 0xf5, 0x61, 0x6b, 0x3f, 0xd1, 0x1f, 0xda,
    0xcf, 0xf7, 0x55, 0xea, 0xe1, 0x6c, 0x31, 0xe6, 0x82, 0x16, 0x46, 0xae, 0xfb, 0x0f, 0xdc, 0x57, 0xc9, 0xbf, 0xd4, 0x3f, 0x00, 0xf0, 0xd3, 0xed,
    0xa7, 0xe5, 0x60, 0xf8, 0xe3, 0x6f, 0x7c, 0x8d, 0x12, 0x0d, 0x79, 0x81, 0x67, 0x0b, 0xe1, 0xc5, 0xb3, 0x5f, 0xdd, 0x4f, 0xf7, 0x35, 0xfd, 0x70,
    0xbe, 0x1e, 0x2c, 0x83, 0x5e, 0x38, 0xb1, 0x38, 0xdb, 0xdf, 0x23, 0x5d, 0xb4, 0xfc, 0xac, 0x7d, 0x34, 0xf0, 0x4a, 0xaa, 0xa9, 0x84, 0xe2, 0x0d,
    0x63, 0x11, 0x41, 0x89, 0x03, 0xf4, 0xe6, 0x8d, 0x03, 0xf8, 0xc2, 0xe8, 0x1f, 0xd1, 0x08, 0x1f, 0xda, 0xca, 0x07, 0xf4, 0x42, 0x07, 0xf1, 0x85,
    0xd0, 0x3f, 0x4f, 0x74, 0x68, 0x34, 0xef, 0x14, 0x2c, 0x49, 0xfe, 0x56, 0x57, 0x80, 0xdd, 0x55, 0x4e, 0x9b, 0x93, 0x38, 0xc4, 0x48, 0xc1, 0x4e,
    0xbc, 0xc8, 0x69, 0xd7, 0x86, 0x33, 0x3a, 0xf7, 0x73, 0x3a, 0xf7, 0x35, 0x3a, 0xf7, 0x53, 0x3a, 0xf0, 0xeb, 0x33, 0xaf, 0x20, 0x34, 0xcb, 0xbe,
    0x36, 0x30, 0x53, 0xf9, 0x5a, 0xb7, 0x00, 0x8a, 0xaa, 0xad, 0xdf, 0xb0, 0x31, 0x8c, 0x6c, 0x6b, 0x90, 0x3c, 0x70, 0xe5, 0x03, 0xdd, 0xc9, 0x40,
    0xf7, 0x01, 0x20, 0x7a, 0xe1, 0x60, 0x7b, 0x80, 0x90, 0x3d, 0xdd, 0x14, 0x0f, 0x2e, 0x30, 0x50, 0x1d, 0xdf, 0x43, 0x46, 0x51, 0xfe, 0x6d, 0xfa,
    0x6a, 0xaa, 0xad, 0xe0, 0xf9, 0x61, 0x9c, 0x63, 0x22, 0x90, 0xac, 0x1b, 0xab, 0x5b, 0x2b, 0x06, 0xf1, 0xc2, 0xd8, 0x37, 0x8a, 0x2f, 0x60, 0xde,
    0x20, 0x7b, 0x06, 0xf1, 0x45, 0xec, 0x1b, 0xc7, 0x0b, 0x60, 0xdd, 0x4a, 0xd9, 0x58, 0x43, 0xbc, 0x55, 0x29, 0x5b, 0xfc, 0x98, 0x4e, 0x00, 0x4a,
    0xaa, 0xaa, 0xac, 0xa0, 0xd6, 0x31, 0x8c, 0x59, 0x03, 0xfa, 0x81, 0xfd, 0x41, 0x0c, 0xcc, 0xc6, 0x9f, 0xcb, 0x20, 0x85, 0x55, 0x53, 0x40, 0xfe,
    0xa0, 0x7f, 0x50, 0x69, 0xdd, 0xde, 0xc9, 0xfc, 0xd8, 0xdd, 0x55, 0x55, 0x54, 0xce, 0x31, 0x8c, 0x3c, 0xeb, 0xd9, 0xd7, 0xb3, 0xb6, 0x66, 0x64,
    0x9f, 0xf6, 0x27, 0x6a, 0xaa, 0xa9, 0x3a, 0xf6, 0x75, 0xec, 0xcb, 0xbb, 0xbb, 0xcf, 0xf0, 0x8a, 0xaa, 0xaa, 0xa5, 0x81, 0x8c, 0x63, 0x18, 0x48,
    0x1f, 0x60, 0x7d, 0x80, 0xcc, 0xcc, 0xa5, 0x1f, 0xec, 0x94, 0x05, 0x55, 0x54, 0x28, 0x1f, 0x60, 0x7d, 0x80, 0xee, 0xee, 0xe9, 0x1f, 0xc6, 0xb5,
    0x55, 0x55, 0x53, 0xdc, 0x46, 0x31, 0x8c, 0x35, 0xc3, 0x7b, 0x70, 0xde, 0xdc, 0x5d, 0x99, 0x98, 0xaf, 0xfc, 0x3b, 0x8b, 0xaa, 0xaa, 0x95, 0xc3,
    0x7b, 0x70, 0xde, 0xdc, 0x43, 0xbb, 0xba, 0xdf, 0xf9, 0x80, 0x4a, 0xaa, 0xaa, 0xa8, 0x41, 0xac, 0x63, 0x18, 0xb2, 0x07, 0xf5, 0x03, 0xfa, 0x81,
    0xfd, 0x4f, 0xe2, 0x20, 0xd3, 0xbb, 0xb9, 0xa0, 0x7f, 0x50, 0x3f, 0xa8, 0x1f, 0xd4, 0x0f, 0xe8, 0xdd, 0x55, 0x55, 0x4c, 0xce, 0x31, 0x8c, 0x3c,
    0xeb, 0xd9, 0xd7, 0xb3, 0xaf, 0x67, 0xfd, 0xbc, 0xcb, 0xbb, 0xba, 0xce, 0xbd, 0x9d, 0x7b, 0x3a, 0xf6, 0x75, 0xe8, 0x8a, 0xaa, 0xaa, 0xa4, 0x81,
    0x8c, 0x63, 0x18, 0x38, 0x1f, 0x60, 0x7d, 0x81, 0xf6, 0x3f, 0xdc, 0x94, 0x07, 0x77, 0x76, 0x28, 0x1f, 0x60, 0x7d, 0x81, 0xf6, 0x07, 0xd0, 0xb5,
    0x55, 0x55, 0x55, 0xee, 0x23, 0x18, 0xc6, 0x16, 0xe1, 0xbd, 0xb8, 0x6f, 0x6e, 0x1b, 0xdb, 0xff, 0xb4, 0x57, 0x10, 0xee, 0xf7, 0x2b, 0x86, 0xf6,
    0xe1, 0xbd, 0xb8, 0x6f, 0x6e, 0x1b, 0xd0, 0xf0, 0xd3, 0xea, 0xeb, 0xf3, 0x29, 0xc5, 0xaa, 0xc5, 0xe0, 0x49, 0x94, 0xd2, 0x75, 0x84, 0x30, 0x7f,
    0x5e, 0xee, 0x17, 0xf5, 0xc2, 0x71, 0x62, 0x22, 0x1c, 0x2f, 0x17, 0x5a, 0xa0, 0xc1, 0xfd, 0xd5, 0x14, 0xd2, 0x75, 0x46, 0x49, 0x85, 0x62, 0xf8,
    0xaa, 0x4e, 0x2e, 0xbf, 0x34, 0x9e, 0x9a, 0x1f, 0x40, 0xf5, 0x0f, 0xe9, 0xe7, 0xf3, 0x6b, 0xd3, 0x91, 0x17, 0x7a, 0x0d, 0xc8, 0x0d, 0xd4, 0xa9,
    0xe5, 0x6b, 0xdb, 0x39, 0xa8, 0x7f, 0xeb, 0x0b, 0xf6, 0x22, 0x21, 0x14, 0x3f, 0x0f, 0x5a, 0x90, 0xc5, 0x5a, 0xf5, 0xc2, 0x94, 0x06, 0xe9, 0xcc,
    0xf0, 0xe4, 0x45, 0xde, 0x45, 0xba, 0x79, 0xaf, 0x9b, 0x6f, 0xd4, 0x3f, 0x00, 0xf1, 0x0f, 0xee, 0x2b, 0xe4, 0xdf, 0xb9, 0x1a, 0xbb, 0xec, 0x39,
    0x58, 0x63, 0xcd, 0x84, 0xd5, 0x7a, 0xae, 0xb5, 0x9f, 0xe8, 0x8e, 0xbc, 0x44, 0x35, 0x67, 0xb1, 0xad, 0x87, 0xd5, 0x7a, 0xa2, 0xf6, 0x18, 0xf3,
    0x21, 0x0b, 0x23, 0x57, 0xbe, 0x84, 0x77, 0x15, 0xf2, 0x5f, 0xe9, 0x9f, 0x80, 0xf0, 0xd3, 0xed, 0xa7, 0xe5, 0x63, 0xae, 0x36, 0xf7, 0xc8, 0xd1,
    0x20, 0xd7, 0x98, 0x16, 0x70, 0xbe, 0x1b, 0xdb, 0x35, 0xfd, 0xd4, 0xf6, 0xd1, 0x10, 0xf9, 0xae, 0xdf, 0x5a, 0x1a, 0x70, 0xbe, 0xd6, 0x50, 0x6b,
    0xcb, 0x8b, 0x93, 0x8d, 0xbd, 0xf2, 0x37, 0xdb, 0x4f, 0xca, 0x83, 0xf4, 0xd3, 0xc0, 0x4a, 0x7f, 0x6a, 0x10, 0x3f, 0xa2, 0x10, 0x3f, 0xa2, 0x10,
    0x3f, 0xa2, 0x10, 0x42, 0xaa, 0xaa, 0x88, 0x4f, 0xfa, 0x84, 0x10, 0xcc, 0xcc, 0xc2, 0x10, 0x3f, 0xa2, 0x10, 0x3f, 0xa2, 0x10, 0x3f, 0xa2, 0x10,
    0x3f, 0xa2, 0x00, 0xde, 0x7d, 0xce, 0xe7, 0x5e, 0xea, 0x67, 0x5e, 0xea, 0x67, 0x5e, 0xea, 0x67, 0x6a, 0xaa, 0xab, 0xb9, 0x9f, 0xf9, 0x33, 0xb6,
    0x66, 0x66, 0xdc, 0xce, 0xbd, 0xd4, 0xce, 0xbd, 0xd4, 0xce, 0xbd, 0xd4, 0xce, 0xbd, 0xd4, 0x80, 0x8a, 0xf5, 0xe9, 0x20, 0x7a, 0xe1, 0x20, 0x7a,
    0xe1, 0x20, 0x7a, 0xe1, 0x20, 0x2a, 0xaa, 0xac, 0x04, 0x8f, 0xfa, 0x48, 0x0c, 0xcc, 0xcd, 0x01, 0x20, 0x7a, 0xe1, 0x20, 0x7a, 0xe1, 0x20, 0x7a,
    0xe1, 0x20, 0x7a, 0xe1, 0x00, 0xb5, 0x2f, 0x8b, 0x56, 0xb8, 0x6f, 0x18, 0x5e, 0xe1, 0xbc, 0x61, 0x7b, 0x86, 0xf1, 0x85, 0xee, 0x2e, 0xaa, 0xab,
    0x71, 0x7b, 0xff, 0xd5, 0xee, 0x2e, 0xcc, 0xcd, 0x71, 0x7b, 0x86, 0xf1, 0x85, 0xee, 0x1b, 0xc6, 0x17, 0xb8, 0x6f, 0x18, 0x5e, 0xe1, 0xbc, 0x61,
    0x70, 0x4a, 0x74, 0x0e, 0x81, 0xd0, 0x3a, 0x07, 0x40, 0xe8, 0x1d, 0x03, 0xa0, 0x74, 0x0e, 0x81, 0xc0, 0xde, 0x67, 0x53, 0xa9, 0xd4, 0xea, 0x75,
    0x3a, 0x9d, 0x4e, 0xa7, 0x53, 0xa0, 0x8a, 0x81, 0x02, 0x04, 0x08, 0x10, 0x20, 0x40, 0x81, 0x00, 0xb5, 0x2d, 0xc3, 0x5c, 0x35, 0xc3, 0x5c, 0x35,
    0xc3, 0x5c, 0x35, 0xc3, 0x5c, 0x35, 0xc3, 0x5c, 0x30, 0xf6, 0x75, 0xec, 0xeb, 0xd9, 0xd7, 0xb3, 0xaf, 0x67, 0x5e, 0xce, 0xbd, 0x9d, 0x7b, 0x3a,
    0xd6, 0xfb, 0x59, 0xc0, 0xc3, 0x40, 0xb1, 0x47, 0xca, 0xc7, 0x4d, 0x3a, 0xf6, 0x2b, 0xd8, 0x1e, 0xc0, 0xf6, 0x07, 0xb0, 0x3d, 0x81, 0xec, 0x0f,
    0x60, 0x60, 0x1f, 0x35, 0x4c, 0x34, 0xce, 0x20, 0x9e, 0xbe, 0x64, 0xfa, 0x87, 0xc0, 0xf6, 0xc1, 0x7d, 0xb8, 0x6f, 0x6e, 0x1b, 0xdb, 0x86, 0xf6,
    0xe1, 0xbd, 0xb8, 0x6f, 0x6e, 0x1b, 0xdb, 0x86, 0x61, 0x6e, 0x38, 0x53, 0xa9, 0xb5, 0xaa, 0x78, 0xd3, 0xf3, 0x6b, 0xe1, 0x9f, 0x40, 0xf5, 0x03,
    0xfa, 0x81, 0xfd, 0x40, 0xfe, 0xa0, 0x7f, 0x50, 0x3f, 0xa8, 0x1f, 0xd4, 0x0f, 0xea, 0x07, 0x31, 0x1c, 0x51, 0x72, 0xdd, 0x5d, 0xb6, 0x10, 0x93,
    0x5f, 0x2a, 0xde, 0x1a, 0x74, 0x4a, 0x7e, 0xad, 0x68, 0xd0, 0x3f, 0x12, 0xa5, 0x09, 0x03, 0x91, 0xcd, 0x27, 0x10, 0x39, 0xee, 0x97, 0xa8, 0x1f,
    0x22, 0xde, 0x20, 0xaf, 0x8d, 0xe2, 0x7c, 0x79, 0x93, 0xea, 0x0c, 0x93, 0x0d, 0x75, 0x03, 0xf3, 0x01, 0xf8, 0x81, 0xfb, 0xb0, 0xa4, 0x81, 0xfa,
    0x95, 0x26, 0xde, 0x7a, 0x7b, 0x94, 0x9d, 0x70, 0xf6, 0x18, 0xa7, 0x5c, 0xc8, 0xb7, 0x27, 0x45, 0x80, 0xfd, 0x9d, 0x38, 0xc7, 0x93, 0x5f, 0x1f,
    0xc9, 0x19, 0xd0, 0x6e, 0xcc, 0x99, 0xd4, 0x9f, 0x27, 0x5c, 0x61, 0x9e, 0x4e, 0xbb, 0x81, 0x72, 0x9d, 0x79, 0xb0, 0xa0, 0x8a, 0xf3, 0x35, 0x68,
    0x1d, 0xc0, 0x72, 0x81, 0xc7, 0x11, 0xc8, 0x05, 0x61, 0x9e, 0xc0, 0x5a, 0xd7, 0x90, 0x28, 0x6b, 0xc8, 0x13, 0x80, 0xfd, 0x80, 0x85, 0xa0, 0xbc,
    0x81, 0xc3, 0xa9, 0x32, 0x81, 0xd6, 0x19, 0x28, 0x1e, 0x60, 0x5c, 0xb5, 0x2f, 0x6f, 0x58, 0xb8, 0x6e, 0x58, 0x68, 0xae, 0x18, 0x96, 0xb6, 0x65,
    0x70, 0xc9, 0x52, 0x7c, 0xb8, 0xb4, 0xd2, 0x76, 0xe2, 0x85, 0x1f, 0x6e, 0x29, 0xc6, 0xbb, 0x71, 0x72, 0x70, 0xfc, 0xb8, 0x6e, 0x68, 0x29, 0x5c,
    0x37, 0x12, 0xa4, 0xee, 0x1b, 0xb6, 0x19, 0x4a, 0x7f, 0x50, 0x3f, 0xa8, 0x1f, 0xd4, 0x0f, 0xea, 0x07, 0xf5, 0x03, 0xfa, 0x81, 0xfd, 0x40, 0xfe,
    0xa0, 0x7f, 0x50, 0x69, 0xdd, 0xdd, 0x53, 0xf8, 0xe0, 0xde, 0x7d, 0x9d, 0x7b, 0x3a, 0xf6, 0x75, 0xec, 0xeb, 0xd9, 0xd7, 0xb3, 0xaf, 0x67, 0x5e,
    0xce, 0xbd, 0x99, 0x77, 0x77, 0xb4, 0xff, 0xba, 0x8a, 0xf6, 0x07, 0xb0, 0x3d, 0x81, 0xec, 0x0f, 0x60, 0x7b, 0x03, 0xd8, 0x1e, 0xc0, 0xf6, 0x03,
    0xbb, 0xbd, 0xe3, 0xf8, 0xb5, 0x2f, 0xb7, 0x0d, 0xed, 0xc3, 0x7b, 0x70, 0xde, 0xdc, 0x37, 0xb7, 0x0d, 0xed, 0xc3, 0x7b, 0x70, 0xde, 0xdc, 0x37,
    0xb7, 0x10, 0xee, 0xee, 0x77, 0xfe, 0x28, 0x4a, 0xa3, 0xf5, 0x6a, 0x93, 0xe3, 0xfb, 0x9f, 0x89, 0xf2, 0x7c, 0x3f, 0xc4, 0x1a, 0x0d, 0xd7, 0x1a,
    0x08, 0x1e, 0x73, 0xd9, 0xcc, 0x04, 0x0e, 0xe1, 0x09, 0x83, 0x40, 0x40, 0xe6, 0x30, 0x59, 0x92, 0x80, 0x81, 0xcb, 0x32, 0x81, 0xca, 0x02, 0x07,
    0x26, 0x1b, 0x06, 0x50, 0x10, 0x3f, 0x24, 0x67, 0x90, 0x10, 0x3f, 0x1c, 0x37, 0x20, 0x00, 0x9a, 0x6f, 0x4e, 0xa9, 0x28, 0x67, 0xd7, 0xf8, 0xb5,
    0xf0, 0xfc, 0x9f, 0x8b, 0x5a, 0x0f, 0xd6, 0x1a, 0x0b, 0x59, 0xcc, 0xf7, 0x32, 0xe1, 0x6b, 0x2c, 0x18, 0x90, 0x3b, 0x85, 0xac, 0x94, 0xe4, 0x9c,
    0x1b, 0x85, 0xac, 0x93, 0x84, 0x9c, 0x93, 0x85, 0xac, 0x91, 0x8d, 0x86, 0x27, 0x0b, 0x59, 0xe6, 0x44, 0xf1, 0xc2, 0xd6, 0x78, 0xc2, 0xfc, 0x70,
    0xa0, 0x8a, 0xc7, 0xdc, 0xd3, 0xc0, 0xa3, 0xf1, 0x3e, 0x3c, 0x7c, 0xbf, 0x98, 0xf8, 0xf1, 0x5b, 0xdf, 0x95, 0xa0, 0xf1, 0x57, 0x0b, 0xcb, 0x0b,
    0x07, 0x8a, 0x3a, 0x8e, 0x6f, 0x68, 0x1e, 0x28, 0xa2, 0x8d, 0x45, 0xd0, 0x3c, 0x51, 0x20, 0xbc, 0x51, 0xa0, 0x78, 0xae, 0x6a, 0x6b, 0x04, 0x81,
    0xe2, 0xb9, 0x6f, 0x88, 0x48, 0x1e, 0x2b, 0xb5, 0xae, 0x20, 0x70, 0xb5, 0x6f, 0xeb, 0xd6, 0x6f, 0xf1, 0x7d, 0x91, 0xab, 0xfc, 0x8f, 0x1b, 0xe6,
    0xae, 0x35, 0x47, 0xdd, 0x4c, 0xea, 0xe2, 0xc1, 0xf8, 0x81, 0xe7, 0x57, 0x0b, 0xa9, 0xe6, 0x28, 0xe7, 0x57, 0x0b, 0x60, 0xc5, 0x50, 0x53, 0xab,
    0x85, 0x29, 0xcd, 0x82, 0x94, 0xea, 0xe1, 0x4b, 0x03, 0x7b, 0xe4, 0xea, 0xe1, 0x49, 0x3e, 0x5f, 0x93, 0xab, 0x85, 0xe6, 0x68, 0xf9, 0x3a, 0x3a,
    0xd7, 0xb3, 0xa3, 0xf8, 0xfe, 0x4e, 0x8f, 0xf1, 0x7b, 0x3a, 0x31, 0x99, 0xdf, 0x67, 0x46, 0x21, 0x86, 0x39, 0x3a, 0x31, 0x05, 0x01, 0x4a, 0x74,
    0x62, 0x08, 0xe6, 0x4e, 0x74, 0x62, 0x38, 0xa2, 0x27, 0x46, 0x23, 0xb8, 0xf9, 0xa3, 0x11, 0xe6, 0xc6, 0x8c, 0x47, 0x88, 0x34, 0xdc, 0x9f, 0x99,
    0x99, 0x19, 0xf3, 0x55, 0x3f, 0x2d, 0xdd, 0x54, 0xef, 0x54, 0x7c, 0xd5, 0x4e, 0xd2, 0xb5, 0xcd, 0x54, 0xec, 0xae, 0x2e, 0x5a, 0xa9, 0xdf, 0x33,
    0x49, 0xaa, 0x9d, 0xf0, 0xeb, 0x7a, 0xa9, 0xdf, 0x6d, 0xf2, 0xa7, 0x7e, 0x40, 0xa9, 0xdf, 0x87, 0x34, 0xcd, 0x2f, 0x8f, 0x49, 0x91, 0xbf, 0x30,
    0x13, 0x3f, 0x31, 0xdc, 0x04, 0xcd, 0x40, 0x5e, 0x60, 0x26, 0x68, 0xe6, 0x4c, 0xb0, 0x13, 0x34, 0x4a, 0x20, 0xb0, 0x13, 0x35, 0xcc, 0x06, 0xc0,
    0x4c, 0xd7, 0x77, 0x30, 0x13, 0x35, 0xd4, 0xfc, 0x4c, 0xd7, 0x8f, 0xf1, 0x33, 0x5e, 0xe8, 0x20, 0xb5, 0x3f, 0x8b, 0x57, 0xbf, 0xc5, 0xea, 0x87,
    0xbf, 0xcd, 0xf5, 0x43, 0xdc, 0x60, 0x63, 0x8a, 0x1e, 0xe1, 0xa0, 0x29, 0x28, 0x7b, 0x86, 0x39, 0x93, 0x50, 0xf7, 0x0c, 0x4a, 0x21, 0x43, 0xdc,
    0x37, 0x30, 0x1c, 0x3d, 0xc3, 0x77, 0x7f, 0x1e, 0xe1, 0xba, 0x9f, 0x1e, 0xe1, 0xbc, 0x70, 0xe0, 0xf0, 0xd3, 0xf5, 0x75, 0xf9, 0x94, 0xea, 0xd5,
    0x62, 0xf1, 0x52, 0x9c, 0x9a, 0x4e, 0xa8, 0xc9, 0x30, 0x7f, 0x72, 0x0d, 0xc2, 0xfb, 0x70, 0xce, 0x13, 0xdb, 0x0b, 0x38, 0x5f, 0x6e, 0x19, 0x83,
    0xfb, 0x00, 0xca, 0x69, 0x3a, 0xa3, 0x3c, 0x5a, 0xac, 0x5e, 0x2a, 0x53, 0xab, 0xaf, 0xcc, 0xa7, 0xd3, 0x4f, 0x40, 0xf5, 0x0f, 0xe9, 0xc5, 0x7c,
    0xda, 0xf4, 0xe4, 0x45, 0xde, 0x43, 0x72, 0x03, 0x74, 0xe6, 0x79, 0x59, 0xf6, 0xe2, 0xca, 0x1f, 0xd4, 0x0e, 0xc2, 0xfe, 0x98, 0xc2, 0x87, 0xf5,
    0x03, 0x95, 0x67, 0xdb, 0x8b, 0x14, 0x06, 0xe9, 0xcc, 0xf0, 0xe4, 0x45, 0xde, 0x43, 0x74, 0xe2, 0xbe, 0x6d, 0xbf, 0x50, 0xfc, 0xf1, 0x0f, 0xeb,
    0xd7, 0xc9, 0xbf, 0x72, 0x35, 0x77, 0xd8, 0xc1, 0x58, 0x63, 0xcc, 0x85, 0xd5, 0x7a, 0x83, 0x15, 0x9f, 0xb3, 0xa1, 0x1f, 0x77, 0xba, 0xcf, 0xd9,
    0xd6, 0xab, 0xd4, 0x18, 0xb0, 0xc7, 0x99, 0x0a, 0x59, 0x1a, 0xbb, 0xec, 0x63, 0xaf, 0x5f, 0x26, 0xff, 0x50, 0xfc, 0xf0, 0xd3, 0xf6, 0xd3, 0xf2,
    0xb0, 0x7d, 0x71, 0xb7, 0xbe, 0x46, 0xb8, 0x83, 0x5e, 0x38, 0xb9, 0x38, 0x5f, 0x67, 0x65, 0x9a, 0xfb, 0x00, 0xb5, 0x3f, 0x70, 0x0f, 0x35, 0xf6,
    0x01, 0x38, 0x5f, 0x67, 0x64, 0x83, 0x5e, 0x38, 0xbf, 0x1c, 0x6d, 0xef, 0x91, 0xaf, 0x2d, 0x3f, 0x2b, 0x07, 0xf4, 0xd3, 0xd0, 0x4f, 0xf2, 0xb2,
    0x84, 0x83, 0x4e, 0xf1, 0x54, 0x68, 0x1f, 0xb7, 0x17, 0x40, 0xfd, 0x41, 0x84, 0x0f, 0xdb, 0x07, 0x41, 0x0c, 0xd7, 0x9a, 0x44, 0xff, 0x76, 0xa4,
    0x83, 0x08, 0x87, 0xd4, 0x0f, 0xf5, 0x03, 0xfd, 0x40, 0xff, 0x40, 0x9f, 0xf3, 0x6c, 0x53, 0x2e, 0xf8, 0x90, 0xd3, 0xae, 0xa0, 0xcc, 0xeb, 0xc9,
    0xdc, 0xeb, 0xa6, 0x33, 0x3b, 0x66, 0xb6, 0xc5, 0xa7, 0xfc, 0xab, 0x94, 0xed, 0x10, 0xfb, 0x3a, 0xfb, 0x3a, 0xfb, 0x3a, 0xfa, 0x8f, 0xf2, 0x5f,
    0x90, 0x1d, 0xdf, 0x61, 0xca, 0x07, 0x93, 0x45, 0x03, 0xcc, 0x83, 0x81, 0xe6, 0xe8, 0xa0, 0x33, 0x34, 0x0c, 0x14, 0x7f, 0x95, 0x8e, 0x40, 0x44,
    0x4f, 0x20, 0x7e, 0xc0, 0xfd, 0x8a, 0xfd, 0xbf, 0xf9, 0x50, 0x65, 0x71, 0x0e, 0xf9, 0x1a, 0x2b, 0x86, 0xec, 0x05, 0xb8, 0x6e, 0xdc, 0x5a, 0xe1,
    0xbb, 0x80, 0xb7, 0x17, 0x66, 0x71, 0xb2, 0xbf, 0xfb, 0xa4, 0x2b, 0x8b, 0x22, 0x1f, 0x6e, 0x1b, 0xed, 0xc3, 0x7d, 0xb0, 0x5f, 0xa0, 0xf0, 0xd3,
    0xf5, 0x75, 0xf9, 0x94, 0xea, 0xd5, 0x62, 0xf1, 0x52, 0x9c, 0x9a, 0x4e, 0xa8, 0xc9, 0x30, 0x7f, 0x72, 0x0d, 0xc2, 0xfb, 0x70, 0xce, 0x13, 0xdb,
    0x0b, 0x38, 0x5f, 0x6e, 0x19, 0x83, 0xf3, 0x17, 0x28, 0x06, 0x53, 0x48, 0x56, 0x0e, 0x33, 0xc5, 0xaa, 0xc5, 0xe4, 0x4a, 0x75, 0x75, 0xf9, 0x5b,
    0xfa, 0x68, 0x49, 0x50, 0x40, 0xf5, 0x0f, 0xe9, 0xc5, 0x7c, 0xda, 0xf4, 0xe4, 0x45, 0xde, 0x43, 0x72, 0x03, 0x74, 0xe6, 0x79, 0x59, 0xf6, 0xe2,
    0xca, 0x1f, 0xd4, 0x0e, 0xc2, 0xfe, 0x98, 0xc2, 0x87, 0xf5, 0x03, 0x95, 0x67, 0x97, 0xc1, 0x5c, 0x58, 0xa0, 0x31, 0x25, 0x44, 0xcf, 0x0e, 0x44,
    0x5f, 0x5f, 0x1b, 0xa7, 0x15, 0xf2, 0x69, 0x3e, 0xa1, 0x96, 0xf6, 0x40, 0xf1, 0x0f, 0xeb, 0xd7, 0xc9, 0xbf, 0x72, 0x35, 0x77, 0xd8, 0xc1, 0x58,
    0x63, 0xcc, 0x85, 0xd5, 0x7a, 0x83, 0x15, 0x9f, 0xb3, 0xa1, 0x1f, 0x77, 0xba, 0xcf, 0xd9, 0xd6, 0xab, 0x8d, 0x08, 0x83, 0x16, 0x18, 0xe6, 0xf7,
    0x90, 0xa5, 0x91, 0xab, 0xe3, 0xe6, 0x3a, 0xf5, 0xf2, 0x45, 0xbd, 0x43, 0x2c, 0x52, 0x00, 0xf0, 0xd3, 0xf6, 0xd3, 0xf2, 0xb0, 0x7d, 0x71, 0xb7,
    0xbe, 0x46, 0xb8, 0x83, 0x5e, 0x38, 0xb9, 0x38, 0x5f, 0x67, 0x65, 0x9a, 0xfb, 0x00, 0xb5, 0x3f, 0x70, 0x0f, 0x35, 0xf6, 0x01, 0x38, 0x52, 0x48,
    0x62, 0x9d, 0x92, 0x0d, 0x72, 0x2b, 0x02, 0xfc, 0x71, 0xb7, 0xbf, 0xcd, 0x79, 0x69, 0xf9, 0x55, 0x1f, 0x4d, 0x0a, 0xc2, 0xc4, 0x4a, 0xaa, 0xa9,
    0xca, 0x12, 0x0d, 0x63, 0x10, 0x28, 0xd0, 0x3f, 0x6c, 0x2e, 0x81, 0xfa, 0x83, 0x08, 0x1f, 0xb7, 0x17, 0x41, 0xbc, 0x63, 0x22, 0x4d, 0x05, 0x4c,
    0x8d, 0xa1, 0x20, 0x7e, 0x6e, 0x8c, 0x90, 0x3f, 0x18, 0x41, 0x20, 0x7e, 0xe8, 0x22, 0x07, 0xea, 0x8c, 0x80, 0xdd, 0x55, 0x56, 0x9b, 0x93, 0x38,
    0xc6, 0x28, 0x31, 0x4e, 0xba, 0x83, 0x25, 0x3a, 0xf2, 0x76, 0x53, 0xae, 0xa0, 0xc9, 0x4c, 0xe3, 0x11, 0x41, 0x8a, 0x44, 0xc8, 0xa5, 0xe4, 0xeb,
    0x98, 0x0d, 0xc9, 0xd7, 0x0e, 0xb7, 0xc9, 0xd7, 0x5c, 0x5c, 0xa7, 0x5d, 0x3a, 0x93, 0x8a, 0xaa, 0xad, 0xdf, 0x90, 0x31, 0x8c, 0x6c, 0x39, 0x40,
    0xf2, 0x68, 0xa0, 0x79, 0x90, 0x70, 0x3c, 0x9a, 0x28, 0x18, 0xc4, 0x48, 0x72, 0x81, 0x33, 0x41, 0xf9, 0x03, 0x96, 0x18, 0xe4, 0x0e, 0xec, 0x21,
    0x40, 0xeb, 0x0c, 0x94, 0x0f, 0x34, 0x14, 0xb5, 0x55, 0x54, 0xe0, 0xca, 0xe2, 0x31, 0x8d, 0x0d, 0x15, 0xc3, 0x76, 0x02, 0xdc, 0x37, 0x6e, 0x2d,
    0x70, 0xdd, 0x80, 0xb7, 0x19, 0xc4, 0x68, 0x68, 0xae, 0x2a, 0x68, 0x64, 0xca, 0xe1, 0x88, 0xeb, 0x7c, 0xb8, 0x6e, 0x60, 0x58, 0xae, 0x1b, 0x87,
    0x52, 0x57, 0x0d, 0xd7, 0x0e, 0xf0, 0xfd, 0x38, 0xaf, 0x99, 0x4e, 0x68, 0x45, 0xf1, 0x52, 0x6a, 0x1f, 0xb6, 0xab, 0x28, 0xc7, 0xee, 0xc6, 0x6c,
    0x7e, 0x1e, 0x2b, 0xe6, 0x57, 0xd5, 0xc5, 0x52, 0x7d, 0x51, 0x87, 0x0b, 0xd5, 0x18, 0x41, 0x37, 0x6b, 0xc8, 0x52, 0x69, 0xfc, 0x96, 0xf1, 0x15,
    0x3a, 0xf0, 0xfe, 0xbc, 0xfc, 0xdb, 0x73, 0x03, 0x37, 0x79, 0x0a, 0x55, 0xae, 0x9d, 0x41, 0x56, 0xbf, 0x70, 0x37, 0x74, 0xf6, 0xf3, 0xf3, 0x76,
    0xf5, 0x2f, 0x22, 0xdf, 0x4e, 0x74, 0xa1, 0xfc, 0x9d, 0x14, 0x87, 0x6b, 0x68, 0x5c, 0x93, 0x5f, 0x94, 0xfe, 0x1a, 0xa7, 0x40, 0xf0, 0xfc, 0x6d,
    0xfc, 0x9b, 0x93, 0x0d, 0xbd, 0xf4, 0x1f, 0x34, 0x7d, 0xde, 0xf5, 0x47, 0xed, 0x84, 0xba, 0xf8, 0xdb, 0xf9, 0x2f, 0xe1, 0xdb, 0x42, 0x3e, 0xe7,
    0xe6, 0xbc, 0xc8, 0x81, 0x0c, 0xd0, 0x32, 0x71, 0xfe, 0x41, 0xf5, 0x10, 0xf8, 0xf0, 0xfd, 0x4d, 0x7c, 0xac, 0x19, 0x1d, 0x53, 0xde, 0x06, 0x4a,
    0xe1, 0xbb, 0x8a, 0x37, 0x0d, 0xf5, 0x2a, 0xb0, 0xde, 0xa6, 0x7e, 0x54, 0x1f, 0x86, 0xd0, 0x37, 0xfb, 0x70, 0xda, 0xa3, 0xed, 0xc3, 0x5c, 0x6e,
    0xcc, 0xf5, 0x3c, 0x7a, 0xfc, 0xd2, 0x78, 0x8a, 0x7d, 0xcd, 0x55, 0x55, 0x55, 0x6a, 0xd8, 0xc4, 0x0c, 0xe3, 0x17, 0xeb, 0x0b, 0x7d, 0x61, 0x6f,
    0xac, 0x2d, 0xf5, 0x85, 0xbe, 0xb0, 0xb7, 0xd6, 0x16, 0xfa, 0xc2, 0xdf, 0x58, 0x5b, 0xeb, 0x0b, 0x74, 0xbd, 0x55, 0x55, 0x55, 0x52, 0xe3, 0x18,
    0x1b, 0xc6, 0x31, 0xe0, 0x8f, 0xd1, 0x1f, 0xa2, 0x3f, 0x44, 0x7e, 0x88, 0xfd, 0x11, 0xfa, 0x23, 0xf4, 0x47, 0xe8, 0x8e, 0x80, 0x5a, 0xaa, 0xaa,
    0xaa, 0xa6, 0x3c, 0x63, 0x13, 0x58, 0xc6, 0x13, 0xcd, 0x4f, 0xf7, 0x53, 0xfd, 0xd4, 0xff, 0x75, 0x3f, 0xdd, 0x4f, 0xf7, 0x53, 0xfd, 0xd4, 0xff,
    0x75, 0x3f, 0xdd, 0x4f, 0x80, 0x9a, 0xaa, 0xaa, 0xaa, 0x77, 0xc6, 0x34, 0x31, 0x8c, 0x37, 0x70, 0x13, 0xee, 0x02, 0x7d, 0xc0, 0x4f, 0xb8, 0x09,
    0xf7, 0x01, 0x3e, 0xe0, 0x27, 0xdc, 0x04, 0xfb, 0x80, 0x9f, 0x70, 0x13, 0xa0, 0x4a, 0x7f, 0x0e, 0xb0, 0x81, 0xfc, 0x31, 0x84, 0x0f, 0xe1, 0x8c,
    0x20, 0x7f, 0x0c, 0x61, 0x03, 0xf8, 0x63, 0x08, 0x1f, 0xc3, 0x18, 0x40, 0xfe, 0x18, 0xc2, 0x0c, 0x78, 0x63, 0x05, 0x52, 0x7d, 0x71, 0x72, 0xb8,
    0xdd, 0xed, 0x02, 0x7b, 0x7a, 0xfc, 0xc9, 0xfa, 0x8a, 0x7d, 0xde, 0x7d, 0xd6, 0xa7, 0x5e, 0xef, 0x73, 0xaf, 0x77, 0xb9, 0xd7, 0xbb, 0xdc, 0xeb,
    0xdd, 0xee, 0x75, 0xee, 0xf7, 0x3a, 0xf7, 0x7b, 0x9d, 0xfb, 0x3b, 0xc8, 0x4e, 0xa8, 0x85, 0x14, 0xf6, 0x7a, 0xa4, 0x26, 0xdf, 0xe6, 0xd7, 0xc4,
    0x53, 0xe8, 0x8a, 0xf7, 0x14, 0x70, 0x3d, 0xc0, 0x38, 0x1e, 0xe0, 0x1c, 0x0f, 0x70, 0x0e, 0x07, 0xb8, 0x07, 0x03, 0xdc, 0x03, 0x81, 0xee, 0x01,
    0xc0, 0xf6, 0x01, 0xdc, 0x5f, 0xa7, 0x32, 0x47, 0x23, 0x16, 0xbe, 0xc5, 0xf8, 0x9a, 0xfc, 0x9b, 0x7a, 0x6a, 0x9e, 0x00, 0xb5, 0x2f, 0x8d, 0x4d,
    0x70, 0xde, 0x30, 0xb5, 0xc3, 0x78, 0xc2, 0xd7, 0x0d, 0xe3, 0x0b, 0x5c, 0x37, 0x8c, 0x2d, 0x70, 0xde, 0x30, 0xb5, 0xc3, 0x78, 0xc2, 0xd6, 0x0d,
    0xe5, 0x83, 0x28, 0x8f, 0x32, 0x10, 0xb2, 0x33, 0x6b, 0x68, 0x47, 0x0e, 0x2b, 0xe5, 0x63, 0xea, 0x27, 0x80, 0xd4, 0x9f, 0x89, 0x51, 0x71, 0x6f,
    0x1c, 0x31, 0x8c, 0xf9, 0xba, 0xe6, 0xa8, 0xf8, 0x82, 0x39, 0x61, 0x6e, 0x38, 0x5e, 0x1d, 0x67, 0x9b, 0x9f, 0x20, 0x1a, 0x0c, 0x78, 0xc2, 0xf8,
    0x09, 0xed, 0x6a, 0x77, 0xf7, 0x1f, 0x2f, 0xf5, 0x7e, 0x1f, 0x40, 0x7a, 0x5f, 0x77, 0xb5, 0x11, 0xe2, 0x8c, 0x16, 0xeb, 0xcc, 0x05, 0x27, 0x0d,
    0xd9, 0xdf, 0x10, 0x47, 0x14, 0x3f, 0x75, 0x5c, 0x80, 0x9d, 0xb8, 0x62, 0xad, 0x78, 0x75, 0x0c, 0x2f, 0xee, 0x6a, 0x01, 0xfb, 0x6f, 0x99, 0xfd,
    0xa1, 0x6e, 0x80, 0x6a, 0x7f, 0x62, 0x90, 0xab, 0x7e, 0xd6, 0xf9, 0x01, 0x7a, 0xc1, 0xf8, 0xa3, 0x1d, 0xc8, 0x3e, 0xcc, 0xf6, 0xb5, 0xe3, 0x85,
    0x2b, 0x0b, 0x78, 0x83, 0x05, 0x9a, 0x3f, 0x77, 0x27, 0x59, 0xfb, 0x71, 0x01, 0xbe, 0x9f, 0xca, 0xfe, 0xe4, 0x47, 0x80, 0x3a, 0xd7, 0xb6, 0xab,
    0x16, 0x41, 0xf9, 0xa0, 0x65, 0x61, 0x7e, 0x98, 0xcf, 0x6b, 0x5d, 0xb8, 0xb7, 0x60, 0x27, 0x35, 0x5e, 0x30, 0x72, 0x31, 0x1e, 0xce, 0xca, 0xe1,
    0xbd, 0xc0, 0x4d, 0x4f, 0xd4, 0x10, 0x31, 0xfb, 0xbf, 0x8b, 0xfa, 0xe3, 0x7e, 0x00, 0xde, 0xfc, 0x9a, 0x3e, 0xea, 0x60, 0x27, 0x17, 0xe3, 0x70,
    0xc6, 0x58, 0x5f, 0x8f, 0xf3, 0x1c, 0x61, 0x73, 0x11, 0xcd, 0x6f, 0x5b, 0xe6, 0x02, 0x16, 0xa7, 0x95, 0x8b, 0x83, 0x2d, 0x4f, 0x1c, 0x22, 0x86,
    0x41, 0x63, 0x11, 0xc5, 0x17, 0x7a, 0xe4, 0xc3, 0x06, 0xed, 0x46, 0xb3, 0xc8, 0x9c, 0x03, 0xee, 0x68, 0x5f, 0x96, 0x13, 0xaf, 0x2f, 0xf1, 0x38,
    0x7f, 0x1f, 0xc3, 0x13, 0xe6, 0x82, 0xf0, 0xc5, 0x27, 0x73, 0x4d, 0xd7, 0xa5, 0xb0, 0xbf, 0x68, 0x63, 0xbb, 0xa2, 0x31, 0x1c, 0x5f, 0x9b, 0xe1,
    0x8c, 0xf3, 0x73, 0xc7, 0x18, 0x06, 0x4c, 0x2f, 0xc7, 0x08, 0x5a, 0xda, 0x8b, 0x16, 0x02, 0x71, 0x45, 0xca, 0xb0, 0x53, 0x05, 0xad, 0xf9, 0x50,
    0xc1, 0x4a, 0x24, 0xc6, 0x3c, 0xcc, 0xbd, 0x72, 0xc2, 0xc1, 0xbc, 0xb8, 0x9c, 0xf0, 0xc4, 0xd7, 0xa9, 0xf2, 0xfd, 0xd8, 0xd7, 0xd9, 0x09, 0xdc,
    0x07, 0xe8, 0xb5, 0x5b, 0xb7, 0xa7, 0xeb, 0x55, 0xcc, 0x47, 0x72, 0x37, 0xdc, 0x05, 0x2d, 0xcf, 0x6b, 0xe1, 0xf3, 0x75, 0xcc, 0x04, 0x25, 0x18,
    0x16, 0x23, 0x11, 0xc6, 0x17, 0x27, 0x07, 0x58, 0x26, 0x16, 0xed, 0x41, 0x6b, 0x45, 0x9d, 0x96, 0x01, 0xf7, 0x32, 0x54, 0xe5, 0x70, 0x7a, 0xdf,
    0x97, 0x17, 0x0a, 0x46, 0x2e, 0x31, 0xe2, 0x09, 0xae, 0xee, 0x43, 0x7b, 0x23, 0x3d, 0xc0, 0xaf, 0xb0, 0x2d, 0xd6, 0x19, 0xe8, 0x3a, 0x8e, 0xa5,
    0x6b, 0xa7, 0x59, 0x2d, 0xcf, 0x6f, 0xf0, 0xf8, 0xc1, 0xcb, 0x01, 0x39, 0x9f, 0x8d, 0xcc, 0x04, 0x26, 0x17, 0xe5, 0x45, 0x63, 0x9b, 0x9e, 0xd4,
    0x12, 0x86, 0xce, 0xc8, 0xc4, 0x77, 0x52, 0x4e, 0x0e, 0xe0, 0xd8, 0x5b, 0xae, 0x13, 0x5a, 0x24, 0x16, 0xc0, 0x3e, 0xa8, 0xbd, 0x3f, 0x26, 0x35,
    0xbf, 0x66, 0x42, 0xf3, 0x12, 0x1f, 0xd8, 0x13, 0xd6, 0xf8, 0xbe, 0xd8, 0x47, 0x4e, 0xab, 0xa0, 0xc5, 0x37, 0x4e, 0x64, 0xce, 0xa4, 0xf9, 0x81,
    0x6e, 0x58, 0x60, 0x94, 0x6b, 0xcd, 0x04, 0xd0, 0x4f, 0x12, 0xa4, 0x3f, 0xd8, 0x14, 0x7e, 0x9d, 0x50, 0x7f, 0x72, 0x17, 0x74, 0x9d, 0xb0, 0x82,
    0x51, 0x9e, 0x1c, 0xc9, 0xf2, 0x05, 0x8a, 0x05, 0xba, 0x75, 0x26, 0xb5, 0x63, 0xcc, 0xd2, 0x96, 0x82, 0xf1, 0x84, 0x71, 0x2b, 0x44, 0x73, 0x47,
    0xd7, 0x17, 0xc0, 0xb7, 0xbb, 0xa1, 0xaf, 0xb6, 0xf8, 0xdf, 0x77, 0x43, 0x3e, 0xdc, 0x3c, 0x0b, 0x75, 0x2b, 0x64, 0x73, 0x27, 0xcc, 0x85, 0xe5,
    0x84, 0x15, 0x84, 0x79, 0xa0, 0xa0, 0x4a, 0xd7, 0x97, 0xab, 0x93, 0x8b, 0xf0, 0xeb, 0x7d, 0xdd, 0x19, 0x64, 0x37, 0x54, 0x43, 0x08, 0xf6, 0x05,
    0x51, 0xfa, 0x7f, 0x31, 0xf7, 0x02, 0xa4, 0xfc, 0x51, 0x9b, 0x08, 0xf3, 0x74, 0x85, 0xa0, 0xbc, 0x70, 0xfc, 0x4a, 0xd9, 0x25, 0x6f, 0xc7, 0x0e,
    0xd4, 0xa7, 0x56, 0xb2, 0xa3, 0x3d, 0xdd, 0x21, 0x40, 0x62, 0xb8, 0x7e, 0x1c, 0xca, 0x54, 0xf9, 0x61, 0x21, 0xbd, 0xd8, 0xd7, 0xac, 0x28, 0x2f,
    0x4e, 0x65, 0x6b, 0x7d, 0xc0, 0xb1, 0x38, 0x72, 0x51, 0x9e, 0xee, 0x93, 0x74, 0x9d, 0x51, 0xa0, 0xcd, 0x2f, 0x98, 0xa6, 0x41, 0xae, 0xa0, 0xd7,
    0x30, 0x2d, 0xcc, 0x84, 0xe1, 0xcc, 0x93, 0x0c, 0x79, 0x60, 0xfb, 0x93, 0xf7, 0x5f, 0x2d, 0xf5, 0x06, 0xbf, 0xa2, 0x3f, 0xa2, 0x3f, 0xa2, 0x3f,
    0xa2, 0x3c, 0xbd, 0x5f, 0xcb, 0x56, 0x0b, 0x74, 0x7d, 0x9a, 0x32, 0x61, 0x8e, 0x38, 0xbf, 0x72, 0x10, 0xeb, 0x7e, 0x25, 0x66, 0x02, 0xfa, 0xff,
    0x23, 0xf6, 0x68, 0xff, 0x75, 0x3f, 0xdd, 0x4f, 0xf7, 0x53, 0xfd, 0xd4, 0xf8, 0x5a, 0xcf, 0x89, 0x5a, 0x28, 0x0d, 0xd8, 0x0a, 0x47, 0x5b, 0xe2,
    0x88, 0xed, 0xc5, 0xcb, 0x54, 0x7e, 0x6e, 0x6e, 0x2f, 0xea, 0xfc, 0xdf, 0xee, 0x43, 0x7e, 0xe0, 0x27, 0xee, 0x02, 0x7e, 0xe0, 0x27, 0xee, 0x02,
    0x74, 0x3d, 0xc9, 0xf9, 0xa9, 0x32, 0xb0, 0x7e, 0xdc, 0x3f, 0x75, 0x48, 0x47, 0x33, 0xe2, 0x88, 0x2c, 0x06, 0xf7, 0x02, 0xd5, 0x9f, 0xa7, 0x42,
    0x93, 0xf6, 0xe3, 0x1f, 0xd6, 0x16, 0xfe, 0xb0, 0xb7, 0xf5, 0x85, 0xbf, 0xac, 0x2d, 0xe0, 0xbd, 0x55, 0x55, 0x55, 0x59, 0x71, 0x8c, 0x63, 0x14,
    0x17, 0xdb, 0x07, 0xf4, 0xeb, 0x7f, 0x73, 0x49, 0xed, 0xc5, 0xfd, 0x4a, 0xd7, 0xdd, 0x52, 0x7b, 0x71, 0x7f, 0x52, 0xa9, 0xdd, 0xdd, 0xd6, 0xff,
    0xf1, 0xc0, 0x5a, 0xaa, 0xaa, 0xaa, 0x83, 0xc6, 0x31, 0x8c, 0x6c, 0x5f, 0xd4, 0xad, 0x7d, 0xd5, 0x27, 0xae, 0x2d, 0xea, 0x56, 0x7e, 0xee, 0x8f,
    0xd7, 0x16, 0xf5, 0x44, 0x7d, 0xd8, 0x77, 0x77, 0x7b, 0x27, 0xfc, 0xc8, 0x9a, 0xaa, 0xaa, 0xad, 0xbe, 0x31, 0x8c, 0x64, 0x67, 0xdd, 0xc9, 0xf9,
    0x80, 0xde, 0x28, 0x8f, 0x0e, 0x64, 0xfc, 0xc0, 0x6f, 0x18, 0x63, 0xc3, 0x99, 0xf6, 0x04, 0x3b, 0xbb, 0xde, 0x7f, 0x94, 0xcd, 0x55, 0x55, 0x55,
    0x25, 0xb1, 0x8c, 0x63, 0x02, 0x4f, 0xd8, 0x0b, 0xeb, 0x0c, 0x7a, 0x73, 0xbf, 0xb0, 0x17, 0xdb, 0x07, 0xf4, 0xeb, 0x7f, 0x73, 0x49, 0xed, 0x86,
    0x9d, 0xdd, 0xdc, 0xe3, 0xfe, 0x28, 0xc4, 0x42, 0xee, 0xb2, 0xbb, 0xcf, 0x37, 0x9e, 0x6f, 0x3c, 0xde, 0x79, 0xbc, 0xf3, 0x79, 0xe6, 0xf3, 0xcd,
    0xe7, 0x9b, 0xcf, 0x37, 0x9e, 0x6f, 0x4c, 0x7b, 0xf9, 0x63, 0x33, 0x20, 0xb4, 0x45, 0xb0, 0x33, 0x7c, 0x57, 0x31, 0x5c, 0xc5, 0x73, 0x15, 0xcc,
    0x57, 0x31, 0x5c, 0xc5, 0x73, 0x15, 0xcc, 0x57, 0x31, 0x5c, 0xc5, 0x32, 0x63, 0xe6, 0x0c, 0xcc, 0xc0, 0x58, 0x8c, 0x58, 0x6b, 0x16, 0x0a, 0x56,
    0x0a, 0x56, 0x0a, 0x56, 0x0a, 0x56, 0x0a, 0x56, 0x0a, 0x56, 0x0a, 0x56, 0x0a, 0x56, 0x0a, 0x56, 0x0a, 0x56, 0x17, 0x5b, 0x7c, 0xd9, 0x19, 0x98,
    0x38, 0x88, 0x33, 0x1b, 0xc9, 0x98, 0x7e, 0x18, 0x7e, 0x18, 0x7e, 0x18, 0x7e, 0x18, 0x7e, 0x18, 0x7e, 0x18, 0x7e, 0x18, 0x7e, 0x18, 0x7e, 0x18,
    0x7e, 0x18, 0x86, 0x23, 0xfc, 0x32, 0x33, 0x32, 0x75, 0xee, 0xf3, 0xdc, 0x57, 0x54, 0x2f, 0x69, 0xfb, 0x9d, 0x76, 0xf5, 0xd4, 0x0d, 0xd9, 0xc7,
    0x63, 0x7d, 0xb0, 0x3e, 0x18, 0xb7, 0x77, 0x1d, 0xbe, 0x00, 0xb5, 0xbc, 0xc4, 0xf8, 0xc1, 0x7c, 0xa7, 0xf3, 0x5a, 0xf1, 0xeb, 0xc5, 0x0d, 0xe5,
    0x63, 0xcc, 0xef, 0xcb, 0x83, 0xea, 0x0b, 0x79, 0x31, 0xe6, 0x27, 0xc5, 0x83, 0x57, 0xf1, 0x82, 0x74, 0xc5, 0xfc, 0xd6, 0x7c, 0x7a, 0xf1, 0x42,
    0xf9, 0x4f, 0xe6, 0x75, 0xe5, 0xc1, 0xf5, 0x03, 0x79, 0x31, 0xe4, 0x4f, 0x96, 0x09, 0xd3, 0x85, 0x47, 0x3e, 0x98, 0xbf, 0x9a, 0xcf, 0x8f, 0x5e,
    0x28, 0x5f, 0x29, 0xfc, 0xce, 0xbc, 0xb8, 0x3e, 0xa0, 0x6f, 0x27, 0x1e, 0x46, 0xfc, 0xb0, 0x3e, 0x98, 0xb7, 0x98, 0xb0, 0x68, 0x8b, 0xdb, 0x35,
    0x1c, 0x98, 0xe4, 0xc7, 0x26, 0x39, 0x31, 0xc9, 0x8e, 0x4c, 0x72, 0x63, 0x93, 0x1c, 0x98, 0xe4, 0xc2, 0x35, 0x43, 0xfc, 0x82, 0x33, 0x30, 0x48,
    0x8c, 0x26, 0x66, 0x79, 0x13, 0xc8, 0x9e, 0x44, 0xf2, 0x27, 0x91, 0x3c, 0x89, 0xe4, 0x4f, 0x22, 0x79, 0x13, 0xc8, 0x93, 0x6d, 0x4a, 0xfc, 0x92,
    0x33, 0x30, 0x88, 0x83, 0xce, 0xc2, 0x15, 0xc2, 0x15, 0xc2, 0x15, 0xc2, 0x15, 0xc2, 0x15, 0xc2, 0x15, 0xc2, 0x15, 0xc2, 0x15, 0xc2, 0x15, 0xc2,
    0x15, 0xc2, 0x36, 0x02, 0x7e, 0x21, 0x99, 0x90, 0x78, 0x86, 0x7d, 0x0b, 0x92, 0x0b, 0x92, 0x0b, 0x92, 0x0b, 0x92, 0x0b, 0x92, 0x0b, 0x92, 0x0b,
    0x92, 0x0b, 0x92, 0x0b, 0x92, 0x0b, 0x92, 0x0b, 0xad, 0x85, 0xf5, 0xf2, 0xe6, 0x66, 0x40, 0xe5, 0xe1, 0x3a, 0x62, 0xa3, 0xb8, 0xdd, 0xa8, 0xc8,
    0xea, 0xc5, 0x38, 0x2c, 0x4f, 0x2f, 0x46, 0xe3, 0x43, 0x79, 0xba, 0xdf, 0x58, 0x28, 0x6e, 0x6e, 0x0a, 0x36, 0x4c, 0x10, 0x90, 0x30, 0xe2, 0x45,
    0xfc, 0x8a, 0x07, 0xc3, 0xab, 0x6f, 0x1c, 0xc4, 0x95, 0xa8, 0xce, 0xaf, 0xc9, 0xc0, 0xe4, 0x47, 0x6d, 0x55, 0x6e, 0x6f, 0x18, 0xd9, 0x30, 0x44,
    0x0d, 0xac, 0xf3, 0x3a, 0xb7, 0xf2, 0x12, 0xf7, 0xbd, 0xef, 0x76, 0x3f, 0xe4, 0x95, 0xef, 0x7b, 0xde, 0xf6, 0xdf, 0xf1, 0x2d, 0x7b, 0xde, 0xf7,
    0xb9, 0x80, 0xc7, 0xf2, 0xcb, 0x7b, 0xde, 0xf7, 0xba, 0x00, 0x3b, 0x27, 0x33, 0xbe, 0x1e, 0x94, 0x65, 0x27, 0xa3, 0x2c, 0xd8, 0x56, 0x25, 0x0c,
    0x57, 0xc0, 0x4b, 0x19, 0xce, 0x09, 0xb4, 0xe1, 0xb3, 0x1f, 0x5f, 0xfc, 0xb9, 0x28, 0x83, 0x3d, 0x03, 0xf5, 0xc2, 0x92, 0xc6, 0xa7, 0xe2, 0xb0,
    0xdb, 0xdb, 0x01, 0x60, 0x77, 0x01, 0x5c, 0x58, 0xda, 0x82, 0x9e, 0xbe, 0x4e, 0x02, 0xf1, 0x13, 0xc0, 0xeb, 0x32, 0x75, 0xab, 0xf2, 0x39, 0x3b,
    0x42, 0xc0, 0x6e, 0x1f, 0x14, 0x5c, 0x93, 0x1a, 0x9f, 0x8e, 0x95, 0x38, 0xb5, 0x83, 0xd8, 0x37, 0x18, 0x3b, 0x0c, 0x1a, 0xec, 0x39, 0x63, 0xe5,
    0x38, 0x7e, 0x1a, 0x9f, 0x40, 0xea, 0xd9, 0x7a, 0x9b, 0xfc, 0xd9, 0x96, 0x69, 0x8a, 0xc3, 0x1c, 0x3e, 0xd6, 0x48, 0xef, 0x9d, 0xd0, 0xc9, 0x6e,
    0xa2, 0xeb, 0x59, 0x40, 0xfc, 0x31, 0x93, 0xad, 0x22, 0x64, 0x64, 0xad, 0x5f, 0x31, 0x39, 0xe1, 0xa9, 0xf4, 0xe2, 0x33, 0x77, 0x3f, 0x94, 0xb7,
    0x17, 0x24, 0xad, 0x91, 0xf7, 0x54, 0x56, 0x8d, 0xd0, 0xac, 0x0c, 0xdd, 0xb5, 0x53, 0xae, 0xea, 0xb5, 0x4a, 0x6e, 0x29, 0x67, 0xe6, 0xb3, 0x5c,
    0x44, 0xe8, 0x6a, 0xb7, 0xd6, 0x16, 0xfa, 0xc2, 0xc6, 0xcb, 0xd6, 0x18, 0xaf, 0x9b, 0x32, 0x61, 0x56, 0x3b, 0x8c, 0x93, 0x0c, 0x77, 0x20, 0xd8,
    0x5b, 0xae, 0x15, 0x85, 0xfa, 0xe1, 0x18, 0x47, 0x75, 0x44, 0xc2, 0xae, 0xae, 0x20, 0x98, 0x5e, 0x7e, 0x64, 0xfd, 0x44, 0xe8, 0xa8, 0xfa, 0x23,
    0xe8, 0x82, 0x56, 0xe8, 0xce, 0xfe, 0x4a, 0x97, 0xcc, 0x1b, 0x54, 0x90, 0xdf, 0x6e, 0x18, 0x47, 0x54, 0x5c, 0x47, 0x54, 0x5c, 0x4f, 0x5c, 0x30,
    0xa8, 0x5b, 0x56, 0xc8, 0x46, 0x7e, 0x6d, 0x3c, 0x44, 0xe8, 0xd6, 0xfe, 0xea, 0x7e, 0xea, 0x49, 0x58, 0xf9, 0xa9, 0xc7, 0xca, 0xb9, 0x68, 0x65,
    0x13, 0x61, 0x34, 0x0f, 0x8a, 0x31, 0xa9, 0xf2, 0xb3, 0xa9, 0xf2, 0xb3, 0xa0, 0x9c, 0x50, 0xfa, 0xad, 0xab, 0x4d, 0x26, 0xb6, 0xff, 0x2a, 0xde,
    0x1a, 0xf4, 0x7a, 0x4f, 0x70, 0x13, 0xdc, 0x04, 0x46, 0x4e, 0x60, 0x3f, 0xe4, 0x16, 0x04, 0xaa, 0x40, 0xbe, 0x05, 0xbb, 0x5b, 0xc0, 0x4e, 0xea,
    0xb0, 0x13, 0xba, 0xac, 0x0b, 0x70, 0xeb, 0x58, 0x13, 0x65, 0xc8, 0xb6, 0x05, 0xab, 0xe6, 0x3c, 0x35, 0x3e, 0x00, 0xea, 0xb1, 0xf5, 0x67, 0xf1,
    0xc8, 0xea, 0x55, 0x20, 0x35, 0xc3, 0x70, 0xdd, 0xa0, 0x7d, 0x81, 0xf6, 0xe1, 0xb8, 0x70, 0xc7, 0x32, 0xcb, 0x90, 0xa4, 0xbb, 0xf9, 0x57, 0xf1,
    0x17, 0xa0, 0xea, 0xb2, 0x74, 0xf7, 0xf9, 0x93, 0x2d, 0x55, 0x8e, 0xe3, 0x0a, 0x1f, 0xb7, 0xb5, 0x83, 0x7b, 0x60, 0xde, 0xa0, 0xc7, 0x5d, 0xcb,
    0x42, 0xea, 0xe1, 0xc8, 0xf3, 0xf9, 0x1e, 0x1a, 0x9f, 0x00, 0xea, 0x32, 0xf9, 0x1f, 0x92, 0x84, 0xe1, 0xcd, 0xab, 0x65, 0x5a, 0xeb, 0x39, 0x8c,
    0x7a, 0x63, 0x1f, 0x6b, 0x7d, 0xb4, 0x13, 0x88, 0x5b, 0x56, 0xb9, 0x8f, 0xcd, 0x1f, 0x4d, 0x53, 0x80, 0xe1, 0xb3, 0x1f, 0x6f, 0x5f, 0x29, 0x89,
    0x86, 0x51, 0x37, 0x47, 0x9a, 0x3e, 0x23, 0xa4, 0xeb, 0xec, 0xef, 0xee, 0x68, 0xf8, 0xb0, 0x8a, 0x34, 0xad, 0xba, 0x32, 0xb5, 0x7c, 0x95, 0xf1,
    0x13, 0xa0, 0xfb, 0x9d, 0xfd, 0xd4, 0xf0, 0xd9, 0x4b, 0x52, 0x56, 0xaf, 0x99, 0xd4, 0xa5, 0x6d, 0x52, 0x04, 0xb8, 0x5e, 0xd4, 0xc0, 0xf3, 0x53,
    0x03, 0xcd, 0x4d, 0xc3, 0x70, 0xea, 0x4e, 0xa5, 0x97, 0x55, 0x24, 0xd3, 0xf3, 0x1a, 0x9e, 0xa2, 0x74, 0xfa, 0xf4, 0x7f, 0x5c, 0x1f, 0x55, 0x89,
    0xc1, 0x92, 0x4f, 0xc9, 0x80, 0x65, 0xba, 0x63, 0xbf, 0xc3, 0x50, 0xfd, 0xd0, 0x3b, 0x06, 0xeb, 0x83, 0xb0, 0x6e, 0xe0, 0x1a, 0x8c, 0x77, 0x40,
    0xcb, 0x62, 0xeb, 0x8a, 0x06, 0x49, 0xbf, 0x9a, 0xc0, 0x3e, 0xa2, 0x78, 0xfa, 0xb5, 0x6f, 0xac, 0x2d, 0xd5, 0x63, 0x61, 0x62, 0x3d, 0x7c, 0xa7,
    0x16, 0x28, 0x0e, 0x6d, 0x42, 0xc5, 0x5a, 0xeb, 0x8b, 0x20, 0xc7, 0x58, 0x58, 0xc6, 0x3a, 0xc2, 0xc5, 0x5b, 0xee, 0x05, 0x8b, 0x03, 0x0b, 0x7a,
    0x16, 0xe6, 0x7e, 0x4d, 0xc5, 0xba, 0x6b, 0xe0, 0xfb, 0x58, 0xfa, 0x23, 0x88, 0xc8, 0x42, 0x0b, 0x1f, 0x97, 0x11, 0x61, 0x94, 0x5d, 0x88, 0xd5,
    0x1f, 0x14, 0x44, 0xeb, 0xc1, 0x13, 0xbf, 0x04, 0x66, 0x8f, 0x8c, 0x21, 0x86, 0x95, 0xb6, 0x20, 0x9e, 0x85, 0x58, 0x47, 0x0d, 0x4f, 0xa0, 0xe1,
    0xb3, 0x1f, 0x5a, 0xbf, 0x1c, 0x8e, 0xb6, 0x87, 0x81, 0x6b, 0x84, 0xed, 0x66, 0x06, 0xf7, 0xbd, 0xd6, 0xe0, 0x5e, 0xf7, 0xbd, 0xed, 0x70, 0xdd,
    0x63, 0x3a, 0x9b, 0x2e, 0x03, 0x92, 0xef, 0xf2, 0x3c, 0x45, 0x3e, 0x00, 0xea, 0xb2, 0x78, 0x9b, 0xfc, 0xc9, 0xf3, 0x74, 0xc7, 0x61, 0x82, 0x51,
    0x7e, 0xe6, 0x8a, 0xc2, 0x77, 0xbd, 0xd0, 0x3b, 0x0c, 0x5e, 0xf7, 0xbd, 0xc9, 0x03, 0xf5, 0x53, 0x9a, 0xab, 0xad, 0xab, 0x5c, 0x3c, 0xfe, 0x68,
    0xfc, 0x35, 0x3e, 0x80, 0xea, 0x32, 0xfb, 0x9f, 0xc9, 0x4e, 0x60, 0x5c, 0xd6, 0x77, 0xca, 0xcf, 0x6e, 0x15, 0x05, 0x6f, 0x7b, 0x91, 0x63, 0x19,
    0xbd, 0xef, 0x7b, 0xa1, 0x56, 0xba, 0x8b, 0xc7, 0x18, 0x56, 0x9a, 0x3e, 0x62, 0xbe, 0x4a, 0xf8, 0x6a, 0x9d, 0xe1, 0xb3, 0x1f, 0x5f, 0xf2, 0x98,
    0x98, 0x41, 0xa6, 0xa8, 0xf3, 0x3d, 0x51, 0x79, 0xad, 0xef, 0x7b, 0x18, 0x99, 0xbd, 0xef, 0x7b, 0xae, 0x68, 0xf8, 0x6a, 0x6a, 0x34, 0xab, 0x90,
    0xa5, 0x69, 0xf9, 0x57, 0xf1, 0x13, 0xa0, 0xe2, 0x5e, 0xc4, 0xdf, 0x24, 0xb2, 0x0c, 0x9b, 0x54, 0xcb, 0x5f, 0x99, 0x3d, 0x51, 0x99, 0x66, 0xbb,
    0x9a, 0xee, 0x6b, 0xb9, 0xae, 0xe6, 0xbb, 0x9a, 0xe0, 0xe1, 0xde, 0xe6, 0x47, 0x42, 0x90, 0xae, 0x2d, 0xc5, 0x81, 0x76, 0x2c, 0xfe, 0x51, 0x1b,
    0x85, 0x3e, 0x38, 0x5e, 0xb8, 0x5e, 0xb8, 0x5e, 0xb8, 0x5e, 0xb8, 0x5e, 0xb8, 0x5e, 0x00, 0xed, 0xae, 0xbc, 0xd0, 0xab, 0x92, 0x08, 0xe2, 0x5c,
    0x43, 0x1b, 0xff, 0x8a, 0x4c, 0x1c, 0xf8, 0xa2, 0xfd, 0x51, 0x7e, 0xa8, 0xbf, 0x54, 0x5f, 0xaa, 0x2f, 0xd5, 0x17, 0xe0, 0xeb, 0x5d, 0xb9, 0x81,
    0x51, 0xca, 0xdf, 0x0d, 0xab, 0x4c, 0x8b, 0xfe, 0x39, 0x1d, 0x64, 0xfb, 0x59, 0xf2, 0xb3, 0xe5, 0x67, 0xca, 0xcf, 0x95, 0x9f, 0x2b, 0x3c, 0xe1,
    0xb2, 0x92, 0x29, 0x5a, 0xbe, 0x6b, 0x52, 0x83, 0x68, 0x70, 0x25, 0xc2, 0xf6, 0xa6, 0x07, 0x9a, 0x98, 0x07, 0xdd, 0xcd, 0xc5, 0xf8, 0x82, 0x4e,
    0x44, 0x62, 0x66, 0x48, 0xe2, 0x77, 0x6d, 0x4f, 0xdd, 0xca, 0x56, 0x50, 0xee, 0x20, 0xaf, 0x5f, 0x99, 0x3e, 0x1a, 0xb1, 0xf0, 0xeb, 0x31, 0x9a,
    0xf1, 0x67, 0xe4, 0xe0, 0x21, 0x4d, 0x31, 0xdf, 0xe2, 0x28, 0x7e, 0xe4, 0x25, 0x83, 0x75, 0xc2, 0x58, 0x37, 0x70, 0x11, 0x04, 0x77, 0x61, 0x0b,
    0x23, 0x2f, 0xb9, 0x09, 0xcc, 0x6e, 0x5d, 0xc2, 0x70, 0xfb, 0x80, 0x85, 0xbd, 0xa9, 0xb5, 0x4f, 0x16, 0x7f, 0x36, 0xbe, 0x2b, 0x27, 0x40, 0xea,
    0xb1, 0x9a, 0x99, 0x1e, 0xbe, 0x53, 0x8b, 0x94, 0x0b, 0x9b, 0x48, 0xb9, 0x56, 0xba, 0xe2, 0xe8, 0x31, 0xd6, 0x17, 0x31, 0x8e, 0xb0, 0xb9, 0x4c,
    0xf6, 0x05, 0xca, 0xe3, 0x6f, 0x99, 0x17, 0xe5, 0xb7, 0x30, 0xc2, 0xfc, 0x3e, 0xb0, 0xb1, 0x62, 0xac, 0x6b, 0xb0, 0x84, 0x7a, 0xfc, 0xab, 0x78,
    0x8c, 0xbd, 0xe2, 0x59, 0x09, 0x50, 0xb1, 0xf8, 0xf5, 0x16, 0x10, 0x69, 0xa1, 0x1a, 0xae, 0xa8, 0x89, 0xd7, 0x82, 0x27, 0x7e, 0x08, 0xc8, 0x4e,
    0x58, 0x42, 0xd4, 0xe3, 0x1b, 0x10, 0x4b, 0xa9, 0xd2, 0x08, 0x23, 0xe9, 0x88, 0xb0, 0x74, 0x48, 0x16, 0x28, 0xff, 0x31, 0xd3, 0x55, 0x3e, 0x00,
    0x6a, 0xb7, 0xac, 0x2d, 0xeb, 0x0b, 0x1b, 0x2f, 0x18, 0x62, 0xbe, 0x6c, 0xd8, 0x4b, 0x1e, 0x03, 0xb0, 0x7e, 0x8c, 0xb0, 0xb7, 0x6b, 0x2c, 0x2d,
    0xda, 0xcb, 0x0b, 0x76, 0xb2, 0xc2, 0xdd, 0xac, 0xb0, 0xb7, 0x6b, 0x20, 0xac, 0x7a, 0x23, 0xd1, 0x04, 0xac, 0x64, 0x33, 0xbf, 0x94, 0xbf, 0x2e,
    0x76, 0x1a, 0x1a, 0xee, 0xa8, 0x47, 0x73, 0x42, 0x3b, 0x9a, 0x11, 0xdc, 0xd0, 0x8e, 0xe6, 0x84, 0x77, 0x34, 0xd6, 0xfe, 0xea, 0x7e, 0xea, 0x49,
    0x18, 0xf9, 0xa9, 0x8f, 0xcb, 0x96, 0x84, 0x22, 0xcd, 0x16, 0xab, 0xae, 0x13, 0x53, 0xd7, 0x0b, 0xa9, 0xeb, 0x85, 0xd4, 0xf5, 0xc2, 0xea, 0x7a,
    0xe1, 0x75, 0x3d, 0x70, 0xa0, 0xbd, 0x27, 0xae, 0x13, 0xd7, 0x08, 0x6c, 0xbc, 0x70, 0xff, 0x99, 0x27, 0x1b, 0x54, 0xc8, 0x67, 0x0d, 0xc5, 0x0e,
    0xe1, 0x78, 0x81, 0xdc, 0x2f, 0x10, 0x3b, 0x85, 0xe2, 0x07, 0x70, 0xbc, 0x40, 0xee, 0x17, 0x88, 0x1c, 0x2b, 0x1d, 0xc6, 0x0d, 0xd0, 0xd4, 0xd8,
    0x59, 0x85, 0x98, 0x59, 0x85, 0x98, 0x59, 0x85, 0x98, 0x59, 0x85, 0x80, 0x26, 0x44, 0x1a, 0x2b, 0xa9, 0x2a, 0x10, 0x82, 0x10, 0x42, 0x08, 0x41,
    0x08, 0x21, 0x04, 0x20, 0x84, 0x00, 0x55, 0x90, 0xd6, 0x44, 0xd4, 0xea, 0x75, 0x3a, 0x9d, 0x4e, 0xa7, 0x53, 0xa9, 0x3b, 0x16, 0x43, 0x23, 0x91,
    0xa9, 0x60, 0x26, 0x02, 0x60, 0x26, 0x02, 0x60, 0x26, 0x02, 0x60, 0x26, 0x02, 0x00, 0xe5, 0x8c, 0xae, 0x30, 0x46, 0xe8, 0x46, 0xa6, 0x4c, 0x2e,
    0x4c, 0x2e, 0x4c, 0x2e, 0x4c, 0x2e, 0x4c, 0x2e, 0x4c, 0x2e, 0x4c, 0x2e, 0x4c, 0x2e, 0x4c, 0x2e, 0x99, 0x0b, 0x81, 0x82, 0x3e, 0x80, 0xe3, 0x21,
    0x20, 0xd7, 0x2e, 0xbc, 0x54, 0xe0, 0x8e, 0x08, 0xe0, 0x8e, 0x08, 0xe0, 0x8e, 0x08, 0xe0, 0x8e, 0x08, 0xe0, 0x83, 0x70, 0xf6, 0x1a, 0x30, 0xe2,
    0xaf, 0x24, 0x71, 0xad, 0xc5, 0x5e, 0x6a, 0x79, 0xa9, 0xe6, 0xa7, 0x9a, 0x9e, 0x6a, 0x79, 0xa9, 0xe6, 0xa7, 0x9a, 0x9e, 0x6a, 0x4a, 0xd5, 0xa3,
    0x12, 0xa4, 0x7c, 0x23, 0xb7, 0x32, 0x18, 0x91, 0xf8, 0x8b, 0xc7, 0x08, 0x4e, 0x10, 0x9c, 0x21, 0x38, 0x42, 0x70, 0x84, 0xe1, 0x09, 0xc2, 0x13,
    0x84, 0x27, 0x08, 0xdb, 0xa2, 0xdd, 0x58, 0x8f, 0xa0, 0x6a, 0xb7, 0xac, 0x2d, 0xeb, 0x0b, 0x70, 0xd5, 0x18, 0x58, 0x8f, 0x72, 0x8c, 0x2c, 0x7b,
    0xa4, 0x26, 0x17, 0xd5, 0x2f, 0x18, 0x50, 0x8e, 0xb0, 0x9d, 0x06, 0xe3, 0x0b, 0x1c, 0xd2, 0x13, 0x0b, 0x12, 0x8d, 0x13, 0x0b, 0x71, 0xc6, 0x00,
    0xa8, 0xf4, 0x47, 0xa2, 0x3a, 0xa8, 0x23, 0x90, 0x18, 0x41, 0x40, 0xb1, 0x08, 0xc0, 0xbf, 0x05, 0x0d, 0xf4, 0x54, 0x0c, 0x70, 0x41, 0x64, 0x31,
    0x08, 0x23, 0x9a, 0x41, 0x1c, 0x51, 0xa0, 0xd6, 0xfe, 0xea, 0x7e, 0xea, 0x7a, 0x8a, 0x5a, 0x9e, 0x5c, 0x60, 0xb5, 0x25, 0x61, 0x1c, 0xd4, 0xd8,
    0x47, 0x75, 0x5f, 0x13, 0xba, 0x10, 0x35, 0xdd, 0x49, 0x38, 0xc7, 0x35, 0x3c, 0xc8, 0x62, 0xd4, 0xf0, 0xe6, 0x90, 0x7a, 0x4f, 0x70, 0x13, 0xdc,
    0x04, 0xe2, 0x29, 0xe0, 0x21, 0x2d, 0x68, 0xb0, 0x11, 0x2b, 0x66, 0x58, 0x0d, 0x3b, 0x3e, 0x60, 0x50, 0xb7, 0x70, 0x33, 0x34, 0x7c, 0xc0, 0x45,
    0x1a, 0xe6, 0x02, 0x13, 0x8c, 0x16, 0x02, 0x73, 0x21, 0x80, 0x6a, 0xb3, 0x0b, 0x30, 0xb3, 0x0b, 0x30, 0xb3, 0x0b, 0x30, 0xb3, 0x0b, 0x30, 0xb3,
    0x0b, 0x30, 0xb0, 0xa8, 0x10, 0x20, 0x40, 0x81, 0x02, 0x04, 0x08, 0x10, 0x20, 0xd6, 0xf5, 0x3a, 0x9d, 0x4e, 0xa7, 0x53, 0xa9, 0xd4, 0xea, 0x75,
    0x3a, 0x90, 0x7a, 0x4c, 0x04, 0xc0, 0x4c, 0x04, 0xc0, 0x4c, 0x04, 0xc0, 0x4c, 0x04, 0xc0, 0x4c, 0x04, 0xc0, 0x40, 0x35, 0x33, 0x64, 0xe2, 0x31,
    0x93, 0x0c, 0x57, 0xcb, 0xc7, 0xca, 0x66, 0x12, 0xa9, 0x22, 0x0d, 0xab, 0x4c, 0x2f, 0xcc, 0x04, 0xe6, 0xa5, 0x85, 0xb9, 0x80, 0x9c, 0xd4, 0xb0,
    0xb7, 0x30, 0x13, 0x9a, 0x96, 0x16, 0xe6, 0x02, 0x73, 0x52, 0xc2, 0xdc, 0xc0, 0x4e, 0x6a, 0x58, 0x5b, 0x98, 0x09, 0xcd, 0x48, 0x54, 0x26, 0x5e,
    0x1b, 0x27, 0x04, 0x4f, 0xcc, 0xdf, 0xf1, 0xc8, 0x55, 0x93, 0x23, 0x68, 0x93, 0x44, 0x33, 0xc6, 0x17, 0xe6, 0x02, 0x08, 0xe3, 0x0b, 0x71, 0xc2,
    0x08, 0xe3, 0x0b, 0x71, 0xc2, 0x08, 0xe3, 0x0b, 0x71, 0xc2, 0x08, 0xe3, 0x0b, 0x71, 0xc2, 0x08, 0xe3, 0x0b, 0x71, 0xc2, 0x00, 0x44, 0x25, 0x6e,
    0x1b, 0x2f, 0x37, 0xad, 0x7c, 0xdb, 0x57, 0xc8, 0x2d, 0x87, 0x3c, 0x09, 0x54, 0xd0, 0x5d, 0xcf, 0x0c, 0x47, 0x2c, 0x2d, 0xbd, 0xf0, 0xc6, 0x38,
    0xc2, 0xdb, 0xdf, 0x0c, 0x63, 0x8c, 0x2d, 0xbd, 0xf0, 0xc6, 0x38, 0xc2, 0xdb, 0xdf, 0x0c, 0x63, 0x8c, 0x2d, 0xbd, 0xf0, 0xc6, 0x38, 0xc2, 0xc0,
    0x35, 0x24, 0x63, 0xe2, 0xb1, 0x93, 0x87, 0xf9, 0x4d, 0xbf, 0x92, 0x8e, 0x34, 0x8b, 0x41, 0xce, 0xe3, 0x0e, 0x1b, 0x9a, 0xae, 0xd6, 0x5c, 0x2f,
    0x33, 0x5d, 0xac, 0xb8, 0x5e, 0x66, 0xbb, 0x59, 0x70, 0xbc, 0xcd, 0x76, 0xb2, 0xe1, 0x79, 0x9a, 0xed, 0x65, 0xc2, 0xf3, 0x35, 0xda, 0xc8, 0x35,
    0x33, 0x65, 0xe3, 0x0c, 0x57, 0xcd, 0x1b, 0x09, 0x63, 0x81, 0x76, 0x0f, 0xc3, 0x10, 0xc2, 0xdd, 0x10, 0xc2, 0xdd, 0x10, 0xc2, 0xdd, 0x10, 0xc2,
    0xdd, 0x10, 0xc2, 0xdd, 0x10, 0x54, 0x25, 0x63, 0x21, 0x1b, 0xf9, 0x28, 0x2a, 0xe7, 0x71, 0x91, 0xae, 0xee, 0x44, 0x77, 0x52, 0x23, 0xba, 0x91,
    0x1d, 0xd4, 0x88, 0xee, 0xa4, 0x47, 0x75, 0x20, 0x44, 0x25, 0x63, 0xe6, 0xb7, 0x1f, 0x96, 0x2d, 0x08, 0x46, 0xaa, 0x2d, 0x57, 0x70, 0x0f, 0x53,
    0xdc, 0x04, 0xd4, 0xf7, 0x01, 0x35, 0x3d, 0xc0, 0x4d, 0x4f, 0x70, 0x13, 0x53, 0xdc, 0x04, 0x35, 0x23, 0x64, 0xe3, 0x87, 0xfc, 0x82, 0x71, 0xb5,
    0x4d, 0x05, 0x70, 0xdc, 0x61, 0x77, 0x0b, 0xc5, 0x17, 0x70, 0xbc, 0x51, 0x77, 0x0b, 0xc5, 0x17, 0x70, 0xbc, 0x51, 0x77, 0x0b, 0xc5, 0x17, 0xea,
    0xb1, 0xf5, 0xa7, 0xf3, 0x04, 0x75, 0xb5, 0x48, 0x17, 0xb8, 0x6e, 0xce, 0xe0, 0x79, 0x91, 0x03, 0xcc, 0x8b, 0x86, 0xec, 0xec, 0xea, 0x59, 0x72,
    0x2c, 0x4b, 0xbf, 0x95, 0x7f, 0x11, 0x7a, 0xea, 0xb2, 0x78, 0x9b, 0xfc, 0xc9, 0xf3, 0x55, 0x63, 0xb8, 0x82, 0x50, 0xfd, 0x80, 0x76, 0x0d, 0xdb,
    0x85, 0xb0, 0x6e, 0xdc, 0x2a, 0x0c, 0x77, 0x20, 0xcb, 0x42, 0xea, 0xe2, 0x38, 0x79, 0xfc, 0x8f, 0x4d, 0x4f, 0xa0, 0xea, 0x32, 0xfb, 0x1f, 0x92,
    0x9c, 0xc0, 0x73, 0x69, 0x9e, 0x56, 0xbb, 0x71, 0x64, 0x18, 0xea, 0x07, 0x31, 0x8e, 0xa0, 0x72, 0xad, 0xf6, 0xe1, 0x89, 0xc6, 0x16, 0xd5, 0xbe,
    0xe3, 0xf3, 0x49, 0xe1, 0xaa, 0x74, 0xe1, 0xb3, 0x1f, 0x6f, 0x5f, 0x2a, 0xc4, 0xc3, 0x28, 0x9a, 0x09, 0x9a, 0x3e, 0x20, 0xc4, 0xef, 0xc9, 0xd4,
    0xef, 0xca, 0xd6, 0x68, 0xf8, 0x83, 0x0a, 0x34, 0xad, 0xba, 0x42, 0xb5, 0x7c, 0x96, 0xf1, 0x13, 0xa0, 0x35, 0x33, 0x65, 0xea, 0x87, 0xaf, 0x9b,
    0x42, 0x51, 0x4c, 0x76, 0x1a, 0x25, 0x18, 0xec, 0x03, 0x51, 0x6e, 0xdc, 0x2a, 0x8b, 0xf6, 0xe1, 0x54, 0x67, 0xb9, 0x06, 0xa2, 0x9d, 0x70, 0x20,
    0x94, 0x3e, 0xfe, 0x64, 0xc9, 0x45, 0x89, 0x0f, 0xaa, 0x2d, 0xf5, 0x45, 0xbf, 0x4f, 0xf4, 0x54, 0x26, 0x63, 0xe0, 0x8d, 0xfc, 0xa6, 0x2f, 0x8e,
    0x6b, 0x34, 0x63, 0x7d, 0xb0, 0xb0, 0x8e, 0xa0, 0x71, 0x1d, 0x50, 0xe2, 0x7a, 0xe1, 0x85, 0x65, 0x6d, 0x52, 0x42, 0x33, 0xf3, 0x68, 0x42, 0x08,
    0xd3, 0xa2, 0x3e, 0x88, 0xfa, 0x67, 0xf4, 0x44, 0x25, 0x64, 0xe6, 0xb7, 0x1f, 0x8e, 0x5a, 0x19, 0x44, 0xd0, 0x5d, 0x03, 0xe2, 0x08, 0xd4, 0xf9,
    0x5a, 0xd4, 0xf9, 0x5a, 0xd0, 0x4e, 0x28, 0xc6, 0xab, 0x6c, 0xdb, 0x09, 0xa9, 0xbf, 0xca, 0xb1, 0x6a, 0x48, 0xd3, 0xba, 0x9f, 0xba, 0x9f, 0xa6,
    0x7f, 0x40, 0x35, 0x24, 0xb2, 0xf1, 0xc5, 0xff, 0x32, 0x4e, 0x36, 0xa7, 0x80, 0xee, 0x2d, 0xd9, 0xdb, 0x84, 0xee, 0x43, 0x84, 0xee, 0x69, 0xc5,
    0xfb, 0x5b, 0x71, 0x36, 0x5c, 0x8b, 0xb8, 0xb5, 0x7c, 0xc1, 0x38, 0x42, 0x43, 0xe3, 0x84, 0xf5, 0xc2, 0x7d, 0x3f, 0xa0, 0xe1, 0xb2, 0x92, 0x21,
    0x5a, 0xbe, 0x67, 0x52, 0x83, 0x68, 0x70, 0x25, 0xc2, 0xf6, 0xa6, 0x07, 0x9a, 0x98, 0x07, 0xdd, 0xcd, 0xc3, 0x70, 0xea, 0x4e, 0xa6, 0xcd, 0xaa,
    0x92, 0x69, 0xf9, 0x8d, 0x4f, 0x50, 0xcb, 0x53, 0xf7, 0x53, 0xf7, 0x53, 0xf4, 0xcc, 0xeb, 0x31, 0x9a, 0xf1, 0x67, 0xe4, 0xe0, 0x21, 0x4d, 0x31,
    0xdf, 0xe2, 0x28, 0x7e, 0xe8, 0x25, 0x83, 0x77, 0x01, 0x2c, 0x1b, 0xb8, 0x08, 0xa3, 0x1d, 0xd8, 0x42, 0xd0, 0xba, 0xe2, 0x82, 0x12, 0x6b, 0xe6,
    0xb0, 0x13, 0xa8, 0x85, 0x80, 0x9f, 0x70, 0x13, 0xee, 0x02, 0x7e, 0x99, 0x00, 0xea, 0xb1, 0x9a, 0x99, 0x1e, 0xbe, 0x53, 0x8b, 0x14, 0x0b, 0x9b,
    0x48, 0xb1, 0x56, 0xba, 0xe2, 0xc8, 0x31, 0xd6, 0x16, 0x31, 0x8e, 0xb0, 0xb1, 0x56, 0xfb, 0x81, 0x62, 0xc0, 0x85, 0xbd, 0x0b, 0x72, 0x3e, 0x4d,
    0xc5, 0xba, 0x68, 0x4c, 0x2d, 0xf5, 0x85, 0xbe, 0xb0, 0xb7, 0xe9, 0x90, 0xe2, 0x59, 0x09, 0x50, 0xa3, 0xf1, 0xea, 0x2c, 0x20, 0xd3, 0x42, 0x35,
    0x5d, 0x51, 0x13, 0xaf, 0x04, 0x4e, 0xfc, 0x11, 0x90, 0x7c, 0x61, 0x0c, 0x34, 0xcd, 0xb1, 0x05, 0x7a, 0x15, 0x61, 0x1d, 0x43, 0x21, 0x1f, 0x44,
    0x7d, 0x11, 0xf4, 0xcc, 0x35, 0x34, 0xb1, 0xb0, 0x8f, 0x88, 0xc2, 0xac, 0x84, 0xc1, 0xfa, 0xc2, 0xdd, 0x61, 0x6e, 0xb0, 0xb7, 0x58, 0x5b, 0xac,
    0x2d, 0xd0, 0x54, 0x36, 0x41, 0x99, 0x17, 0xf8, 0xe8, 0x63, 0x3d, 0x11, 0xd1, 0x1d, 0x11, 0xd1, 0x1d, 0x11, 0xd0, 0x44, 0x26, 0x5d, 0x6f, 0x43,
    0x3a, 0x10, 0xa9, 0xaa, 0xee, 0xa7, 0xba, 0x9e, 0xea, 0x7b, 0xa9, 0xee, 0xa7, 0xa0, 0x35, 0x25, 0x6c, 0x0c, 0x0a, 0xc0, 0xda, 0xa6, 0x02, 0xf3,
    0x01, 0x39, 0x80, 0x9c, 0xc0, 0x4e, 0x60, 0x27, 0x30, 0x13, 0x80, 0xe2, 0x33, 0x1f, 0x20, 0x50, 0xa5, 0x61, 0x82, 0x3d, 0xe6, 0xc1, 0xfc, 0x3d,
    0x89, 0xcd, 0xfa, 0xd8, 0xd8, 0xc9, 0xb7, 0x72, 0x2e, 0x30, 0x8d, 0x32, 0x51, 0xf9, 0xb5, 0xe1, 0xaa, 0x70, 0xe1, 0xb3, 0x1f, 0x6f, 0x5f, 0x97,
    0x23, 0x1a, 0x32, 0xcc, 0x99, 0x8c, 0xfd, 0x81, 0x5a, 0x73, 0xea, 0xbe, 0x44, 0x99, 0xb1, 0xf2, 0xe1, 0x90, 0x69, 0x57, 0x41, 0x0a, 0xf5, 0xf2,
    0xad, 0xe2, 0x27, 0x40, 0xe3, 0x59, 0x38, 0xb2, 0x28, 0x41, 0x6e, 0x50, 0xaf, 0x4b, 0xb9, 0x3f, 0x2d, 0xf3, 0x78, 0x4e, 0x25, 0xf3, 0x41, 0x55,
    0x38, 0x83, 0x13, 0x2c, 0x98, 0x16, 0x59, 0xf9, 0x58, 0xea, 0x29, 0xf0, 0xe2, 0xd9, 0x78, 0x7b, 0x14, 0x36, 0x78, 0x0c, 0x4b, 0x4f, 0x01, 0x7c,
    0x4a, 0x13, 0x0d, 0xc3, 0xb4, 0x48, 0x74, 0x5e, 0xce, 0xf2, 0x2c, 0x97, 0x10, 0x7a, 0xfc, 0xc9, 0xf0, 0xd4, 0xf8, 0x24, 0x4e, 0xe6, 0xb8, 0x9a,
    0xa5, 0x49, 0xfc, 0x84, 0xd5, 0x21, 0x96, 0x6b, 0xb9, 0xae, 0xe6, 0xbb, 0x9a, 0xec, 0x0b, 0xa9, 0x24, 0x8c, 0xf5, 0x0c, 0x23, 0x4e, 0xb8, 0x52,
    0x4c, 0x0b, 0x24, 0x7e, 0x49, 0xe0, 0x32, 0x13, 0x85, 0xe3, 0x85, 0xe3, 0x85, 0xe3, 0x85, 0xe5, 0x84, 0x37, 0x34, 0x27, 0xa6, 0x60, 0xe2, 0x1f,
    0x54, 0x5f, 0x87, 0x61, 0x85, 0x2b, 0xff, 0x86, 0x6c, 0x1d, 0x38, 0xa2, 0xfd, 0x51, 0x7e, 0xa8, 0xbf, 0x54, 0x5f, 0xa8, 0x35, 0x6e, 0xe3, 0xe2,
    0x74, 0xcc, 0x80, 0xe2, 0x27, 0x95, 0x9e, 0xad, 0x69, 0x4d, 0x3f, 0xcb, 0x12, 0x56, 0x90, 0xf9, 0x59, 0xf2, 0xb3, 0xe5, 0x67, 0xca, 0xcf, 0x93,
    0x56, 0x3e, 0x5a, 0x85, 0xfc, 0x42, 0x35, 0x3e, 0xaa, 0x30, 0xb7, 0x0c, 0x61, 0x85, 0xb8, 0x63, 0x0c, 0x2d, 0xc3, 0x18, 0x61, 0x6e, 0x18, 0xc3,
    0x0b, 0x70, 0xc6, 0x14, 0x3f, 0x18, 0x60, 0xea, 0xaf, 0x7d, 0x8c, 0x15, 0xa8, 0x53, 0x0c, 0x75, 0x3c, 0x54, 0xea, 0x20, 0x8e, 0xef, 0x62, 0x3b,
    0xbd, 0x88, 0xee, 0xf6, 0x23, 0xbb, 0xd8, 0x8e, 0xef, 0x63, 0x5c, 0x3a, 0xde, 0x86, 0x2d, 0xaa, 0xda, 0xc8, 0xab, 0xef, 0x7c, 0x43, 0xe8, 0x44,
    0xea, 0x29, 0x6a, 0x7b, 0x80, 0x7a, 0x9e, 0xe0, 0x1e, 0xa7, 0xb8, 0x07, 0xa9, 0xee, 0x01, 0xea, 0x7b, 0x80, 0x7a, 0xae, 0xe8, 0x1b, 0x8c, 0xda,
    0x28, 0x19, 0xeb, 0xe6, 0x70, 0x0f, 0x86, 0x7e, 0x00, 0x45, 0xe9, 0xa9, 0xe0, 0x1f, 0x2e, 0x1b, 0x00, 0xf9, 0x70, 0xd8, 0x07, 0xcb, 0x86, 0xc0,
    0x3e, 0x5c, 0x36, 0x01, 0xf2, 0xe1, 0xb0, 0x13, 0x98, 0x0d, 0x61, 0xbb, 0x62, 0x83, 0x14, 0x7c, 0xd5, 0xc3, 0x70, 0xcf, 0xc0, 0x55, 0xf1, 0x52,
    0x01, 0xf1, 0x43, 0xb0, 0xbf, 0x30, 0x10, 0xa7, 0x5c, 0x9d, 0xf3, 0x00, 0xd0, 0x5f, 0x8a, 0x2c, 0xe0, 0xfb, 0xbc, 0xef, 0x3e, 0x3f, 0xcb, 0x78,
    0x82, 0xba, 0x45, 0xf1, 0x16, 0xe2, 0xdd, 0xad, 0x1d, 0x47, 0x18, 0x5c, 0xb3, 0x5c, 0x8a, 0x32, 0x60, 0xc5, 0x59, 0xed, 0x43, 0x0b, 0x76, 0x2a,
    0x2b, 0xc5, 0xf9, 0x1e, 0xc8, 0x5e, 0x00, 0x35, 0x3e, 0xa2, 0x9a, 0x0c, 0x77, 0x34, 0x65, 0xb9, 0xe1, 0xd4, 0x72, 0xe1, 0x4a, 0xc1, 0xb8, 0x63,
    0x05, 0x99, 0xf3, 0x32, 0x75, 0x8f, 0x2c, 0x30, 0x17, 0xda, 0x1b, 0xfb, 0x01, 0xfa, 0x54, 0xe9, 0xaa, 0x4e, 0xfa, 0xe1, 0xb0, 0x13, 0x9a, 0x92,
    0x40, 0xe4, 0x63, 0x1c, 0xde, 0xca, 0xe1, 0x38, 0xe1, 0x35, 0xbe, 0x98, 0xc0, 0x7f, 0x35, 0xf0, 0xfc, 0xb0, 0xd7, 0x40, 0x55, 0xea, 0xa7, 0x55,
    0x33, 0x5c, 0x41, 0x3c, 0x51, 0x7b, 0x85, 0x2b, 0xfc, 0x42, 0x70, 0x86, 0x1c, 0xb3, 0xaa, 0xb9, 0x6b, 0x7c, 0xde, 0x8a, 0xaf, 0x9c, 0x98, 0xc7,
    0x1c, 0x30, 0x4b, 0xd3, 0x06, 0xe2, 0x8d, 0x49, 0x20, 0xdd, 0x79, 0x42, 0x39, 0xb1, 0x9f, 0x20, 0x37, 0x30, 0x2d, 0xc0, 0x45, 0xea, 0x2f, 0x55,
    0x6e, 0x17, 0x92, 0x13, 0x95, 0x94, 0x0e, 0x49, 0xf2, 0xe4, 0xa2, 0xc5, 0xbd, 0x15, 0xeb, 0x59, 0x27, 0x06, 0x58, 0x07, 0x9c, 0xde, 0x8b, 0x5b,
    0xe3, 0x06, 0xab, 0xa0, 0x60, 0xfd, 0xad, 0x04, 0x29, 0xd8, 0x5e, 0xe4, 0x6f, 0x90, 0x27, 0xcb, 0x8c, 0x71, 0x84, 0x70, 0x35, 0x3e, 0x22, 0x9f,
    0x11, 0x50, 0x3f, 0x20, 0x5f, 0x9a, 0xa2, 0x9d, 0x72, 0x46, 0x79, 0x50, 0x51, 0x44, 0x83, 0x34, 0x4c, 0x2c, 0x4c, 0x1a, 0xf4, 0xa1, 0x70, 0x0c,
    0x8e, 0xb1, 0x98, 0x29, 0x7d, 0xeb, 0xba, 0xdd, 0x58, 0xa3, 0x61, 0xfb, 0x7f, 0x86, 0x56, 0xf8, 0x9d, 0x41, 0xbe, 0x18, 0x9e, 0x00, 0x54, 0xe1,
    0xaa, 0x70, 0xd4, 0xeb, 0x5c, 0xb8, 0xcf, 0x1c, 0x24, 0x57, 0x32, 0x2b, 0x9a, 0x92, 0xb0, 0x62, 0xac, 0x85, 0x2a, 0x82, 0x31, 0x85, 0x0b, 0x4e,
    0xc1, 0xb9, 0xad, 0xbc, 0x96, 0x75, 0x8a, 0xeb, 0x8d, 0xc1, 0x5a, 0xb7, 0x9e, 0xa7, 0xcb, 0x11, 0xfc, 0xbf, 0x92, 0x0f, 0x9b, 0x09, 0xc0, 0x45,
    0xe9, 0xa9, 0xd8, 0x5f, 0x9a, 0x93, 0x2d, 0x51, 0xd8, 0x5b, 0x89, 0x58, 0x9d, 0x78, 0xe2, 0x93, 0xc8, 0xf8, 0xbd, 0x50, 0xfb, 0xdf, 0x77, 0x24,
    0xc1, 0xc9, 0xc3, 0x73, 0x34, 0x80, 0x35, 0x3e, 0xaa, 0x25, 0x67, 0x98, 0x0a, 0x4e, 0x15, 0x2a, 0x3b, 0xbd, 0xe6, 0x8f, 0xab, 0xf2, 0xde, 0x5b,
    0xe3, 0xf4, 0xeb, 0x51, 0x49, 0xc8, 0x08, 0x75, 0xa2, 0x51, 0x8e, 0x5c, 0x58, 0x35, 0x4e, 0xaa, 0x16, 0xe7, 0x8c, 0x1c, 0x94, 0x39, 0x6f, 0x7d,
    0x8a, 0x70, 0xbd, 0x3a, 0x11, 0xe2, 0x50, 0xd7, 0x9a, 0xab, 0x8b, 0x72, 0xc2, 0xe5, 0xa9, 0x33, 0x9d, 0xf1, 0x04, 0x00, 0x54, 0xea, 0x2e, 0x02,
    0x11, 0xd6, 0x8e, 0x74, 0x51, 0x48, 0x56, 0x0e, 0x1f, 0xba, 0x1b, 0xf3, 0x62, 0x4f, 0x8e, 0x2d, 0x50, 0x49, 0x50, 0x4e, 0x17, 0x54, 0x7c, 0x9d,
    0x80, 0x55, 0xf1, 0x96, 0x01, 0xf1, 0x43, 0xb0, 0xbf, 0x30, 0x10, 0xa7, 0x5c, 0x9d, 0x73, 0x00, 0xd4, 0x5f, 0x8a, 0x2c, 0xe0, 0xfb, 0xbc, 0xef,
    0x3e, 0x3f, 0xcb, 0x78, 0x82, 0xbd, 0x31, 0x1e, 0x5b, 0x21, 0x7a, 0xa2, 0xaf, 0xe9, 0xfd, 0x46, 0xf1, 0x5a, 0xe2, 0xdd, 0xad, 0x1d, 0x47, 0x18,
    0x58, 0xb3, 0x5c, 0x8a, 0x32, 0x60, 0xc5, 0x59, 0xed, 0x43, 0x06, 0xec, 0x54, 0x57, 0x8b, 0xf3, 0x1e, 0xc8, 0x5f, 0x77, 0x3e, 0x36, 0x03, 0xf9,
    0x42, 0x3c, 0x36, 0x3e, 0xa3, 0x1a, 0x0c, 0x77, 0x54, 0x65, 0xa9, 0xe1, 0x88, 0xe5, 0xc2, 0x95, 0x83, 0x70, 0xc6, 0x0b, 0x33, 0xe6, 0x64, 0xeb,
    0x1e, 0x58, 0x38, 0x5f, 0x68, 0x6f, 0xec, 0x07, 0xfb, 0x80, 0x7e, 0x2d, 0xeb, 0x3e, 0xe4, 0x6d, 0x3e, 0x9f, 0xd0, 0x64, 0xe9, 0xb2, 0x4e, 0xfa,
    0xe1, 0x70, 0x13, 0x9b, 0x92, 0x40, 0xe4, 0x83, 0x1c, 0xde, 0xca, 0xe1, 0x38, 0xe1, 0x35, 0xbe, 0x98, 0xc0, 0xbf, 0x9a, 0xf8, 0x7e, 0x58, 0x67,
    0xdb, 0x0b, 0x75, 0x2d, 0x35, 0xe3, 0x89, 0x6f, 0x4f, 0xe8, 0x35, 0x55, 0x55, 0x52, 0x6f, 0xe1, 0x1a, 0xaa, 0xdc, 0x47, 0x87, 0x3b, 0xf7, 0x54,
    0x9e, 0x60, 0x5b, 0xcb, 0x0c, 0x78, 0x95, 0x57, 0xbd, 0xee, 0x6f, 0xfc, 0x40, 0x25, 0x55, 0x55, 0x53, 0x2f, 0xe3, 0x12, 0xaa, 0xb5, 0x6f, 0xdd,
    0x52, 0x78, 0xe2, 0xde, 0x30, 0xc7, 0x89, 0x5b, 0xf0, 0xf6, 0x1e, 0xf7, 0xba, 0x2f, 0xf2, 0xe0, 0x45, 0x55, 0x55, 0x4d, 0x7f, 0xae, 0x8a, 0xab,
    0xba, 0x4e, 0xb8, 0xb7, 0x58, 0x63, 0xa9, 0x5b, 0xf3, 0x74, 0x9d, 0x81, 0x9b, 0xde, 0xed, 0x5f, 0xec, 0x00, 0x45, 0x55, 0x55, 0x4c, 0x7f, 0xba,
    0x35, 0x55, 0x81, 0x6e, 0xa8, 0x8e, 0x9d, 0x6f, 0xcd, 0x52, 0x76, 0x03, 0x76, 0xc3, 0x77, 0xbd, 0xed, 0x9f, 0xf6, 0x40, 0xea, 0xbb, 0x71, 0x44,
    0xdb, 0x98, 0xa3, 0xec, 0x6f, 0xc8, 0xdf, 0x9a, 0xdf, 0x12, 0x05, 0xf8, 0xc3, 0x49, 0xd4, 0x9c, 0xf9, 0x9d, 0xf9, 0x1b, 0xf2, 0x27, 0xc7, 0x17,
    0x3e, 0x1e, 0x43, 0x80, 0xe1, 0xbd, 0xc8, 0xe6, 0x9c, 0xac, 0x17, 0x97, 0x07, 0xcb, 0x83, 0xe3, 0x83, 0x2c, 0x56, 0x78, 0x25, 0x78, 0x79, 0xae,
    0xdc, 0x1f, 0x2e, 0x0f, 0x96, 0x07, 0xc5, 0x10, 0x9c, 0x7a, 0xcf, 0x86, 0xed, 0xf1, 0xcc, 0x8c, 0x91, 0x87, 0xe2, 0x0b, 0x71, 0x05, 0xb8, 0xa1,
    0x8a, 0xf3, 0x26, 0x5a, 0xab, 0xf5, 0xc2, 0xf1, 0x05, 0xb8, 0x82, 0xdc, 0x41, 0x6e, 0xd6, 0x97, 0x8d, 0x35, 0xe1, 0x80, 0xeb, 0x61, 0x38, 0xe3,
    0x69, 0xcd, 0xeb, 0xc9, 0xc7, 0x93, 0x8f, 0x2b, 0x1c, 0x6d, 0x52, 0xf3, 0x03, 0x1e, 0x30, 0x7f, 0x27, 0x1e, 0x4e, 0x3c, 0x98, 0xf3, 0x34, 0xc7,
    0xc4, 0xd8, 0x50, 0x5c, 0x38, 0x70, 0xe1, 0xc3, 0x87, 0x0e, 0x1c, 0x38, 0x70, 0xe1, 0xc3, 0x87, 0x0e, 0x1c, 0x38, 0x5c, 0x00, 0x3c, 0x22, 0x86,
    0x50, 0xca, 0x19, 0x43, 0x28, 0x65, 0x0c, 0xa1, 0x94, 0x32, 0x86, 0x50, 0xca, 0x19, 0x43, 0x28, 0x65, 0x0c, 0xa1, 0x94, 0x32, 0x86, 0x3c, 0x20,
    0x76, 0xac, 0x56, 0x2b, 0x15, 0x8a, 0xc5, 0x62, 0xb1, 0x58, 0xac, 0x56, 0x2b, 0x15, 0x8a, 0xc5, 0x62, 0xb1, 0x58, 0xac, 0x3b, 0x00, 0xb5, 0xf3,
    0xac, 0xeb, 0x3a, 0xce, 0xb3, 0xac, 0xeb, 0x3a, 0xce, 0xb3, 0xac, 0xeb, 0x3a, 0xce, 0xb3, 0xac, 0xeb, 0x3a, 0xce, 0xb3, 0xab, 0x5c, 0x67, 0x4e,
    0xda, 0x69, 0x3a, 0x61, 0xfc, 0x9c, 0x79, 0x38, 0xf2, 0x73, 0xe3, 0x88, 0x3e, 0x26, 0x82, 0xf3, 0x5b, 0x3e, 0xcc, 0x79, 0x38, 0xf2, 0xb1, 0xc3,
    0x71, 0x7e, 0x60, 0x47, 0x40, 0x4c, 0x37, 0x57, 0x62, 0xfe, 0x6f, 0x5e, 0x46, 0xfc, 0x8d, 0xf9, 0x13, 0xe3, 0x56, 0x97, 0x87, 0x01, 0xf9, 0x80,
    0xbd, 0x8d, 0xf9, 0x1b, 0xf3, 0x3b, 0xe1, 0xda, 0xa3, 0x8c, 0x34, 0x9c, 0xc5, 0xbb, 0xa1, 0x1d, 0xc0, 0xed, 0xc1, 0xf2, 0xe0, 0xf9, 0x60, 0x9c,
    0x39, 0xdd, 0xb8, 0xf5, 0x92, 0x61, 0x7e, 0x5c, 0x1f, 0x2e, 0x0f, 0x97, 0x06, 0x4d, 0xb9, 0xe0, 0x96, 0xe1, 0xf8, 0xbd, 0xcf, 0x98, 0xa9, 0xeb,
    0x06, 0xe2, 0x0b, 0x71, 0x05, 0xb8, 0x82, 0xfd, 0xd5, 0x63, 0x8d, 0x34, 0x46, 0x32, 0x64, 0x82, 0xdc, 0x41, 0x6e, 0x20, 0x62, 0x4c, 0x84, 0x2d,
    0x53, 0xf0, 0xfc, 0x25, 0xd6, 0x9b, 0x8e, 0xc5, 0x33, 0x91, 0x8b, 0x8b, 0x1c, 0xb1, 0x5a, 0x86, 0xbf, 0x4f, 0x80, 0x3c, 0xed, 0xf9, 0x6b, 0xc5,
    0x45, 0x65, 0xa6, 0x34, 0xe4, 0xbb, 0x12, 0x9e, 0xa7, 0x00, 0x2c, 0x6e, 0x0c, 0x97, 0x17, 0x19, 0x99, 0xb6, 0xa7, 0x19, 0x23, 0xc8, 0xab, 0x7a,
    0x66, 0x40, 0x2b, 0x6f, 0x28, 0x47, 0x84, 0x41, 0xad, 0x55, 0xf0, 0x11, 0xa4, 0xcb, 0x1f, 0x31, 0xf4, 0xcf, 0x80, 0xf4, 0xd0, 0xff, 0xab, 0xaf,
    0xcd, 0xb7, 0xb7, 0x12, 0xf6, 0xbe, 0xc3, 0xf5, 0x46, 0x4e, 0xf0, 0xe7, 0x81, 0x6e, 0x66, 0x4f, 0x43, 0x75, 0x27, 0xbd, 0xf2, 0xb1, 0x60, 0xa4,
    0x93, 0x7b, 0x83, 0x31, 0x77, 0x9f, 0x58, 0x29, 0x53, 0xd8, 0x21, 0x26, 0xda, 0xc0, 0xcb, 0x52, 0x7b, 0xad, 0x54, 0x9e, 0xb7, 0xc5, 0x10, 0x6f,
    0x9c, 0x1b, 0x8b, 0x76, 0xe3, 0x77, 0x6b, 0x68, 0x63, 0xd6, 0xdf, 0xe4, 0xdb, 0xfa, 0x6a, 0x9e, 0x80, 0xf5, 0x0f, 0xf5, 0x22, 0xbe, 0x4d, 0xfc,
    0x5a, 0xac, 0x5a, 0xf9, 0x1a, 0xe1, 0xcc, 0xa3, 0x63, 0x09, 0x61, 0x82, 0xb8, 0x57, 0x1b, 0x9a, 0x5c, 0x03, 0xd6, 0x8c, 0x3f, 0x35, 0x08, 0x2d,
    0xbc, 0xb0, 0x3f, 0x45, 0xf5, 0xa3, 0x17, 0xe6, 0x9d, 0x05, 0x9c, 0x26, 0x06, 0xa6, 0x95, 0xc1, 0x9d, 0x6c, 0xed, 0x10, 0x8c, 0x23, 0x8b, 0x54,
    0xed, 0x68, 0x1a, 0x3e, 0xa6, 0x7f, 0x29, 0xff, 0x4d, 0x53, 0xd0, 0xf4, 0xd3, 0xfa, 0xf3, 0xf2, 0xb0, 0x7d, 0x3d, 0x88, 0xb5, 0xa2, 0xa5, 0x39,
    0x9a, 0x64, 0xc6, 0x19, 0x2b, 0x64, 0xa2, 0xec, 0x27, 0x62, 0xec, 0x2c, 0xe0, 0xf7, 0x9e, 0x63, 0x65, 0x31, 0x89, 0x21, 0x6f, 0x75, 0x97, 0x05,
    0x39, 0xe6, 0x32, 0x53, 0x0a, 0x2e, 0xc3, 0x7a, 0x17, 0x61, 0x62, 0xd5, 0x2a, 0xc4, 0x32, 0x4e, 0xf8, 0x72, 0x21, 0x9b, 0x15, 0x29, 0xd3, 0xc5,
    0x7c, 0xa8, 0x3f, 0xd4, 0x4f, 0x40, 0xf4, 0xd3, 0xfb, 0x6d, 0xfe, 0x65, 0x3c, 0x81, 0xab, 0xd9, 0xe6, 0x9b, 0x97, 0x0e, 0x6f, 0x16, 0x3d, 0x52,
    0x15, 0x64, 0xe6, 0xb6, 0x32, 0x75, 0x85, 0x0d, 0x89, 0x32, 0x69, 0x4c, 0xcd, 0x82, 0x6a, 0x3d, 0xc5, 0x28, 0x68, 0x93, 0x2b, 0x6c, 0xe2, 0x4a,
    0xa1, 0x2a, 0x74, 0x32, 0x75, 0x04, 0xe2, 0xe9, 0x8c, 0xdc, 0xf3, 0x49, 0xcc, 0x8c, 0xd9, 0xaf, 0x22, 0xde, 0x5e, 0x7f, 0x34, 0xbf, 0xa8, 0xa7,
    0xe0, 0x27, 0xa1, 0x04, 0xa2, 0xed, 0x56, 0xbc, 0xf3, 0x38, 0x50, 0xf6, 0xab, 0x15, 0xea, 0xb0, 0x40, 0xe9, 0xf5, 0xa8, 0x68, 0xce, 0xa1, 0x77,
    0x0a, 0x0c, 0xaf, 0xb2, 0xa8, 0x6d, 0xc1, 0x34, 0x8c, 0x98, 0xe1, 0xf5, 0x36, 0x25, 0x4b, 0x5a, 0x58, 0x92, 0xab, 0x12, 0x03, 0xd6, 0xdb, 0x3b,
    0x24, 0xd0, 0xda, 0x10, 0xe1, 0xf9, 0x91, 0x57, 0x27, 0x96, 0xb8, 0x4c, 0xc7, 0x29, 0x9e, 0xac, 0xe1, 0x0a, 0x2a, 0x6c, 0x40, 0x28, 0xc1, 0x8a,
    0x26, 0x50, 0xbe, 0x4f, 0x61, 0x51, 0x88, 0x6d, 0x2c, 0x07, 0x3b, 0x10, 0x4c, 0xda, 0xc3, 0x25, 0x64, 0xe5, 0xc2, 0xb0, 0xb7, 0x8d, 0xa4, 0x5d,
    0x2f, 0xff, 0xe9, 0x52, 0x7f, 0x71, 0xf2, 0xff, 0x67, 0x53, 0xbf, 0x54, 0x5f, 0x01, 0x3c, 0x80, 0x6a, 0x1f, 0xca, 0xd7, 0x37, 0x3d, 0x61, 0x85,
    0x58, 0x0b, 0xcc, 0xff, 0x20, 0x8e, 0xb4, 0x88, 0x89, 0xba, 0x2b, 0x8b, 0x79, 0x71, 0x6d, 0x51, 0xf8, 0x63, 0x20, 0xe2, 0x8b, 0x9d, 0x63, 0xc4,
    0xd3, 0x1e, 0xaf, 0xff, 0xed, 0xd3, 0x7d, 0x6f, 0x99, 0xfb, 0x15, 0x9a, 0x3f, 0x6b, 0x2c, 0x2f, 0xe5, 0x85, 0x8a, 0xb5, 0xe6, 0x6b, 0x90, 0x13,
    0x86, 0x34, 0xab, 0x70, 0xfc, 0xbf, 0xf3, 0x7c, 0xd5, 0x22, 0x22, 0x60, 0x2a, 0x08, 0xf1, 0x46, 0x1c, 0x37, 0xbb, 0xa0, 0xec, 0xe4, 0xb7, 0xbf,
    0xb9, 0x72, 0xc4, 0x7f, 0xfb, 0x91, 0x58, 0xfd, 0x3a, 0x13, 0xfb, 0x61, 0x90, 0xdf, 0x75, 0x46, 0x23, 0xd3, 0x10, 0x59, 0xa3, 0xf1, 0xc2, 0x95,
    0x85, 0xbc, 0xdd, 0x2a, 0xb0, 0xd7, 0x53, 0xfe, 0x1f, 0x30, 0x19, 0x11, 0x2c, 0x1f, 0x93, 0x3e, 0xd6, 0xc9, 0x46, 0x3d, 0x80, 0x80, 0xee, 0x68,
    0xb1, 0x47, 0xeb, 0xe4, 0xad, 0xa3, 0xff, 0xf1, 0x5e, 0xb5, 0xfd, 0xd7, 0xc4, 0xfa, 0x83, 0x23, 0x1f, 0x5c, 0x26, 0xe7, 0xee, 0xf6, 0x57, 0x0d,
    0xe2, 0x87, 0x23, 0x11, 0xe6, 0x05, 0x95, 0x77, 0x5e, 0x4f, 0xf2, 0xdc, 0x61, 0x84, 0x44, 0x41, 0x9e, 0x40, 0x4f, 0x32, 0x0c, 0xeb, 0x5e, 0xd8,
    0x5c, 0xe9, 0xf0, 0xcf, 0xed, 0x68, 0xb7, 0xbf, 0xb1, 0x72, 0xc6, 0x3f, 0x4d, 0x3f, 0x57, 0x5f, 0x99, 0x4e, 0xad, 0x56, 0x2f, 0x15, 0x29, 0xc9,
    0xa4, 0xea, 0x8c, 0x93, 0x07, 0xf7, 0x20, 0xdc, 0x2f, 0xb7, 0x0c, 0xe1, 0x3d, 0xb0, 0xb3, 0x85, 0xf6, 0xe1, 0x98, 0x3f, 0xb0, 0x0c, 0xa6, 0x93,
    0xaa, 0x33, 0xc5, 0xaa, 0xc5, 0xe2, 0xa5, 0x3a, 0xba, 0xfc, 0xca, 0x7d, 0x34, 0xf4, 0xf0, 0xf8, 0x7f, 0x73, 0x45, 0x01, 0x3d, 0xbc, 0x15, 0xb2,
    0x7f, 0xa8, 0x7f, 0x4e, 0x2b, 0xe6, 0xd7, 0xa7, 0x22, 0x2e, 0xf2, 0x1b, 0x90, 0x1b, 0xa7, 0x33, 0xca, 0xcf, 0xb7, 0x16, 0x50, 0xfe, 0xa0, 0x76,
    0x17, 0xf4, 0xc6, 0x14, 0x3f, 0xa8, 0x1c, 0xab, 0x3e, 0xdc, 0x58, 0xa0, 0x37, 0x4e, 0x67, 0x87, 0x22, 0x2e, 0xf2, 0x1b, 0xa7, 0x15, 0xf3, 0x6d,
    0xfa, 0x87, 0xe0, 0xe9, 0xf0, 0xfd, 0x70, 0xb6, 0x16, 0xf1, 0xb2, 0x69, 0xa4, 0xfa, 0x87, 0xf5, 0xeb, 0xe4, 0xdf, 0xb9, 0x1a, 0xbb, 0xec, 0x60,
    0xac, 0x31, 0xe6, 0x42, 0xea, 0xbd, 0x41, 0x8a, 0xcf, 0xd9, 0xd0, 0x8f, 0xbb, 0xdd, 0x67, 0xec, 0xeb, 0x55, 0xea, 0x0c, 0x58, 0x63, 0xcc, 0x85,
    0x2c, 0x8d, 0x5d, 0xf6, 0x31, 0xd7, 0xaf, 0x93, 0x7f, 0xa8, 0x7e, 0x00, 0xe9, 0xf0, 0xfe, 0xa8, 0x74, 0x11, 0xe9, 0xe5, 0x8f, 0x36, 0xfd, 0x34,
    0xfd, 0xb4, 0xfc, 0xac, 0x1f, 0x5c, 0x6d, 0xef, 0x91, 0xae, 0x20, 0xd7, 0x8e, 0x2e, 0x4e, 0x17, 0xd9, 0xd9, 0x66, 0xbe, 0xc0, 0x2d, 0x4f, 0xdc,
    0x03, 0xcd, 0x7d, 0x80, 0x4e, 0x17, 0xd9, 0xd9, 0x20, 0xd7, 0x8e, 0x2f, 0xc7, 0x1b, 0x7b, 0xe4, 0x6b, 0xcb, 0x4f, 0xca, 0xc1, 0xfd, 0x34, 0xf4,
    0xe2, 0x8b, 0x9d, 0x63, 0xc4, 0xd3, 0x1e, 0xaf, 0xff, 0xa9, 0x4f, 0xe1, 0xd6, 0x10, 0x3f, 0x86, 0x30, 0x81, 0xfc, 0x31, 0x84, 0x0f, 0xe1, 0x8c,
    0x20, 0x7f, 0x0c, 0x61, 0x03, 0xf8, 0x63, 0x08, 0x1f, 0xc3, 0x18, 0x41, 0x8f, 0x0c, 0x60, 0xaa, 0x4f, 0xae, 0x2e, 0x57, 0x1b, 0xbd, 0xa0, 0x4f,
    0x6f, 0x5f, 0x99, 0x3f, 0x51, 0x4f, 0xa0, 0xe4, 0xe4, 0xb7, 0xbf, 0x32, 0xe5, 0x11, 0xff, 0x9b, 0xcf, 0xba, 0xd4, 0xeb, 0xdd, 0xee, 0x75, 0xee,
    0xf7, 0x3a, 0xf7, 0x7b, 0x9d, 0x7b, 0xbd, 0xce, 0xbd, 0xde, 0xe7, 0x5e, 0xef, 0x73, 0xbf, 0x67, 0x79, 0x09, 0xd5, 0x10, 0xa2, 0x9e, 0xcf, 0x54,
    0x84, 0xdb, 0xfc, 0xda, 0xf8, 0x8a, 0x7d, 0xe6, 0x68, 0xb1, 0x47, 0xe3, 0xe4, 0xaf, 0xa3, 0xff, 0xd8, 0xaf, 0x71, 0x47, 0x03, 0xdc, 0x03, 0x81,
    0xee, 0x01, 0xc0, 0xf7, 0x00, 0xe0, 0x7b, 0x80, 0x70, 0x3d, 0xc0, 0x38, 0x1e, 0xe0, 0x1c, 0x0f, 0x60, 0x1d, 0xc5, 0xfa, 0x73, 0x24, 0x72, 0x31,
    0x6b, 0xec, 0x5f, 0x89, 0xaf, 0xc9, 0xbf, 0xa6, 0xa9, 0xe0, 0xe5, 0xc2, 0xd8, 0x5b, 0xc6, 0xd2, 0x2e, 0x97, 0xff, 0x6d, 0x4b, 0xe3, 0x53, 0x5c,
    0x37, 0x8c, 0x2d, 0x70, 0xde, 0x30, 0xb5, 0xc3, 0x78, 0xc2, 0xd7, 0x0d, 0xe3, 0x0b, 0x5c, 0x37, 0x8c, 0x2d, 0x70, 0xde, 0x30, 0xb5, 0x83, 0x79,
    0x60, 0xca, 0x23, 0xcc, 0x84, 0x2c, 0x8c, 0xda, 0xda, 0x11, 0xc3, 0x8a, 0xf9, 0x58, 0xfa, 0x89, 0xe0, 0xe5, 0x8c, 0xac, 0x7c, 0xb8, 0xbb, 0x0c,
    0x70, 0xdc, 0xc9, 0xd3, 0xa6, 0xcc, 0x7d, 0x7f, 0xf2, 0xe4, 0xa2, 0x0c, 0xf4, 0x0f, 0xd7, 0x0a, 0x4b, 0x1a, 0x9f, 0x8a, 0xc3, 0x6f, 0x6c, 0x05,
    0x81, 0xdc, 0x05, 0x71, 0x63, 0x6a, 0x0a, 0x7a, 0xf9, 0x38, 0x0b, 0xc4, 0x4f, 0x00, 0xe3, 0x21, 0x32, 0x71, 0x06, 0x48, 0x6b, 0xb7, 0x52, 0xb2,
    0xf8, 0xcc, 0x9d, 0x6a, 0xfc, 0x8e, 0x4e, 0xd0, 0xb0, 0x1b, 0x87, 0xc5, 0x17, 0x24, 0xc6, 0xa7, 0xe3, 0xa5, 0x4e, 0x2d, 0x60, 0xf6, 0x0d, 0xc6,
    0x0e, 0xc3, 0x06, 0xbb, 0x0e, 0x58, 0xf9, 0x4e, 0x1f, 0x86, 0xa7, 0xd0, 0xe2, 0xa9, 0x23, 0x76, 0x64, 0xb4, 0x3a, 0xcc, 0x4b, 0x6f, 0x16, 0xcb,
    0xd4, 0xdf, 0xe6, 0xcc, 0xb3, 0x4c, 0x56, 0x18, 0xe1, 0xf6, 0xb2, 0x47, 0x7c, 0xee, 0x86, 0x4b, 0x75, 0x17, 0x5a, 0xca, 0x07, 0xe1, 0x8c, 0x9d,
    0x69, 0x13, 0x23, 0x25, 0x6a, 0xf9, 0x89, 0xcf, 0x0d, 0x4f, 0xa0, 0x24, 0x62, 0x3b, 0x73, 0x21, 0x30, 0x18, 0x92, 0xe4, 0x8f, 0xd4, 0x66, 0xee,
    0x7f, 0x29, 0x6e, 0x2e, 0x49, 0x5b, 0x23, 0xee, 0xa8, 0xad, 0x1b, 0xa1, 0x58, 0x19, 0xbb, 0x6a, 0xa7, 0x5d, 0xd5, 0x6a, 0x94, 0xdc, 0x52, 0xcf,
    0xcd, 0x66, 0xb8, 0x89, 0xd0, 0xe3, 0x19, 0x29, 0xf1, 0x86, 0x10, 0x67, 0x87, 0x84, 0x27, 0x5f, 0x15, 0x8f, 0xad, 0x3f, 0x98, 0x23, 0xad, 0xaa,
    0x40, 0xbd, 0xc3, 0x76, 0x77, 0x03, 0xcc, 0x88, 0x1e, 0x64, 0x5c, 0x37, 0x67, 0x67, 0x52, 0xcb, 0x91, 0x62, 0x5d, 0xfc, 0xab, 0xf8, 0x8b, 0xd0,
    0xe2, 0xa1, 0x22, 0x78, 0x34, 0x53, 0x3e, 0x5d, 0x8a, 0xd6, 0xf5, 0x59, 0x3c, 0x4d, 0xfe, 0x64, 0xf9, 0xaa, 0xb1, 0xdc, 0x41, 0x28, 0x7e, 0xc0,
    0x3b, 0x06, 0xed, 0xc2, 0xd8, 0x37, 0x6e, 0x15, 0x06, 0x3b, 0x90, 0x65, 0xa1, 0x75, 0x71, 0x1c, 0x3c, 0xfe, 0x47, 0xa6, 0xa7, 0xd0, 0xe2, 0x29,
    0x1a, 0xf9, 0xa0, 0x50, 0x13, 0xad, 0x72, 0x57, 0xf5, 0x19, 0x7d, 0x8f, 0xc9, 0x4e, 0x60, 0x39, 0xb4, 0xcf, 0x2b, 0x5d, 0xb8, 0xb2, 0x0c, 0x75,
    0x03, 0x98, 0xc7, 0x50, 0x39, 0x56, 0xfb, 0x70, 0xc4, 0xe3, 0x0b, 0x6a, 0xdf, 0x71, 0xf9, 0xa4, 0xf0, 0xd5, 0x3a, 0x23, 0x6e, 0x37, 0x70, 0x1a,
    0xe2, 0xfc, 0x4c, 0x19, 0xe0, 0xfa, 0x6c, 0xc7, 0xdb, 0xd7, 0xca, 0xb1, 0x30, 0xca, 0x26, 0x82, 0x66, 0x8f, 0x88, 0x31, 0x3b, 0xf2, 0x75, 0x3b,
    0xf2, 0xb5, 0x9a, 0x3e, 0x20, 0xc2, 0x8d, 0x2b, 0x6e, 0x90, 0xad, 0x5f, 0x25, 0xbc, 0x44, 0xe8, 0xe3, 0x71, 0x8f, 0x96, 0x0e, 0xa2, 0x38, 0x78,
    0x42, 0x75, 0x23, 0x53, 0xea, 0xa3, 0x0b, 0x70, 0xc6, 0x18, 0x5b, 0x86, 0x30, 0xc2, 0xdc, 0x31, 0x86, 0x16, 0xe1, 0x8c, 0x30, 0xb7, 0x0c, 0x61,
    0x43, 0xf1, 0x86, 0x0e, 0xaa, 0xf7, 0xd8, 0xc1, 0x5a, 0x85, 0x30, 0xc7, 0x53, 0xc0, 0x25, 0x32, 0x54, 0x23, 0x19, 0x2a, 0xdf, 0x1d, 0x8a, 0xf6,
    0x25, 0x4e, 0xa2, 0x08, 0xee, 0xf6, 0x23, 0xbb, 0xd8, 0x8e, 0xef, 0x62, 0x3b, 0xbd, 0x88, 0xee, 0xf6, 0x35, 0xc3, 0xad, 0xe8, 0x62, 0xda, 0xad,
    0xac, 0x8a, 0xbe, 0xf7, 0xc4, 0x3e, 0x80, 0x24, 0x52, 0x35, 0xee, 0xe8, 0xb2, 0x0f, 0x96, 0xb9, 0x33, 0xf1, 0x13, 0xa8, 0xa5, 0xa9, 0xee, 0x01,
    0xea, 0x7b, 0x80, 0x7a, 0x9e, 0xe0, 0x1e, 0xa7, 0xb8, 0x07, 0xa9, 0xee, 0x01, 0xea, 0xbb, 0xa0, 0x6e, 0x33, 0x68, 0xa0, 0x67, 0xaf, 0x99, 0xc0,
    0x3e, 0x19, 0xf8, 0x23, 0x52, 0x36, 0xec, 0x04, 0xc0, 0x6e, 0x2b, 0x92, 0x60, 0xc9, 0x17, 0xa6, 0xa7, 0x80, 0x7c, 0xb8, 0x6c, 0x03, 0xe5, 0xc3,
    0x60, 0x1f, 0x2e, 0x1b, 0x00, 0xf9, 0x70, 0xd8, 0x07, 0xcb, 0x86, 0xc0, 0x4e, 0x60, 0x35, 0x86, 0xed, 0x8a, 0x0c, 0x51, 0xf3, 0x57, 0x0d, 0xc3,
    0x3f, 0x00, 0x39, 0xd1, 0x1c, 0xe8, 0x8e, 0x74, 0x75, 0x24, 0x75, 0x24, 0x75, 0x24, 0x67, 0xc3, 0x3e, 0x19, 0x80, 0xcd, 0x21, 0x66, 0x90, 0xb3,
    0x49, 0xa0, 0x85, 0xa0, 0x85, 0xa0, 0x84, 0x7d, 0x3e, 0x99, 0x00, 0xbd, 0x31, 0x5e, 0x98, 0xaf, 0x4c, 0xe2, 0xc4, 0xe2, 0xc4, 0xe2, 0xc4, 0x7d,
    0x3e, 0x99, 0x00, 0x5a, 0xc1, 0x2d, 0x60, 0x96, 0xb0, 0xc2, 0x09, 0x84, 0x13, 0x08, 0x23, 0xe9, 0xf4, 0xc8, 0x00, 0x00,
};
static const uint8_t AF_M_HC[53] = {
    0, 0, 1, 9, 8, 2, 2, 2, 2, 2, 1, 4, 3, 2, 0, 15, 0, 1, 2, 3, 4, 7, 9, 13,
    14, 5, 6, 8, 10, 11, 12, 16, 32, 48, 64, 31, 80, 47, 96, 95, 112, 63, 79, 111, 127, 128, 160, 176,
    144, 208, 240, 192, 224,
};
static const aag_t AF_M_G[420] = {
    {0, 53, 0, 0, 0, 0},
    {0, 53, 0, 0, 0, 0},
    {0, 53, 0, 0, 0, 0},
    {0, 53, 0, 0, 0, 0},
    {0, 65, 1, 4, 3, 12},
    {19, 65, 1, 4, 3, 12},
    {36, 65, 1, 4, 3, 12},
    {55, 65, 1, 4, 3, 12},
    {72, 109, 1, 4, 5, 5},
    {86, 109, 1, 4, 5, 5},
    {100, 109, 1, 4, 6, 5},
    {115, 109, 2, 4, 5, 5},
    {128, 143, 0, 4, 9, 11},
    {170, 143, 0, 4, 10, 11},
    {215, 143, 0, 4, 10, 11},
    {260, 143, 0, 4, 10, 11},
    {304, 144, 0, 2, 9, 15},
    {355, 144, 0, 2, 9, 15},
    {408, 144, 1, 2, 8, 15},
    {458, 144, 1, 2, 9, 15},
    {511, 189, 0, 3, 11, 13},
    {569, 189, 1, 3, 11, 13},
    {625, 189, 1, 3, 11, 13},
    {682, 189, 1, 3, 11, 13},
    {739, 146, 0, 3, 10, 13},
    {790, 146, 0, 3, 10, 13},
    {841, 146, 0, 3, 10, 13},
    {891, 146, 1, 3, 9, 13},
    {938, 65, 1, 4, 2, 5},
    {944, 65, 1, 4, 3, 5},
    {952, 65, 1, 4, 3, 5},
    {960, 65, 2, 4, 2, 5},
    {965, 78, 1, 3, 4, 15},
    {993, 78, 1, 3, 4, 15},
    {1021, 78, 1, 3, 4, 15},
    {1049, 78, 1, 3, 5, 15},
    {1079, 78, 0, 3, 4, 15},
    {1108, 78, 0, 3, 4, 15},
    {1135, 78, 1, 3, 4, 15},
    {1163, 78, 1, 3, 4, 15},
    {1192, 115, 0, 4, 7, 7},
    {1213, 115, 1, 4, 6, 7},
    {1233, 115, 1, 4, 6, 7},
    {1253, 115, 1, 4, 7, 7},
    {1275, 150, 1, 7, 8, 8},
    {1294, 150, 1, 7, 8, 8},
    {1314, 150, 1, 7, 8, 8},
    {1334, 150, 1, 7, 9, 8},
    {1356, 66, 0, 13, 3, 5},
    {1364, 66, 0, 13, 4, 5},
    {1374, 66, 1, 13, 3, 5},
    {1382, 66, 1, 13, 3, 5},
    {1390, 101, 0, 9, 6, 3},
    {1399, 101, 1, 9, 5, 3},
    {1406, 101, 1, 9, 6, 3},
    {1415, 101, 1, 9, 6, 3},
    {1424, 64, 1, 13, 2, 3},
    {1424, 64, 1, 13, 2, 3},
    {1424, 64, 1, 13, 2, 3},
    {1424, 64, 1, 13, 2, 3},
    {1428, 78, 0, 3, 5, 14},
    {1455, 78, 0, 3, 6, 14},
    {1483, 78, 0, 3, 6, 14},
    {1511, 78, 0, 3, 6, 14},
    {1539, 144, 0, 3, 9, 13},
    {1539, 144, 0, 3, 9, 13},
    {1539, 144, 0, 3, 9, 13},
    {1539, 144, 0, 3, 9, 13},
    {1584, 144, 1, 4, 5, 11},
    {1584, 144, 1, 4, 5, 11},
    {1584, 144, 1, 4, 5, 11},
    {1584, 144, 1, 4, 5, 11},
    {1604, 144, 0, 3, 9, 12},
    {1604, 144, 0, 3, 9, 12},
    {1604, 144, 0, 3, 9, 12},
    {1604, 144, 0, 3, 9, 12},
    {1642, 144, 0, 3, 9, 13},
    {1642, 144, 0, 3, 9, 13},
    {1642, 144, 0, 3, 9, 13},
    {1642, 144, 0, 3, 9, 13},
    {1686, 144, 0, 4, 9, 11},
    {1686, 144, 0, 4, 9, 11},
    {1686, 144, 0, 4, 9, 11},
    {1686, 144, 0, 4, 9, 11},
    {1725, 144, 0, 4, 9, 12},
    {1725, 144, 0, 4, 9, 12},
    {1725, 144, 0, 4, 9, 12},
    {1725, 144, 0, 4, 9, 12},
    {1767, 144, 0, 3, 9, 13},
    {1767, 144, 0, 3, 9, 13},
    {1767, 144, 0, 3, 9, 13},
    {1767, 144, 0, 3, 9, 13},
    {1815, 144, 0, 4, 9, 11},
    {1815, 144, 0, 4, 9, 11},
    {1815, 144, 0, 4, 9, 11},
    {1815, 144, 0, 4, 9, 11},
    {1846, 144, 0, 3, 9, 13},
    {1846, 144, 0, 3, 9, 13},
    {1846, 144, 0, 3, 9, 13},
    {1846, 144, 0, 3, 9, 13},
    {1894, 144, 0, 3, 9, 13},
    {1894, 144, 0, 3, 9, 13},
    {1894, 144, 0, 3, 9, 13},
    {1894, 144, 0, 3, 9, 13},
    {1942, 62, 0, 7, 3, 9},
    {1953, 62, 1, 7, 3, 9},
    {1964, 62, 1, 7, 3, 9},
    {1975, 62, 1, 7, 3, 9},
    {1986, 65, 0, 7, 4, 11},
    {2003, 65, 0, 7, 4, 11},
    {2020, 65, 1, 7, 3, 11},
    {2034, 65, 1, 7, 3, 11},
    {2048, 150, 1, 6, 8, 9},
    {2074, 150, 1, 6, 8, 9},
    {2099, 150, 1, 6, 8, 9},
    {2125, 150, 1, 6, 8, 9},
    {2151, 150, 1, 8, 8, 6},
    {2172, 150, 1, 8, 8, 6},
    {2194, 150, 1, 8, 8, 6},
    {2216, 150, 2, 8, 7, 6},
    {2235, 150, 1, 6, 8, 9},
    {2260, 150, 1, 6, 8, 9},
    {2285, 150, 1, 6, 8, 9},
    {2311, 150, 1, 6, 8, 9},
    {2338, 116, 0, 3, 7, 13},
    {2369, 116, 0, 3, 8, 13},
    {2402, 116, 0, 3, 8, 13},
    {2435, 116, 1, 3, 7, 13},
    {2467, 222, 0, 4, 14, 14},
    {2551, 222, 0, 4, 14, 14},
    {2637, 222, 0, 4, 14, 14},
    {2723, 222, 1, 4, 14, 14},
    {2811, 158, 0, 4, 10, 11},
    {2852, 158, 0, 4, 10, 11},
    {2892, 158, 0, 4, 11, 11},
    {2934, 158, 0, 4, 11, 11},
    {2976, 147, 0, 4, 9, 11},
    {3020, 147, 1, 4, 8, 11},
    {3060, 147, 1, 4, 9, 11},
    {3103, 147, 1, 4, 9, 11},
    {3149, 166, 0, 3, 10, 13},
    {3194, 166, 0, 3, 11, 13},
    {3241, 166, 1, 3, 10, 13},
    {3285, 166, 1, 3, 10, 13},
    {3330, 163, 0, 4, 10, 11},
    {3374, 163, 1, 4, 9, 11},
    {3415, 163, 1, 4, 10, 11},
    {3456, 163, 1, 4, 10, 11},
    {3503, 135, 0, 4, 8, 11},
    {3537, 135, 1, 4, 7, 11},
    {3567, 135, 1, 4, 8, 11},
    {3599, 135, 1, 4, 8, 11},
    {3634, 131, 0, 4, 8, 11},
    {3664, 131, 1, 4, 7, 11},
    {3691, 131, 1, 4, 8, 11},
    {3719, 131, 1, 4, 8, 11},
    {3751, 170, 0, 3, 10, 13},
    {3801, 170, 0, 3, 11, 13},
    {3853, 170, 1, 3, 10, 13},
    {3901, 170, 1, 3, 10, 13},
    {3950, 168, 0, 4, 10, 11},
    {3987, 168, 1, 4, 9, 11},
    {4024, 168, 1, 4, 10, 11},
    {4061, 168, 1, 4, 10, 11},
    {4105, 54, 0, 4, 3, 11},
    {4121, 54, 1, 4, 2, 11},
    {4134, 54, 1, 4, 2, 11},
    {4144, 54, 1, 4, 3, 11},
    {4161, 122, 0, 4, 7, 12},
    {4188, 122, 0, 4, 7, 12},
    {4214, 122, 0, 4, 8, 12},
    {4246, 122, 0, 4, 8, 12},
    {4277, 149, 0, 4, 10, 11},
    {4322, 149, 1, 4, 9, 11},
    {4364, 149, 1, 4, 9, 11},
    {4403, 149, 1, 4, 9, 11},
    {4447, 125, 0, 4, 8, 11},
    {4473, 125, 1, 4, 7, 11},
    {4496, 125, 1, 4, 7, 11},
    {4516, 125, 1, 4, 8, 11},
    {4543, 206, 0, 4, 12, 11},
    {4599, 206, 1, 4, 12, 11},
    {4657, 206, 1, 4, 12, 11},
    {4715, 206, 1, 4, 12, 11},
    {4775, 169, 0, 4, 10, 11},
    {4821, 169, 1, 4, 9, 11},
    {4865, 169, 1, 4, 10, 11},
    {4912, 169, 1, 4, 10, 11},
    {4960, 174, 0, 3, 11, 13},
    {5011, 174, 0, 3, 11, 13},
    {5061, 174, 1, 3, 10, 13},
    {5107, 174, 1, 3, 11, 13},
    {5157, 143, 0, 4, 9, 11},
    {5195, 143, 1, 4, 8, 11},
    {5229, 143, 1, 4, 9, 11},
    {5263, 143, 1, 4, 9, 11},
    {5302, 174, 0, 3, 11, 13},
    {5357, 174, 0, 3, 11, 13},
    {5412, 174, 1, 3, 10, 13},
    {5463, 174, 1, 3, 11, 13},
    {5517, 145, 0, 4, 9, 11},
    {5562, 145, 1, 4, 9, 11},
    {5606, 145, 1, 4, 9, 11},
    {5647, 145, 1, 4, 9, 11},
    {5693, 144, 0, 3, 9, 13},
    {5737, 144, 0, 3, 9, 13},
    {5781, 144, 1, 3, 8, 13},
    {5821, 144, 1, 3, 9, 13},
    {5865, 146, 0, 4, 9, 11},
    {5897, 146, 0, 4, 9, 11},
    {5925, 146, 0, 4, 10, 11},
    {5957, 146, 1, 4, 9, 11},
    {5989, 167, 0, 4, 10, 12},
    {6034, 167, 1, 4, 9, 12},
    {6074, 167, 1, 4, 10, 12},
    {6116, 167, 1, 4, 10, 12},
    {6162, 158, 0, 4, 10, 11},
    {6203, 158, 0, 4, 10, 11},
    {6243, 158, 0, 4, 11, 11},
    {6284, 158, 0, 4, 11, 11},
    {6326, 226, 0, 4, 14, 11},
    {6391, 226, 0, 4, 15, 11},
    {6458, 226, 0, 4, 15, 11},
    {6525, 226, 0, 4, 15, 11},
    {6592, 150, 0, 4, 10, 11},
    {6635, 150, 0, 4, 10, 11},
    {6678, 150, 0, 4, 10, 11},
    {6720, 150, 1, 4, 9, 11},
    {6760, 154, 0, 4, 10, 11},
    {6794, 154, 0, 4, 10, 11},
    {6829, 154, 0, 4, 10, 11},
    {6865, 154, 0, 4, 11, 11},
    {6903, 143, 0, 4, 9, 11},
    {6938, 143, 0, 4, 9, 11},
    {6972, 143, 1, 4, 8, 11},
    {7004, 143, 1, 4, 9, 11},
    {7038, 78, 1, 3, 4, 15},
    {7068, 78, 1, 3, 4, 15},
    {7097, 78, 1, 3, 4, 15},
    {7128, 78, 1, 3, 5, 15},
    {7160, 78, 0, 3, 5, 14},
    {7186, 78, 0, 3, 6, 14},
    {7213, 78, 0, 3, 6, 14},
    {7240, 78, 0, 3, 6, 14},
    {7268, 78, 0, 3, 4, 15},
    {7295, 78, 0, 3, 4, 15},
    {7322, 78, 1, 3, 4, 15},
    {7352, 78, 1, 3, 4, 15},
    {7383, 104, 0, 4, 7, 5},
    {7399, 104, 0, 4, 7, 5},
    {7414, 104, 0, 4, 7, 5},
    {7430, 104, 1, 4, 6, 5},
    {7444, 100, -1, 15, 8, 2},
    {7451, 100, -1, 15, 8, 2},
    {7458, 100, 0, 15, 8, 2},
    {7466, 100, 0, 15, 8, 2},
    {7474, 97, 1, 3, 4, 3},
    {7480, 97, 2, 3, 3, 3},
    {7485, 97, 2, 3, 3, 3},
    {7490, 97, 2, 3, 3, 3},
    {7495, 127, 0, 6, 8, 10},
    {7529, 127, 0, 6, 8, 10},
    {7565, 127, 0, 6, 8, 10},
    {7602, 127, 1, 6, 7, 10},
    {7634, 138, 0, 4, 9, 12},
    {7677, 138, 1, 4, 8, 12},
    {7714, 138, 1, 4, 8, 12},
    {7754, 138, 1, 4, 8, 12},
    {7795, 127, 0, 6, 8, 10},
    {7826, 127, 0, 6, 8, 10},
    {7858, 127, 0, 6, 8, 10},
    {7889, 127, 1, 6, 8, 10},
    {7922, 138, 0, 4, 8, 12},
    {7961, 138, 0, 4, 9, 12},
    {8004, 138, 0, 4, 9, 12},
    {8048, 138, 1, 4, 8, 12},
    {8087, 130, 0, 6, 8, 10},
    {8124, 130, 0, 6, 9, 10},
    {8164, 130, 0, 6, 9, 10},
    {8202, 130, 1, 6, 8, 10},
    {8239, 79, 0, 3, 5, 12},
    {8265, 79, 0, 3, 6, 12},
    {8295, 79, 0, 3, 6, 12},
    {8324, 79, 0, 3, 6, 12},
    {8351, 138, 0, 6, 8, 13},
    {8397, 138, 0, 6, 9, 13},
    {8447, 138, 0, 6, 9, 13},
    {8498, 138, 1, 6, 8, 13},
    {8544, 135, 0, 4, 8, 11},
    {8580, 135, 1, 4, 7, 11},
    {8610, 135, 1, 4, 8, 11},
    {8645, 135, 1, 4, 8, 11},
    {8681, 50, 0, 3, 3, 12},
    {8700, 50, 0, 3, 3, 12},
    {8718, 50, 1, 3, 2, 12},
    {8731, 50, 1, 3, 3, 12},
    {8750, 50, -1, 3, 4, 16},
    {8782, 50, -1, 3, 4, 15},
    {8807, 50, -1, 3, 4, 16},
    {8835, 50, 0, 3, 4, 16},
    {8865, 123, 0, 4, 8, 11},
    {8904, 123, 1, 4, 7, 11},
    {8935, 123, 1, 4, 8, 11},
    {8971, 123, 1, 4, 8, 11},
    {9010, 50, 0, 4, 3, 11},
    {9027, 50, 1, 4, 2, 11},
    {9037, 50, 1, 4, 2, 11},
    {9050, 50, 1, 4, 3, 11},
    {9067, 202, 0, 6, 12, 9},
    {9117, 202, 1, 6, 12, 9},
    {9165, 202, 1, 6, 12, 9},
    {9216, 202, 1, 6, 12, 9},
    {9263, 134, 0, 6, 8, 9},
    {9293, 134, 1, 6, 7, 9},
    {9320, 134, 1, 6, 8, 9},
    {9351, 134, 1, 6, 8, 9},
    {9383, 134, 0, 6, 8, 10},
    {9415, 134, 0, 6, 9, 10},
    {9451, 134, 0, 6, 9, 10},
    {9486, 134, 1, 6, 8, 10},
    {9521, 138, 0, 6, 9, 13},
    {9567, 138, 1, 6, 8, 13},
    {9607, 138, 1, 6, 8, 13},
    {9650, 138, 1, 6, 8, 13},
    {9692, 138, 0, 6, 8, 13},
    {9734, 138, 0, 6, 9, 13},
    {9781, 138, 0, 6, 9, 13},
    {9828, 138, 1, 6, 8, 13},
    {9868, 82, 0, 6, 6, 9},
    {9890, 82, 1, 6, 5, 9},
    {9907, 82, 1, 6, 5, 9},
    {9926, 82, 1, 6, 5, 9},
    {9947, 118, 0, 6, 7, 10},
    {9978, 118, 0, 6, 8, 10},
    {10012, 118, 1, 6, 7, 10},
    {10044, 118, 1, 6, 7, 10},
    {10075, 79, 0, 4, 5, 12},
    {10100, 79, 0, 4, 5, 12},
    {10126, 79, 0, 4, 6, 12},
    {10155, 79, 0, 4, 6, 12},
    {10182, 133, 0, 6, 8, 10},
    {10217, 133, 1, 6, 7, 10},
    {10247, 133, 1, 6, 8, 10},
    {10281, 133, 1, 6, 8, 10},
    {10317, 126, 0, 6, 8, 9},
    {10346, 126, 0, 6, 8, 9},
    {10375, 126, 0, 6, 9, 9},
    {10406, 126, 1, 6, 8, 9},
    {10436, 188, 0, 6, 12, 9},
    {10484, 188, 0, 6, 12, 9},
    {10532, 188, 0, 6, 12, 9},
    {10582, 188, 1, 6, 12, 9},
    {10631, 122, 0, 6, 8, 9},
    {10662, 122, 0, 6, 8, 9},
    {10693, 122, 0, 6, 8, 9},
    {10724, 122, 1, 6, 7, 9},
    {10753, 126, 0, 6, 8, 13},
    {10791, 126, 0, 6, 8, 12},
    {10826, 126, 0, 6, 9, 13},
    {10867, 126, 1, 6, 8, 13},
    {10906, 122, 0, 6, 8, 9},
    {10933, 122, 0, 6, 8, 9},
    {10960, 122, 1, 6, 7, 9},
    {10986, 122, 1, 6, 7, 9},
    {11012, 95, 0, 3, 6, 14},
    {11044, 95, 1, 3, 5, 15},
    {11076, 95, 1, 3, 5, 15},
    {11108, 95, 1, 3, 6, 14},
    {11139, 72, 1, 0, 2, 19},
    {11157, 72, 1, 0, 3, 19},
    {11184, 72, 2, 0, 2, 19},
    {11206, 72, 2, 0, 2, 19},
    {11230, 95, 0, 3, 6, 14},
    {11261, 95, 0, 3, 6, 14},
    {11292, 95, 1, 3, 5, 15},
    {11323, 95, 1, 3, 5, 15},
    {11355, 150, 0, 9, 9, 4},
    {11371, 150, 1, 9, 8, 4},
    {11386, 150, 1, 9, 8, 4},
    {11402, 150, 1, 9, 9, 4},
    {11419, 210, 0, 3, 13, 13},
    {11489, 210, 1, 3, 12, 13},
    {11555, 210, 1, 3, 12, 13},
    {11622, 210, 1, 3, 12, 13},
    {11689, 99, 0, 4, 6, 5},
    {11705, 99, 0, 3, 6, 6},
    {11722, 99, 1, 3, 6, 6},
    {11740, 99, 1, 3, 6, 6},
    {11757, 62, 0, 9, 3, 3},
    {11762, 62, 1, 9, 3, 3},
    {11767, 62, 1, 9, 3, 3},
    {11772, 62, 1, 9, 3, 3},
    {11777, 158, 0, 1, 10, 14},
    {11827, 158, 0, 1, 10, 14},
    {11876, 158, 0, 1, 11, 14},
    {11926, 158, 0, 1, 11, 14},
    {11977, 174, 0, 0, 11, 16},
    {12038, 174, 0, 0, 11, 16},
    {12099, 174, 1, 0, 10, 16},
    {12156, 174, 1, 0, 11, 16},
    {12216, 167, 0, 1, 10, 15},
    {12271, 167, 1, 1, 9, 15},
    {12319, 167, 1, 1, 10, 15},
    {12370, 167, 1, 1, 10, 15},
    {12425, 127, 0, 3, 8, 13},
    {12470, 127, 0, 3, 8, 13},
    {12516, 127, 0, 3, 8, 13},
    {12563, 127, 1, 3, 7, 13},
    {12605, 134, 0, 3, 8, 13},
    {12648, 134, 0, 3, 9, 13},
    {12694, 134, 0, 3, 9, 13},
    {12739, 134, 1, 3, 8, 13},
    {12784, 133, 0, 3, 8, 13},
    {12830, 133, 1, 3, 7, 13},
    {12871, 133, 1, 3, 8, 13},
    {12915, 133, 1, 3, 8, 13},
    {12962, 185, 0, 13, 11, 3},
    {12979, 185, 1, 13, 11, 3},
    {12995, 185, 1, 13, 11, 3},
    {13011, 185, 1, 13, 11, 3},
};
static const uint16_t AF_M_KERN[992] = {
    8506, 8742, 8769, 8778, 8900, 9274, 9281, 9412, 9530, 9762, 9767, 9786,
    9812, 9814, 9815, 9817, 9820, 9846, 9847, 9849, 10022, 10049, 10058, 10180,
    10339, 10340, 10341, 10343, 10346, 10351, 10353, 10486, 10790, 10817, 10826, 10847,
    10948, 11092, 11094, 11095, 11096, 11097, 11100, 11128, 11582, 11604, 11606, 11607,
    11608, 11609, 11612, 11640, 12106, 12118, 12119, 12124, 12346, 12602, 12858, 13114,
    13370, 13626, 13882, 14138, 14394, 14650, 14881, 14884, 14885, 14886, 14896, 14897,
    14898, 14899, 14900, 14901, 14902, 14903, 14904, 14905, 14911, 14913, 14914, 14915,
    14916, 14917, 14918, 14919, 14920, 14921, 14922, 14923, 14924, 14925, 14926, 14927,
    14928, 14929, 14930, 14931, 14932, 14933, 14934, 14935, 14936, 14937, 14938, 14972,
    15044, 15062, 15068, 15405, 15678, 15681, 15702, 15703, 15704, 15705, 15708, 15734,
    15736, 15737, 15812, 15964, 16186, 16193, 16324, 16674, 16676, 16679, 16682, 16698,
    16701, 16703, 16707, 16711, 16719, 16721, 16723, 16724, 16726, 16727, 16729, 16732,
    16734, 16739, 16740, 16741, 16742, 16743, 16745, 16751, 16753, 16755, 16756, 16758,
    16759, 16761, 16809, 16816, 16823, 16854, 16886, 16954, 17210, 17217, 17240, 17247,
    17270, 17273, 17348, 17455, 17466, 17473, 17492, 17494, 17495, 17496, 17497, 17500,
    17503, 17604, 17722, 17978, 17985, 17994, 18015, 18017, 18019, 18020, 18021, 18023,
    18029, 18030, 18031, 18032, 18033, 18034, 18037, 18038, 18041, 18042, 18116, 18148,
    18166, 18172, 18234, 18241, 18260, 18262, 18264, 18265, 18268, 18281, 18282, 18372,
    18490, 18527, 18746, 18783, 18991, 19002, 19039, 19243, 19245, 19258, 19261, 19267,
    19271, 19279, 19281, 19299, 19300, 19301, 19303, 19305, 19311, 19313, 19317, 19318,
    19319, 19321, 19326, 19369, 19383, 19414, 19446, 19452, 19490, 19495, 19498, 19499,
    19501, 19514, 19521, 19523, 19527, 19535, 19537, 19540, 19542, 19543, 19545, 19548,
    19550, 19572, 19574, 19577, 19582, 19625, 19632, 19639, 19652, 19670, 19770, 19807,
    20026, 20063, 20271, 20282, 20289, 20308, 20310, 20311, 20312, 20313, 20316, 20319,
    20420, 20518, 20523, 20525, 20538, 20545, 20554, 20577, 20579, 20580, 20581, 20583,
    20591, 20593, 20606, 20663, 20676, 20708, 20726, 20783, 20794, 20801, 20820, 20822,
    20823, 20824, 20825, 20828, 20831, 20932, 21050, 21078, 21081, 21084, 21091, 21092,
    21093, 21095, 21103, 21105, 21238, 21306, 21313, 21444, 21542, 21547, 21549, 21551,
    21562, 21569, 21571, 21575, 21578, 21583, 21585, 21593, 21599, 21601, 21603, 21604,
    21605, 21607, 21613, 21614, 21615, 21616, 21617, 21618, 21619, 21621, 21622, 21623,
    21624, 21625, 21626, 21630, 21673, 21687, 21700, 21718, 21732, 21750, 21756, 21807,
    21818, 21855, 22054, 22059, 22061, 22063, 22074, 22077, 22081, 22083, 22087, 22090,
    22095, 22097, 22108, 22111, 22113, 22115, 22116, 22117, 22119, 22127, 22129, 22131,
    22142, 22185, 22199, 22212, 22230, 22244, 22262, 22308, 22310, 22315, 22317, 22319,
    22330, 22333, 22337, 22339, 22343, 22346, 22351, 22353, 22355, 22364, 22369, 22371,
    22372, 22373, 22375, 22381, 22382, 22383, 22384, 22385, 22386, 22387, 22398, 22441,
    22455, 22468, 22486, 22500, 22518, 22571, 22573, 22586, 22589, 22595, 22599, 22607,
    22609, 22627, 22628, 22629, 22631, 22639, 22641, 22654, 22697, 22711, 22742, 22774,
    22822, 22827, 22829, 22842, 22845, 22849, 22851, 22855, 22858, 22863, 22865, 22868,
    22881, 22883, 22884, 22885, 22887, 22889, 22893, 22894, 22895, 22896, 22897, 22898,
    22899, 22901, 22910, 22953, 22967, 22980, 22998, 23012, 23030, 23036, 23083, 23085,
    23098, 23107, 23111, 23119, 23121, 23166, 23209, 23223, 23254, 23395, 23396, 23397,
    23399, 23402, 23407, 23409, 23542, 23586, 23588, 23591, 23594, 23612, 23613, 23615,
    23619, 23623, 23631, 23633, 23635, 23636, 23638, 23639, 23641, 23644, 23646, 23651,
    23652, 23653, 23654, 23655, 23657, 23663, 23665, 23667, 23668, 23670, 23671, 23673,
    23721, 23728, 23735, 23766, 23798, 24102, 24129, 24138, 24159, 24260, 24362, 24387,
    24391, 24399, 24401, 24404, 24405, 24406, 24412, 24414, 24425, 24426, 24429, 24430,
    24432, 24434, 24438, 24441, 24489, 24496, 24534, 24540, 24916, 24918, 24919, 24921,
    24924, 24950, 24953, 25129, 25153, 25172, 25174, 25175, 25176, 25177, 25180, 25181,
    25206, 25207, 25208, 25209, 25213, 25284, 25385, 25409, 25428, 25430, 25431, 25432,
    25433, 25436, 25437, 25462, 25463, 25464, 25465, 25469, 25540, 25695, 25897, 25921,
    25940, 25942, 25943, 25944, 25945, 25948, 25949, 25974, 25975, 25976, 25977, 25981,
    26052, 26155, 26157, 26159, 26177, 26186, 26201, 26207, 26209, 26211, 26212, 26213,
    26215, 26223, 26225, 26227, 26238, 26295, 26308, 26340, 26358, 26452, 26463, 26474,
    26708, 26710, 26711, 26713, 26716, 26742, 26745, 26921, 26966, 26967, 26972, 26973,
    26975, 27005, 27177, 27222, 27223, 27228, 27229, 27231, 27261, 27435, 27437, 27452,
    27476, 27491, 27492, 27493, 27495, 27503, 27505, 27510, 27513, 27518, 27575, 27638,
    27743, 27988, 27990, 27991, 27993, 27996, 28022, 28025, 28244, 28246, 28247, 28249,
    28252, 28278, 28281, 28457, 28481, 28500, 28502, 28503, 28504, 28505, 28508, 28509,
    28534, 28535, 28536, 28537, 28541, 28612, 28713, 28737, 28756, 28758, 28759, 28760,
    28761, 28764, 28765, 28790, 28791, 28792, 28793, 28797, 28868, 29012, 29023, 29034,
    29227, 29229, 29231, 29244, 29249, 29258, 29268, 29274, 29281, 29283, 29284, 29285,
    29286, 29287, 29295, 29297, 29300, 29302, 29303, 29304, 29305, 29310, 29367, 29380,
    29412, 29430, 29524, 29526, 29527, 29529, 29532, 29739, 29741, 29756, 29762, 29764,
    29765, 29766, 29768, 29769, 29771, 29772, 29773, 29774, 29776, 29778, 29780, 29782,
    29783, 29785, 29788, 29794, 29795, 29796, 29797, 29799, 29800, 29803, 29804, 29807,
    29809, 29811, 29820, 29822, 29879, 29942, 30036, 30041, 30255, 30268, 30269, 30273,
    30282, 30292, 30297, 30303, 30305, 30307, 30308, 30309, 30311, 30319, 30321, 30404,
    30436, 30454, 30502, 30529, 30538, 30548, 30554, 30563, 30564, 30565, 30567, 30575,
    30577, 30660, 30710, 30763, 30765, 30781, 30804, 30819, 30820, 30821, 30823, 30831,
    30833, 30846, 30903, 30966, 31023, 31036, 31037, 31041, 31050, 31060, 31065, 31071,
    31073, 31075, 31076, 31077, 31079, 31087, 31089, 31172, 31204, 31222, 31316, 31331,
    31332, 31333, 31335, 31343, 31345, 31478, 31587, 31588, 31589, 31591, 31594, 31599,
    31601, 31734, 31802, 31839, 32340, 32342, 32343, 32344, 32345, 32348, 32376, 43311,
    43329, 43348, 43350, 43351, 43352, 43353, 43356, 43359, 43460, 45094, 45121, 45123,
    45127, 45130, 45135, 45137, 45151, 45225, 45252, 45270, 46913, 46922, 46932, 46934,
    46935, 46936, 46937, 46940, 46968, 47044, 50210, 50212, 50215, 50218, 50234, 50237,
    50239, 50243, 50247, 50255, 50257, 50259, 50260, 50262, 50263, 50265, 50268, 50270,
    50275, 50276, 50277, 50278, 50279, 50281, 50287, 50289, 50291, 50292, 50294, 50295,
    50297, 50345, 50352, 50359, 50390, 50422, 54831, 54842, 54849, 54868, 54870, 54871,
    54872, 54873, 54876, 54879, 54980, 56367, 56378, 56415, 58452, 58454, 58455, 58457,
    58460, 58486, 58489, 63017, 63041, 63060, 63062, 63063, 63064, 63065, 63068, 63069,
    63094, 63095, 63096, 63097, 63101, 63172, 64596, 64601,
};
static const int8_t AF_M_KD[992] = {
    5, -8, -19, -39, -19, 5, -1, -1, 5, -8, -8, 5, -14, -15, -9, -18, -15, -8, -8, -8, -8, -19, -39, -19,
    -2, -2, -2, -2, 5, -2, -2, -2, -8, -20, -23, -16, -20, -14, -10, -10, -9, -15, -10, -5, -32, -14, -10, -10,
    -9, -15, -10, -5, -15, 1, 1, 1, 5, 5, 5, 5, 5, 5, 5, 5, 5, 5, 5, 5, 5, 5, 5, 5,
    5, 5, 5, 5, 5, 5, 5, 5, 5, 5, 5, 5, 5, 5, 5, 5, 5, 5, 5, 5, 5, 5, 5, 5,
    5, 5, 5, 5, 5, 5, 5, 5, 5, 5, 5, 5, 5, 5, 5, -32, -81, -12, -16, -15, -12, -23, -16, -9,
    -8, -9, -12, -18, 5, -15, -15, -19, -1, -19, -20, 5, -12, -15, -8, -8, -8, -8, -1, -21, -18, -15, -18, -18,
    -20, -2, -2, -2, -1, -2, 1, -2, -2, -1, -8, -16, -16, -16, -8, -20, -8, -8, -2, 5, 5, -1, -2, -9,
    1, 1, -1, -9, 5, -8, -7, -9, -2, -4, -9, -9, -9, -8, 5, 5, -22, -16, -8, -1, -9, -9, -9, -9,
    -2, -2, -9, -2, -9, -2, -8, -8, -8, -8, -22, -1, -9, -8, 5, -5, -7, -5, -2, -6, -5, 8, 8, -5,
    5, 8, 5, 8, -14, 5, -12, -21, -21, 5, -8, -9, -9, -9, -9, -9, -9, -9, -9, 8, -9, -9, -8, -9,
    -15, -9, -21, -9, -11, -9, -9, -8, -22, -22, -9, -16, -16, 5, 9, -7, -7, -7, -7, -23, -17, -3, -13, -17,
    -31, -5, -16, -16, -16, -7, -11, -15, 9, -7, 5, 8, 5, 8, -9, 5, -8, -7, -9, -2, -4, -9, -9, -9,
    -8, -8, -9, -9, 5, -19, -23, -1, -2, -2, -2, -2, -2, -2, -9, -9, -19, -1, -2, -9, 5, -8, -7, -9,
    -2, -4, -9, -9, -9, -8, 5, -4, -6, -4, -2, -2, -2, -2, -2, -2, -2, 5, -1, -1, -8, -14, -14, -19,
    -5, -21, -7, -7, -22, -7, -7, 4, -14, -18, -19, -19, -19, -19, -14, -14, -19, -14, -19, -14, -18, -18, -15, -15,
    -12, -15, -11, -14, -7, -19, -21, -7, -9, -12, -12, -14, 5, -12, -12, -10, -10, -17, -10, -15, -18, -9, -9, -23,
    -9, -9, 1, -19, -13, -13, -13, -13, -13, -13, -13, -11, -10, -9, -9, -18, -9, -9, -13, -1, -12, -10, -10, -3,
    -8, -15, -15, -2, -2, -15, -2, -2, -1, 1, -13, -12, -12, -12, -12, -8, -8, -12, -8, -12, -8, -8, -10, -2,
    -8, -15, -2, -13, -12, -9, -9, 5, -12, -4, -4, -4, -4, -7, -7, -7, -7, -7, -7, -9, -4, -11, -4, -7,
    -15, -15, -15, -10, -23, -18, -9, -9, -8, -9, -9, 4, -20, -21, -21, -21, -21, -1, -9, -9, -21, -9, -21, -9,
    -16, -9, -15, -9, -12, -18, -9, -20, -21, -9, -8, -8, 5, -8, -8, -8, -8, -8, -8, -8, -8, -2, -2, -2,
    -2, 5, -2, -2, -2, -19, -1, -19, -20, -3, -12, -15, -8, -8, -8, -8, -1, -9, -13, -14, -18, -13, -20, -2,
    -2, -2, -1, -2, 1, -2, -2, -1, -8, -12, -16, -12, -8, -20, -8, -8, -2, -8, -20, -23, -16, -20, -16, -9,
    -9, -9, -9, -14, -9, -19, -19, -16, 8, 23, 11, 11, 11, 11, -19, -19, -9, -16, -9, -9, -11, -12, -12, -20,
    -12, -5, -5, -3, -8, -19, -13, -12, -7, -23, -13, -3, -5, -4, -5, -5, -3, -8, -3, -8, -19, -13, -12, -7,
    -23, -13, -3, -5, -4, -5, -5, -3, -8, 8, -3, -8, -19, -13, -12, -7, -23, -13, -3, -5, -4, -5, -5, -3,
    -8, -6, -6, -5, -8, -15, 2, -3, -4, -5, -5, -5, -5, -5, -5, -5, -6, -6, -8, -4, -5, -12, 8, 1,
    -11, -12, -12, -20, -12, -5, -5, 8, 8, 8, 8, 8, 10, 8, 8, 8, 8, 8, 8, 10, 8, -9, -9, -20,
    -14, -5, -5, -5, -5, -5, -5, 1, 1, -9, -9, -5, 8, -11, -12, -12, -20, -12, -5, -5, -11, -12, -12, -20,
    -12, -5, -5, -3, -8, -19, -13, -12, -7, -23, -13, -3, -5, -4, -5, -5, -3, -8, -3, -8, -19, -13, -12, -7,
    -23, -13, -3, -5, -4, -5, -5, -3, -8, -12, 8, 1, -8, -8, -8, -9, -9, -14, -14, -8, -1, -5, -5, -5,
    8, -5, -5, -5, 8, 4, 2, 4, 4, -8, -8, -9, -1, -5, -18, -11, -8, -18, -11, -4, -4, -7, 3, 3,
    3, 3, 3, 3, 3, 3, 3, 3, 3, 3, -8, -2, -2, -3, -2, 3, -1, -1, -1, -1, 3, 3, 3, -1,
    -1, -2, 3, -4, -4, -1, -12, -14, -14, -8, -9, -16, -15, -8, -8, -19, -4, -5, -5, -5, -5, -5, -5, -16,
    -4, -5, -8, -16, -14, -12, -8, -4, -4, -4, -4, -4, -4, -16, -4, -5, -5, -8, -12, -5, -5, -5, -5, -5,
    -5, -5, -5, -5, -14, -8, -9, -16, -15, -8, -8, -19, -4, -5, -5, -5, -5, -5, -5, -16, -4, -5, -8, -4,
    -4, -4, -4, -4, -4, -4, -2, -2, -2, -2, 5, -2, -2, -2, 5, 8, -14, -10, -10, -9, -15, -10, -5, -9,
    -8, -7, -9, -2, -4, -9, -9, -9, -8, -8, -20, -3, -3, -23, -3, -3, -16, -3, -20, -3, -8, -11, -19, -9,
    -10, -11, -12, -9, -5, -8, -19, -1, -19, -20, 5, -12, -15, -8, -8, -8, -8, -1, -21, -18, -15, -18, -18, -20,
    -2, -2, -2, -1, -2, 1, -2, -2, -1, -8, -16, -16, -16, -8, -20, -8, -8, -2, -9, 5, -8, -7, -9, -2,
    -4, -9, -9, -9, -8, -14, 5, -12, -11, -12, -12, -20, -12, -5, -5, -3, -8, -12, -13, -12, -7, -23, -13, -3,
    -5, -4, -5, -5, -3, -8, -12, -14,
};
static const uint8_t AF_M_EX[10] = {169, 176, 183, 196, 214, 220, 228, 246, 252, 133};
static const aafont_t AF_M = {19, 15, 32, 126, 10, 992, AF_M_G, AF_M_DATA, AF_M_KERN, AF_M_KD, AF_M_EX, 2, AF_M_HC};

/* L: InterTight[wght].ttf@600 28px, h 35, baseline 28, 39 glyphs x 2 phases, 5258 B data (Huffman; 10843 B as nibbles) */
static const uint8_t AF_L_DATA[5258] = {
    0xe2, 0x48, 0x9a, 0xc5, 0x12, 0x1d, 0x3f, 0xe2, 0xda, 0xdb, 0xf0, 0xfd, 0x16, 0x1b, 0x57, 0xfc, 0x5b, 0xa8, 0xe2, 0x7a, 0x16, 0x1b, 0xa9, 0xe2,
    0x5a, 0x47, 0x13, 0xde, 0x04, 0x4d, 0x88, 0x91, 0x12, 0xe1, 0x08, 0xb4, 0xa7, 0xfd, 0x0c, 0xed, 0xff, 0xaf, 0xa3, 0x35, 0x71, 0x76, 0x66, 0x6c,
    0x3b, 0x32, 0xef, 0x1c, 0x2e, 0x85, 0x86, 0xea, 0x78, 0x96, 0x91, 0xc4, 0xfa, 0xa6, 0x0f, 0x49, 0xe2, 0x5b, 0xc2, 0x10, 0xb6, 0x21, 0x08, 0x42,
    0x98, 0x38, 0x43, 0x4b, 0x7f, 0xeb, 0xe8, 0xff, 0xfa, 0xb9, 0xc2, 0xb5, 0xb6, 0x2f, 0x5a, 0xd6, 0xd8, 0x7a, 0xd5, 0x37, 0x4c, 0x4b, 0x48, 0xe1,
    0x7a, 0xa6, 0x0f, 0x44, 0xc4, 0xba, 0xae, 0x21, 0xa5, 0x30, 0x7d, 0x3f, 0xe2, 0xfa, 0xd7, 0x1d, 0x43, 0x15, 0xd5, 0xff, 0x17, 0xe0, 0xdc, 0x91,
    0x0f, 0x48, 0x22, 0x47, 0x99, 0xe2, 0x5a, 0x4b, 0x13, 0xe6, 0x98, 0x2d, 0x27, 0x89, 0x73, 0x6c, 0x6b, 0x4c, 0x17, 0x2f, 0xf8, 0xb6, 0xb6, 0xc6,
    0xe4, 0x47, 0x8a, 0x91, 0x11, 0x3f, 0xe2, 0xe4, 0x50, 0xc8, 0xbf, 0xe5, 0xca, 0x5f, 0xf2, 0x65, 0x26, 0x6b, 0xe2, 0xac, 0xcd, 0x7c, 0x59, 0x98,
    0xb5, 0xb6, 0x35, 0xa6, 0x0b, 0x97, 0xfc, 0x5f, 0x5b, 0x63, 0x92, 0xc3, 0x6a, 0xff, 0x8b, 0x6f, 0x08, 0x4b, 0x0b, 0x08, 0x40, 0xb0, 0xd0, 0x86,
    0x72, 0xff, 0x93, 0x29, 0xff, 0xc7, 0x94, 0xeb, 0x57, 0xc5, 0x6b, 0x5a, 0xbe, 0x2d, 0x5a, 0xc3, 0x57, 0xfc, 0x5f, 0x5a, 0xe3, 0x98, 0x61, 0xb5,
    0x7f, 0xc5, 0xf9, 0x8e, 0x17, 0x48, 0x61, 0xb9, 0x4c, 0x4b, 0x48, 0xe1, 0x79, 0xa6, 0x0f, 0x44, 0xc4, 0xb7, 0xdd, 0xb1, 0x3f, 0x1b, 0x13, 0xf1,
    0xb1, 0x3f, 0x1b, 0x13, 0xf1, 0xb1, 0x3d, 0xd9, 0x99, 0x99, 0xf1, 0x66, 0x66, 0x65, 0xfe, 0xd7, 0xfb, 0x59, 0xce, 0x73, 0x9d, 0xb0, 0xd3, 0x9c,
    0xe7, 0x2d, 0xdb, 0x13, 0xf1, 0xb1, 0x3f, 0x1b, 0x13, 0xf1, 0xb1, 0x3f, 0x16, 0xb5, 0x96, 0xe0, 0xdc, 0xf0, 0xff, 0x07, 0x87, 0xf8, 0x3c, 0x3f,
    0xc1, 0xe1, 0xfe, 0x0f, 0x0f, 0xc4, 0x99, 0x99, 0xaa, 0x19, 0x99, 0x98, 0xd7, 0xfb, 0x15, 0xfe, 0xc4, 0xe7, 0x39, 0xcd, 0x70, 0xf3, 0x9c, 0xe7,
    0x32, 0xdc, 0xf0, 0xff, 0x07, 0x87, 0xf8, 0x3c, 0x3f, 0xc1, 0xe1, 0xfe, 0x0a, 0xb5, 0xaf, 0x00, 0xce, 0x10, 0xd2, 0x78, 0x9e, 0x45, 0xb1, 0x16,
    0xc5, 0x95, 0x31, 0x4d, 0x0c, 0xf3, 0xe0, 0xd1, 0x0f, 0x8a, 0xe1, 0x37, 0x80, 0x2d, 0xe3, 0x8b, 0xf0, 0xb8, 0xa7, 0x16, 0xc4, 0xb7, 0x80, 0x86,
    0xf2, 0xc5, 0xb8, 0x6c, 0x2f, 0x0f, 0x88, 0xee, 0x78, 0x7e, 0x27, 0x8a, 0xf1, 0x5c, 0x4f, 0x87, 0xc1, 0xef, 0x1c, 0x3f, 0x0b, 0x86, 0xe2, 0xd8,
    0x4d, 0xe0, 0x0b, 0x79, 0x62, 0xfc, 0x53, 0x14, 0xe2, 0xf8, 0x96, 0xe4, 0x21, 0xba, 0x62, 0xbc, 0x36, 0x27, 0xc3, 0xe0, 0xf8, 0x84, 0x21, 0xc8,
    0xe5, 0x11, 0x38, 0x8e, 0x1f, 0x85, 0xc3, 0x71, 0x6c, 0x4b, 0x78, 0x02, 0xde, 0x58, 0xb7, 0x14, 0xc2, 0xf1, 0x7c, 0x47, 0x72, 0x10, 0xdd, 0x31,
    0x5e, 0x1b, 0x13, 0xe1, 0xf0, 0x7b, 0x9e, 0x1f, 0x89, 0xe1, 0xb8, 0xae, 0x13, 0x78, 0x02, 0xde, 0x38, 0xbf, 0x0b, 0x8a, 0x71, 0x6c, 0x4b, 0x78,
    0x08, 0x6f, 0x2c, 0x5b, 0x8a, 0x61, 0x78, 0xbe, 0x23, 0xb9, 0x61, 0xf8, 0x4c, 0x57, 0x88, 0x42, 0x10, 0xe0, 0x57, 0x77, 0x77, 0x77, 0x7a, 0x2f,
    0xf9, 0x45, 0xff, 0x28, 0x83, 0xbb, 0xbb, 0xbb, 0xbb, 0x94, 0x3f, 0x45, 0x0f, 0xd1, 0x00, 0xde, 0x2b, 0x4a, 0x2c, 0x7a, 0x3b, 0x7b, 0x58, 0xf7,
    0x8b, 0xfe, 0xa3, 0xa4, 0x1c, 0x5a, 0x73, 0xb0, 0x72, 0xce, 0x82, 0x9a, 0xa8, 0x6c, 0xa0, 0xf8, 0xbf, 0x17, 0x10, 0x90, 0x9f, 0x08, 0x11, 0x41,
    0xf0, 0x42, 0x8c, 0x3a, 0x15, 0xb6, 0x1f, 0xab, 0xe2, 0xd6, 0xc5, 0xfa, 0xbe, 0x2f, 0x6c, 0x5f, 0xab, 0xe2, 0xf5, 0xc3, 0xf4, 0xf8, 0xb3, 0x08,
    0x71, 0x00, 0xd3, 0x11, 0xe2, 0x21, 0x4c, 0x53, 0x85, 0x11, 0xca, 0xf8, 0x72, 0xd4, 0x9f, 0x0f, 0x9a, 0x0b, 0x9e, 0x65, 0x61, 0x3d, 0x2b, 0xb5,
    0xef, 0xb5, 0xb5, 0x85, 0xbf, 0xcb, 0x43, 0x89, 0xdf, 0x6b, 0xce, 0x1d, 0x94, 0x62, 0x5c, 0x00, 0xdc, 0xd1, 0x10, 0xb4, 0x82, 0xed, 0x1c, 0xe3,
    0x7f, 0x51, 0x85, 0x3f, 0x31, 0x88, 0xbd, 0x04, 0x63, 0x85, 0xc9, 0x04, 0x63, 0x63, 0xcd, 0x04, 0x61, 0xaa, 0x08, 0xee, 0x82, 0x3b, 0xa0, 0x8e,
    0xe8, 0x23, 0xba, 0x08, 0xee, 0x82, 0x3b, 0xa0, 0x8e, 0xe8, 0x23, 0xba, 0x08, 0xee, 0x82, 0x3b, 0xa0, 0x8e, 0xe8, 0x23, 0xba, 0x08, 0xee, 0x82,
    0x20, 0xd6, 0x2b, 0x4a, 0x4e, 0x3c, 0xca, 0xfe, 0xd7, 0x8e, 0xb3, 0xf7, 0x96, 0x67, 0xb5, 0x11, 0x2a, 0x1e, 0x19, 0x30, 0x8e, 0xb3, 0x13, 0xca,
    0xf8, 0x6e, 0x1f, 0x0d, 0x95, 0x6b, 0x54, 0xe2, 0xd8, 0xaf, 0xc3, 0xe2, 0x9e, 0x20, 0x97, 0x64, 0xf8, 0xb7, 0x65, 0x7c, 0x39, 0xf5, 0x0b, 0x89,
    0x74, 0x57, 0x09, 0xd1, 0x5c, 0x27, 0x45, 0x70, 0x9d, 0x15, 0xc4, 0xfa, 0x2b, 0x89, 0xf4, 0x57, 0x0b, 0x08, 0x42, 0x10, 0x84, 0x21, 0x95, 0xff,
    0xb0, 0x7f, 0xec, 0x1f, 0xfb, 0x00, 0xde, 0x33, 0xa5, 0x16, 0x3d, 0x4a, 0xfe, 0xd7, 0x96, 0xf3, 0xf7, 0x4d, 0x23, 0xb3, 0x22, 0x36, 0xc5, 0x9d,
    0x41, 0xea, 0x81, 0x73, 0x14, 0xe1, 0xf1, 0x5c, 0xc8, 0x8a, 0x1c, 0x5f, 0x15, 0xf8, 0x20, 0xbe, 0x1d, 0xf0, 0xe5, 0xc1, 0x5a, 0xd7, 0x17, 0x3e,
    0x4f, 0xd3, 0x17, 0x47, 0xf9, 0xa7, 0x90, 0x95, 0x85, 0x3e, 0x6c, 0x0f, 0xe2, 0x42, 0x66, 0xaa, 0xa5, 0xc4, 0x84, 0xe4, 0x17, 0x86, 0x09, 0x07,
    0x0b, 0x0c, 0xe0, 0xa1, 0xe1, 0x92, 0x7a, 0xbd, 0xfd, 0x4f, 0x49, 0xfb, 0xcf, 0x73, 0x67, 0xd9, 0xd8, 0xfb, 0x38, 0xc4, 0xf8, 0xe8, 0x91, 0x11,
    0x0b, 0xcb, 0x6d, 0x2e, 0xd3, 0xd4, 0xba, 0x27, 0xf5, 0x2e, 0x9b, 0x0e, 0x25, 0xcc, 0x82, 0x09, 0x71, 0x07, 0xc5, 0x08, 0x4b, 0x8a, 0x61, 0xe0,
    0x42, 0x5b, 0xc4, 0x26, 0x44, 0x25, 0xbd, 0xf1, 0x5c, 0xc8, 0x4b, 0x59, 0xe1, 0xcb, 0x32, 0x12, 0xd0, 0x84, 0xf4, 0x21, 0x2d, 0x2b, 0x8b, 0x6a,
    0x42, 0x59, 0xa0, 0x3d, 0x48, 0x4b, 0x3b, 0x8b, 0x5a, 0xd6, 0xb5, 0x85, 0xed, 0x57, 0xff, 0xce, 0xff, 0xf9, 0xce, 0x31, 0x8c, 0x63, 0x18, 0xc5,
    0x04, 0xe2, 0x7d, 0x98, 0x97, 0xc1, 0x89, 0x7c, 0x18, 0x96, 0x60, 0xca, 0x28, 0x88, 0x88, 0x88, 0x88, 0x89, 0x0c, 0xeb, 0xfb, 0x3c, 0xed, 0xfb,
    0x3c, 0xdf, 0x17, 0xad, 0x6b, 0x5a, 0xd6, 0xb5, 0x2c, 0xc4, 0xbc, 0x21, 0x1f, 0x0c, 0x17, 0x92, 0x10, 0x84, 0x51, 0x23, 0xba, 0x61, 0xd1, 0xf6,
    0xbc, 0xb4, 0x5f, 0xdc, 0xf3, 0xa0, 0x7a, 0x24, 0xeb, 0xb1, 0xe4, 0x52, 0x9d, 0x21, 0xac, 0xc5, 0x7e, 0x2a, 0x21, 0xe2, 0x03, 0xf2, 0x42, 0x2a,
    0xab, 0x1e, 0x26, 0x09, 0xf1, 0x6e, 0x2f, 0x87, 0xca, 0x82, 0x90, 0xce, 0x0c, 0x17, 0x22, 0x70, 0xf5, 0xab, 0x8b, 0xc3, 0x38, 0xbf, 0xf9, 0x72,
    0xd6, 0x14, 0x7d, 0x9d, 0x61, 0xd1, 0xc6, 0x25, 0xc0, 0xde, 0x09, 0x4a, 0x2a, 0x43, 0xa5, 0xf6, 0x79, 0xf1, 0x5f, 0xd3, 0x6a, 0xa1, 0xda, 0x95,
    0xda, 0x79, 0x90, 0xb1, 0x68, 0x6f, 0x87, 0xce, 0x80, 0xb7, 0x98, 0x8e, 0x4f, 0x86, 0xe2, 0x04, 0x45, 0x03, 0x12, 0xcc, 0xa5, 0x28, 0xc3, 0x59,
    0x02, 0x2a, 0xec, 0xf3, 0xd2, 0x62, 0x2f, 0xf9, 0xae, 0x6a, 0x2f, 0xf8, 0xba, 0xcd, 0xb6, 0x5c, 0x97, 0x66, 0xd4, 0xdf, 0x0f, 0x05, 0x17, 0xe2,
    0x62, 0x53, 0x0b, 0xc4, 0x02, 0xc8, 0x4f, 0x90, 0xb0, 0x14, 0xe0, 0xc4, 0xf2, 0xae, 0x1e, 0x1b, 0xd0, 0x1e, 0x52, 0x16, 0x2d, 0x26, 0x2d, 0xa3,
    0x6d, 0x5a, 0xbe, 0xd1, 0xd2, 0x15, 0xff, 0x1e, 0x5c, 0x25, 0xf6, 0x76, 0x2e, 0xca, 0x31, 0x38, 0x6e, 0xc9, 0x11, 0x11, 0x11, 0x11, 0x11, 0x11,
    0x25, 0x0f, 0xed, 0xa1, 0xfd, 0xb4, 0x2b, 0x5a, 0xd6, 0xb5, 0xad, 0x6b, 0x51, 0x6f, 0x24, 0x27, 0xe5, 0xf0, 0xf0, 0xee, 0x42, 0x7e, 0x5f, 0x0f,
    0x0e, 0xd0, 0x4f, 0xcb, 0xe1, 0xe1, 0xda, 0x09, 0xf9, 0x7c, 0x3c, 0x3b, 0x41, 0x3f, 0x2f, 0x8b, 0xf8, 0x81, 0x3c, 0xbe, 0x2f, 0xe2, 0x04, 0xf2,
    0xf8, 0xbf, 0x88, 0x13, 0xcb, 0xe2, 0xfe, 0x20, 0x4e, 0x80, 0xde, 0x4b, 0x4a, 0x2c, 0x7a, 0x47, 0xf6, 0xbc, 0xb7, 0x5f, 0x79, 0xe9, 0x1d, 0x96,
    0x31, 0x5d, 0x8f, 0x36, 0x11, 0xd6, 0x42, 0x99, 0xdb, 0x17, 0xe2, 0xf8, 0xb6, 0x76, 0xc5, 0xb8, 0xb6, 0x2b, 0x9a, 0x82, 0xd4, 0x82, 0xe7, 0x07,
    0xc5, 0x8b, 0x33, 0xb6, 0x2f, 0x0d, 0x0e, 0xe2, 0xf7, 0x17, 0x2d, 0xce, 0xde, 0xd6, 0x3d, 0xe9, 0xef, 0x4d, 0x14, 0x54, 0xf3, 0x3a, 0x85, 0xc8,
    0x85, 0x78, 0xb0, 0x29, 0x89, 0x71, 0x21, 0x35, 0x11, 0xe2, 0x21, 0x66, 0x27, 0xc4, 0xc4, 0xc8, 0x3c, 0x75, 0x8b, 0x82, 0xc9, 0x76, 0xb5, 0x29,
    0x6d, 0x97, 0x4a, 0x7b, 0xd3, 0x78, 0xb3, 0xec, 0xec, 0x7d, 0x9c, 0x62, 0x7c, 0x00, 0xd6, 0x09, 0x46, 0x69, 0x9f, 0x4b, 0xf9, 0xa9, 0x6f, 0x5f,
    0xd3, 0x9e, 0x8a, 0x1d, 0x64, 0x95, 0x17, 0xce, 0x02, 0xe5, 0xaa, 0x84, 0xc9, 0x04, 0xb8, 0xbe, 0x2d, 0x95, 0x04, 0x38, 0x50, 0x54, 0x1c, 0xcc,
    0x49, 0x41, 0x70, 0xc1, 0x24, 0x29, 0xb9, 0xed, 0x3c, 0xae, 0x16, 0x19, 0xc5, 0xf6, 0x9e, 0x52, 0xd9, 0xec, 0xf8, 0x61, 0x3c, 0xd3, 0xf2, 0xc4,
    0x13, 0x42, 0xa5, 0xff, 0x0f, 0x59, 0x65, 0x11, 0x1f, 0x89, 0x88, 0x1a, 0xaa, 0x97, 0x16, 0xc5, 0x72, 0x31, 0x4d, 0xd0, 0x26, 0x77, 0x0b, 0x0c,
    0xa1, 0x31, 0x7d, 0x23, 0xea, 0xfe, 0xa3, 0xaa, 0x7e, 0xa5, 0xc1, 0xd7, 0xd5, 0x4f, 0xb8, 0x46, 0x51, 0x87, 0x00, 0xe6, 0x53, 0x9c, 0xd3, 0xed,
    0xf6, 0x8f, 0xcc, 0xbd, 0x53, 0xe5, 0xbd, 0x3f, 0xc4, 0x03, 0x88, 0xf8, 0x82, 0x41, 0xbc, 0xae, 0x1f, 0x2a, 0xe1, 0xe1, 0xd4, 0x05, 0x32, 0x41,
    0x2e, 0xa6, 0x23, 0x94, 0x03, 0x75, 0x6c, 0x3e, 0x95, 0x10, 0xe0, 0x85, 0x34, 0x40, 0x9c, 0x4c, 0x47, 0x48, 0x0a, 0xf1, 0x7c, 0x3e, 0xec, 0x0b,
    0x53, 0xfe, 0xcf, 0x55, 0xfe, 0xdb, 0x5b, 0x87, 0x77, 0x77, 0x77, 0xd8, 0xb3, 0x88, 0xa7, 0x32, 0x0b, 0x9d, 0x04, 0x79, 0x83, 0xe2, 0xf9, 0xbe,
    0x1f, 0xb6, 0x07, 0x21, 0x4e, 0xe4, 0x28, 0xc2, 0x3d, 0xc1, 0xf1, 0x70, 0xe6, 0x13, 0x9c, 0xe6, 0x7f, 0x73, 0xda, 0xbf, 0x76, 0xf5, 0x0f, 0x93,
    0xf6, 0x9f, 0xca, 0x87, 0xc5, 0xbe, 0x6f, 0x8b, 0x28, 0x2f, 0x22, 0x26, 0x62, 0x7e, 0x50, 0x16, 0x57, 0xc5, 0xfc, 0x7c, 0x5b, 0x35, 0x07, 0xd4,
    0x44, 0xf3, 0x30, 0xbd, 0x30, 0x2d, 0x2f, 0x8b, 0xf3, 0x07, 0xc5, 0xb5, 0x51, 0x1e, 0x24, 0x27, 0xa9, 0x8a, 0x71, 0x5f, 0xa7, 0xde, 0x1f, 0xfa,
    0x5a, 0xa0, 0x77, 0x77, 0x77, 0x77, 0x0d, 0xad, 0x41, 0x73, 0x7c, 0x3c, 0x33, 0x21, 0x6e, 0x94, 0x26, 0x73, 0x13, 0xe8, 0xc5, 0x73, 0xb0, 0x2e,
    0xee, 0x20, 0x42, 0xbe, 0x4c, 0x20, 0x34, 0x44, 0x44, 0x44, 0x49, 0x16, 0xeb, 0xef, 0x74, 0xd1, 0x7e, 0xa9, 0x9a, 0x8a, 0xb3, 0x35, 0x5f, 0x69,
    0x64, 0xa0, 0xf7, 0xa0, 0x6c, 0x94, 0x1f, 0x0f, 0x8b, 0xe4, 0xa0, 0xf8, 0xb6, 0x2f, 0x92, 0x83, 0xde, 0x0f, 0x8a, 0x64, 0xa0, 0xf5, 0x2a, 0xe1,
    0xcb, 0x25, 0x16, 0xad, 0x6b, 0x61, 0x63, 0xcd, 0x7d, 0xed, 0x2d, 0x14, 0x3b, 0xbb, 0xbe, 0xd7, 0x2c, 0x94, 0x1e, 0xa4, 0xa2, 0xf9, 0x28, 0x3e,
    0x14, 0x22, 0x83, 0xe0, 0x85, 0x14, 0x1f, 0x10, 0x0c, 0xa0, 0xf8, 0x98, 0xa2, 0x88, 0xc2, 0x10, 0x81, 0xae, 0xd2, 0x5f, 0xed, 0x72, 0x5f, 0xaa,
    0xc3, 0x25, 0xfd, 0x5d, 0xa5, 0xa0, 0x44, 0x44, 0x44, 0x44, 0x94, 0x61, 0xbf, 0xed, 0x8b, 0x4f, 0xa7, 0x3c, 0xc3, 0xb3, 0x33, 0x5b, 0x6b, 0x66,
    0x1b, 0x73, 0x70, 0x79, 0x06, 0xe2, 0x62, 0x59, 0x06, 0xe2, 0x22, 0x59, 0x06, 0xe1, 0x41, 0x64, 0x1b, 0x79, 0x0a, 0x66, 0x1e, 0xb5, 0xad, 0x5f,
    0x0e, 0xba, 0x7b, 0xba, 0x96, 0x9b, 0x3b, 0xbb, 0xfa, 0x9e, 0x61, 0xb7, 0x8d, 0xc4, 0xb2, 0x0d, 0xc1, 0x3e, 0x2f, 0x90, 0x6e, 0x58, 0x10, 0x6e,
    0x68, 0x0c, 0x37, 0x10, 0xb8, 0x80, 0xac, 0x21, 0x08, 0x14, 0xac, 0x2d, 0x97, 0xfe, 0x8e, 0x5f, 0x4f, 0x2c, 0xff, 0x4f, 0x65, 0x2d, 0x00, 0xe2,
    0x2a, 0xcd, 0x49, 0x9f, 0x69, 0x7f, 0xcd, 0x8f, 0x78, 0x37, 0xed, 0x35, 0x6d, 0x9d, 0x9a, 0xaf, 0xb4, 0xb3, 0x40, 0xe9, 0xac, 0x28, 0x1e, 0x19,
    0x38, 0x8f, 0x34, 0x09, 0x21, 0x4e, 0xa0, 0x2a, 0xc0, 0xfb, 0x49, 0xcd, 0x2d, 0x87, 0xfb, 0x7c, 0x57, 0xec, 0x37, 0xd8, 0xaf, 0xdb, 0xe2, 0xdf,
    0x75, 0x1f, 0x6a, 0x25, 0xdd, 0x6d, 0x66, 0x31, 0x6e, 0xa2, 0x29, 0x95, 0x43, 0x70, 0x57, 0x11, 0xc8, 0xf6, 0xb2, 0x14, 0x0e, 0x6e, 0x1b, 0x49,
    0x7d, 0x5e, 0x1a, 0xc5, 0xff, 0x55, 0x87, 0x10, 0x9d, 0xfd, 0x56, 0x5f, 0x10, 0x38, 0x9c, 0x38, 0xe0, 0x92, 0x8c, 0xcb, 0x28, 0x76, 0x4d, 0xf9,
    0x75, 0x87, 0x11, 0x7f, 0x7b, 0x43, 0x53, 0xf5, 0x66, 0x6b, 0xed, 0x6d, 0x21, 0x71, 0x52, 0xd6, 0x2e, 0x27, 0x9c, 0xc5, 0x79, 0x27, 0xc3, 0xe7,
    0x70, 0x5d, 0x50, 0x19, 0x06, 0xec, 0xe7, 0x39, 0x9c, 0x82, 0x7d, 0xcc, 0x47, 0xee, 0x60, 0xfe, 0xe6, 0x0f, 0xed, 0x04, 0xbe, 0xe2, 0x17, 0xee,
    0x02, 0xdd, 0xca, 0xd6, 0xb4, 0x72, 0x61, 0x2e, 0xaa, 0x0b, 0x28, 0x87, 0x3e, 0x26, 0x2b, 0xa3, 0x6d, 0x43, 0x81, 0x46, 0xbb, 0x1e, 0x90, 0xb7,
    0xd2, 0x6f, 0x06, 0xfd, 0x3c, 0xba, 0x8b, 0x3e, 0xd7, 0x52, 0xf9, 0x28, 0x99, 0x72, 0x34, 0x44, 0x44, 0x44, 0x91, 0xc3, 0x95, 0xf7, 0xac, 0x77,
    0x5f, 0xa6, 0x86, 0x8a, 0x2f, 0x6b, 0x5a, 0xfe, 0xad, 0x0c, 0xd4, 0x1e, 0xb0, 0x9b, 0x8a, 0x66, 0xa0, 0xf8, 0x27, 0x07, 0x92, 0x83, 0xe6, 0x42,
    0x99, 0x28, 0x3e, 0xaf, 0x8b, 0xe4, 0xa0, 0xfa, 0xa0, 0x82, 0x83, 0xea, 0x60, 0xd4, 0x1f, 0x48, 0x22, 0xa0, 0xfa, 0x41, 0x15, 0x07, 0xd4, 0xc1,
    0xa8, 0x3e, 0x98, 0x41, 0x41, 0xf3, 0x07, 0xc5, 0xb2, 0x50, 0x7c, 0xa8, 0x9e, 0x4a, 0x0f, 0x89, 0x87, 0x86, 0x4a, 0x24, 0x66, 0x71, 0x9d, 0xb6,
    0x96, 0x6b, 0xfd, 0x9e, 0x8b, 0xfb, 0xbc, 0x75, 0x5f, 0xcb, 0xdd, 0xa5, 0xc0, 0x44, 0x44, 0x44, 0x49, 0x44, 0xb9, 0xf7, 0xba, 0xc3, 0x5f, 0xa7,
    0x96, 0x81, 0xed, 0x6b, 0x5d, 0xfd, 0x4b, 0x30, 0xdb, 0xc6, 0xa1, 0xcb, 0x20, 0xdc, 0xa8, 0x6c, 0x83, 0x75, 0x60, 0x41, 0xba, 0x90, 0x40, 0xdd,
    0x40, 0x50, 0x37, 0x6f, 0x8a, 0x86, 0xee, 0xf8, 0xb0, 0x6e, 0xef, 0x8a, 0x86, 0xec, 0x30, 0x6e, 0x8c, 0x28, 0x6e, 0x94, 0x44, 0x37, 0x24, 0xf8,
    0x7c, 0x83, 0x70, 0x57, 0x13, 0xc8, 0x54, 0xcc, 0xce, 0x54, 0xda, 0xd9, 0xff, 0x6f, 0x0c, 0xfe, 0xa9, 0x0d, 0x3f, 0xc7, 0xac, 0xcb, 0x70, 0x39,
    0xce, 0x73, 0x9c, 0xe7, 0x39, 0xce, 0x73, 0x92, 0xfd, 0x55, 0x7e, 0xaa, 0xa2, 0xac, 0xcc, 0xcc, 0xcc, 0xca, 0xa0, 0xfb, 0x50, 0x7d, 0xa8, 0x3e,
    0xd4, 0x1f, 0x6a, 0x0f, 0xb5, 0x17, 0xb5, 0xad, 0x6b, 0x5a, 0xd6, 0x82, 0xfd, 0x41, 0x7e, 0xa0, 0xa1, 0x23, 0x18, 0xc6, 0x31, 0x8c, 0x72, 0x50,
    0x7d, 0xa8, 0x3e, 0xd4, 0x1f, 0x6a, 0x0f, 0xb5, 0x11, 0x22, 0x22, 0x22, 0x22, 0x25, 0xfa, 0xb2, 0xfd, 0x59, 0x7e, 0xac, 0x9c, 0xe7, 0x39, 0xce,
    0x73, 0x9c, 0xe7, 0x39, 0x97, 0xf6, 0x3f, 0xd8, 0x87, 0x66, 0x66, 0x66, 0x66, 0x63, 0x0d, 0xe0, 0x6f, 0x03, 0x78, 0x1b, 0xc0, 0xde, 0x07, 0xb5,
    0xad, 0x6b, 0x5a, 0xd6, 0x9e, 0x5f, 0x4b, 0x97, 0xd2, 0xe4, 0x2b, 0x18, 0xc6, 0x31, 0x8c, 0x62, 0x59, 0x06, 0xf0, 0x37, 0x81, 0xbc, 0x0d, 0xe0,
    0xa9, 0x11, 0x11, 0x11, 0x11, 0x43, 0xfb, 0x2f, 0xec, 0xbf, 0xb2, 0x39, 0xce, 0x73, 0x9c, 0xe7, 0x39, 0xce, 0x73, 0x8a, 0xfd, 0x2a, 0xfd, 0x2a,
    0x8a, 0xb3, 0x33, 0x33, 0x33, 0x22, 0x83, 0xed, 0x41, 0xf6, 0xa0, 0xfb, 0x50, 0x7d, 0xa8, 0x3e, 0xd4, 0x48, 0xcc, 0xcc, 0xcc, 0xcb, 0x25, 0xfd,
    0xb6, 0x4b, 0xfb, 0x6c, 0x94, 0x5e, 0xf7, 0xbd, 0xef, 0x7b, 0xd3, 0x25, 0x07, 0xda, 0x83, 0xed, 0x41, 0xf6, 0xa0, 0xfb, 0x50, 0x7d, 0xa8, 0x3e,
    0xd4, 0x1f, 0x6a, 0x0f, 0xb0, 0x9c, 0xe7, 0x39, 0xce, 0x73, 0x9c, 0xe7, 0x39, 0xe5, 0xfd, 0x87, 0xf6, 0x01, 0xd9, 0x99, 0x99, 0x99, 0x9a, 0x01,
    0xbc, 0x0d, 0xe0, 0x6f, 0x03, 0x78, 0x1b, 0xc1, 0x53, 0x33, 0x33, 0x33, 0x3c, 0xfe, 0x8b, 0x2f, 0xa2, 0xc8, 0x3d, 0xef, 0x7b, 0xde, 0xf7, 0xb9,
    0x64, 0x1b, 0xc0, 0xde, 0x06, 0xf0, 0x37, 0x81, 0xbc, 0x0d, 0xe0, 0x6f, 0x03, 0x78, 0xe2, 0x2a, 0xcd, 0x49, 0x9f, 0x89, 0x7f, 0xcd, 0x4f, 0x96,
    0xfd, 0xa6, 0xed, 0xb3, 0xb3, 0x55, 0xf6, 0x96, 0x89, 0xb2, 0x6b, 0x0a, 0x07, 0x86, 0x6e, 0x23, 0xcb, 0x09, 0xe5, 0x21, 0x4e, 0x88, 0x57, 0x2a,
    0x03, 0xee, 0x10, 0x84, 0x32, 0xb6, 0x1f, 0xfd, 0x7c, 0x57, 0xfd, 0x0d, 0xb9, 0x33, 0x33, 0x33, 0x33, 0x40, 0x57, 0x73, 0xff, 0x20, 0xf8, 0xb6,
    0xe7, 0xfe, 0x42, 0xa2, 0x1a, 0xc0, 0xcc, 0xce, 0x82, 0x0a, 0x25, 0xdb, 0x61, 0xf2, 0x31, 0x7e, 0xa0, 0xf8, 0x6c, 0xea, 0x1b, 0x88, 0x54, 0x4b,
    0x32, 0x71, 0x74, 0x28, 0x12, 0x5c, 0x5b, 0x59, 0x7d, 0x39, 0x6f, 0x17, 0xfd, 0x58, 0xb9, 0x84, 0xef, 0xea, 0xc9, 0xf3, 0x03, 0x89, 0xc3, 0x90,
    0xe0, 0x92, 0x8c, 0xcb, 0x28, 0x76, 0x4d, 0xf9, 0x79, 0xf3, 0x17, 0xf7, 0xb4, 0x35, 0x37, 0xda, 0xcc, 0xd7, 0xda, 0xda, 0xdc, 0x54, 0xb5, 0x8b,
    0x89, 0xe7, 0x31, 0x5e, 0x4c, 0x3e, 0x77, 0x05, 0xd5, 0x04, 0x48, 0x37, 0x70, 0x84, 0x21, 0x09, 0x04, 0xfb, 0x98, 0x8f, 0xdc, 0xc1, 0xef, 0x36,
    0x66, 0x66, 0x66, 0x49, 0x83, 0xdd, 0xbf, 0x2a, 0x82, 0x5b, 0xb7, 0xe5, 0x62, 0x17, 0x72, 0x33, 0x38, 0x85, 0x80, 0xbf, 0x66, 0x13, 0x26, 0x09,
    0xd2, 0x83, 0xca, 0x21, 0xe3, 0xc4, 0x45, 0xf4, 0xa6, 0xd4, 0x8c, 0x21, 0x1a, 0x6d, 0x2d, 0x21, 0x6f, 0xa5, 0xde, 0x0d, 0xef, 0x3e, 0xa2, 0xcf,
    0xb3, 0xd0, 0xbe, 0x4a, 0x26, 0x5c, 0x80, 0x34, 0x44, 0x87, 0x44, 0x88, 0x84, 0xa0, 0xfa, 0x41, 0x25, 0x07, 0xd2, 0x09, 0x28, 0x3e, 0x90, 0x49,
    0x41, 0xf4, 0x82, 0x4a, 0x0f, 0xa4, 0x12, 0x50, 0x7d, 0x20, 0x92, 0x83, 0xe9, 0x04, 0x94, 0x1f, 0x48, 0x24, 0xa2, 0xd5, 0xad, 0x6b, 0x5a, 0xd6,
    0xb7, 0x12, 0x5f, 0xff, 0x92, 0xff, 0xfc, 0x94, 0x4d, 0x11, 0x11, 0x11, 0x12, 0x82, 0x4a, 0x0f, 0xa4, 0x12, 0x50, 0x7d, 0x20, 0x92, 0x83, 0xe9,
    0x04, 0x94, 0x1f, 0x48, 0x24, 0xa0, 0xfa, 0x41, 0x25, 0x07, 0xd2, 0x09, 0x28, 0x3e, 0x90, 0x49, 0x41, 0xf4, 0x82, 0x40, 0x44, 0x48, 0xf7, 0x24,
    0x49, 0x06, 0xee, 0xf8, 0xb0, 0x6e, 0xef, 0x8b, 0x06, 0xee, 0xf8, 0xb0, 0x6e, 0xef, 0x8b, 0x06, 0xee, 0xf8, 0xb0, 0x6e, 0xef, 0x8b, 0x06, 0xee,
    0xf8, 0xb0, 0x6e, 0xef, 0x8b, 0x07, 0xad, 0x6b, 0x5a, 0xd6, 0xb5, 0xa8, 0xb7, 0xff, 0xdb, 0xff, 0xec, 0x2c, 0x88, 0x88, 0x88, 0x88, 0x8f, 0x8b,
    0x06, 0xee, 0xf8, 0xb0, 0x6e, 0xef, 0x8b, 0x06, 0xee, 0xf8, 0xb0, 0x6e, 0xef, 0x8b, 0x06, 0xee, 0xf8, 0xb0, 0x6e, 0xef, 0x8b, 0x06, 0xee, 0xf8,
    0xb0, 0x6e, 0xef, 0x8b, 0x00, 0x34, 0x44, 0x82, 0x83, 0x50, 0x6a, 0x0d, 0x41, 0xa8, 0x35, 0x06, 0xa0, 0xd4, 0x1a, 0x83, 0x50, 0x6a, 0x0d, 0x41,
    0xa8, 0x35, 0x06, 0xa0, 0xd4, 0x1a, 0x83, 0x50, 0x6a, 0x0d, 0x41, 0x80, 0x44, 0x48, 0x86, 0x0c, 0x18, 0x30, 0x60, 0xc1, 0x83, 0x06, 0x0c, 0x18,
    0x30, 0x60, 0xc1, 0x83, 0x06, 0x0c, 0x18, 0x30, 0x34, 0x44, 0x87, 0x31, 0x44, 0x48, 0xa8, 0x3e, 0x24, 0x1c, 0xd4, 0x1e, 0xe7, 0xb4, 0x72, 0x50,
    0x7a, 0x93, 0x84, 0xcd, 0x41, 0xe9, 0x0b, 0x85, 0xd1, 0x41, 0xe9, 0x50, 0xda, 0xa8, 0x3c, 0xe8, 0x2d, 0x0d, 0x54, 0x1e, 0x53, 0x17, 0x86, 0xea,
    0x0e, 0x41, 0xcf, 0x85, 0x08, 0xe2, 0x3c, 0xaf, 0xf8, 0xbc, 0xaf, 0xea, 0x3c, 0x2f, 0xaa, 0x0b, 0xc3, 0x75, 0xd9, 0x32, 0xa8, 0x6d, 0xd4, 0x2e,
    0x70, 0x71, 0x2d, 0x54, 0x1e, 0x92, 0x0e, 0x5a, 0x28, 0x3d, 0x68, 0x2b, 0xa2, 0x83, 0xd6, 0x17, 0x13, 0xcd, 0x41, 0xef, 0x1d, 0x8f, 0x25, 0x07,
    0xc2, 0x8b, 0xc1, 0x41, 0xf3, 0x61, 0x40, 0x44, 0x48, 0xf2, 0x48, 0x88, 0x90, 0x0d, 0xc4, 0x2c, 0x29, 0x90, 0x6e, 0x18, 0x57, 0x30, 0xdb, 0xa8,
    0xbc, 0x33, 0x0d, 0xaa, 0x07, 0x2d, 0x03, 0x69, 0x1d, 0x8f, 0x50, 0xd9, 0x93, 0x89, 0x6e, 0x1b, 0x28, 0x5c, 0x4f, 0x80, 0xd9, 0x58, 0x53, 0x90,
    0xcc, 0x2d, 0xd7, 0xf8, 0xe5, 0xcf, 0xea, 0xbc, 0xfa, 0xad, 0xc4, 0xf8, 0xda, 0xf0, 0x3d, 0x8f, 0x70, 0xe5, 0x9a, 0x8b, 0x6e, 0x1b, 0x5b, 0x05,
    0xd4, 0x36, 0xa4, 0xe2, 0x3a, 0x06, 0xdd, 0x03, 0xc3, 0x30, 0xdc, 0x54, 0x36, 0x61, 0xb8, 0x27, 0x09, 0x90, 0x6e, 0x64, 0x1c, 0x80, 0x34, 0x44,
    0x87, 0x6a, 0x0f, 0xb5, 0x07, 0xda, 0x83, 0xed, 0x41, 0xf6, 0xa0, 0xfb, 0x50, 0x7d, 0xa8, 0x3e, 0xd4, 0x1f, 0x6a, 0x0f, 0xb5, 0x07, 0xda, 0x83,
    0xed, 0x41, 0xf6, 0xa0, 0xfb, 0x50, 0x7d, 0xa8, 0x3e, 0xd4, 0x1f, 0x6a, 0x22, 0x44, 0x44, 0x44, 0x45, 0x92, 0xfd, 0x1a, 0xfd, 0x1a, 0xfd, 0x18,
    0x44, 0x48, 0xf6, 0x1b, 0xb0, 0xdd, 0x86, 0xec, 0x37, 0x61, 0xbb, 0x0d, 0xd8, 0x6e, 0xc3, 0x76, 0x1b, 0xb0, 0xdd, 0x86, 0xec, 0x37, 0x61, 0xbb,
    0x0d, 0xd8, 0x6e, 0xc3, 0x76, 0x2a, 0x44, 0x44, 0x44, 0x45, 0x0f, 0xa6, 0xfa, 0x6f, 0xa6, 0x24, 0x44, 0x48, 0x7c, 0x45, 0x11, 0x12, 0x7b, 0x4f,
    0xe1, 0xf6, 0x9e, 0xd7, 0xf2, 0x5e, 0xa7, 0xea, 0x3d, 0xd7, 0xd4, 0xfd, 0x37, 0x47, 0xed, 0x3f, 0x62, 0xe6, 0x9e, 0xd3, 0xf6, 0x9f, 0x10, 0x7f,
    0x69, 0x8a, 0x62, 0xfc, 0x26, 0x1d, 0x84, 0xc1, 0x89, 0x6f, 0x6c, 0x52, 0x82, 0x60, 0x9b, 0x15, 0xd4, 0xc1, 0xd0, 0x4c, 0x14, 0x41, 0x68, 0xd8,
    0xb6, 0x54, 0x13, 0x05, 0x95, 0xf0, 0xb9, 0xc0, 0x26, 0x54, 0x13, 0x05, 0x94, 0xf0, 0xf9, 0xcf, 0x0f, 0x0c, 0xa8, 0x26, 0x0b, 0x28, 0x09, 0x65,
    0x7c, 0x53, 0x3a, 0x09, 0x82, 0xcd, 0xb1, 0x68, 0x82, 0xce, 0x82, 0x60, 0xb3, 0x88, 0xbe, 0x2b, 0xa5, 0x04, 0xc1, 0x69, 0x7f, 0x52, 0xd2, 0x82,
    0x60, 0xb4, 0x9e, 0xcf, 0xad, 0x04, 0xc1, 0x69, 0x0d, 0x97, 0x5a, 0x09, 0x82, 0xd5, 0x81, 0x6b, 0x41, 0x30, 0x5a, 0xc5, 0xdd, 0xb7, 0xa0, 0x44,
    0x44, 0x3f, 0x88, 0x22, 0x22, 0x1e, 0xd7, 0xf8, 0x5d, 0xa7, 0xea, 0x3e, 0x5f, 0x69, 0xfa, 0xaf, 0x72, 0xf5, 0x3f, 0x62, 0xea, 0xbe, 0xa7, 0xec,
    0xbc, 0x97, 0xb4, 0xfd, 0x9f, 0x95, 0xf6, 0x98, 0xa0, 0x96, 0xf0, 0x7c, 0x50, 0x4c, 0x2b, 0x62, 0xbb, 0xa6, 0x1e, 0x22, 0x61, 0x62, 0x0b, 0x5b,
    0x62, 0x86, 0x26, 0x17, 0x2b, 0xe2, 0x9a, 0x18, 0x33, 0x13, 0x0b, 0x94, 0xf0, 0xf0, 0xce, 0x98, 0xb6, 0x46, 0x26, 0x17, 0x28, 0x04, 0xca, 0x0f,
    0x84, 0xc8, 0xc4, 0xc2, 0xe6, 0xd8, 0xb6, 0x49, 0x87, 0x86, 0x46, 0x26, 0x17, 0x38, 0x83, 0xbe, 0x29, 0x99, 0x89, 0x85, 0xd2, 0xf8, 0xb8, 0x3c,
    0xcc, 0x4c, 0x2e, 0x93, 0xf5, 0x6d, 0x0c, 0x4c, 0x2e, 0x90, 0xf4, 0x9a, 0x18, 0x98, 0x5d, 0x58, 0x3c, 0x34, 0x31, 0x30, 0xba, 0xc4, 0x53, 0x53,
    0x13, 0x0b, 0xbd, 0x9d, 0xcb, 0x53, 0x13, 0x34, 0x49, 0x76, 0x48, 0x89, 0x05, 0x09, 0xd4, 0xc4, 0x54, 0x39, 0x73, 0x31, 0x15, 0xda, 0xdc, 0xcc,
    0x45, 0x7d, 0x4f, 0x89, 0x88, 0xaf, 0xb1, 0xef, 0x31, 0x15, 0xf6, 0xb6, 0xf3, 0x11, 0x51, 0x40, 0xba, 0xcc, 0x45, 0x41, 0xb0, 0x8e, 0x93, 0x11,
    0x50, 0x70, 0x7c, 0x5e, 0x19, 0xcc, 0x45, 0x41, 0xe5, 0x21, 0x4c, 0xe6, 0x22, 0xa0, 0xf3, 0xa0, 0x96, 0x53, 0x11, 0x50, 0x79, 0xc2, 0xf8, 0x78,
    0x4c, 0x45, 0x41, 0xe9, 0x10, 0xd3, 0x11, 0x50, 0x7a, 0xa8, 0xb0, 0x8a, 0x83, 0xde, 0xde, 0xd1, 0x50, 0x7b, 0x9f, 0xb4, 0x54, 0x1f, 0x13, 0xf5,
    0x15, 0x07, 0xcd, 0xb6, 0x8a, 0x83, 0xe4, 0x9c, 0x45, 0x41, 0xf4, 0x82, 0x20, 0x44, 0x42, 0xee, 0x48, 0x91, 0x17, 0x87, 0x4f, 0x8a, 0xed, 0x4e,
    0x9f, 0x15, 0xf5, 0x1e, 0x5f, 0x15, 0xf4, 0xf0, 0xe1, 0xf1, 0x5f, 0x66, 0xe1, 0xf1, 0x5f, 0xcc, 0xb7, 0x7c, 0x54, 0x56, 0xf8, 0x72, 0xd5, 0xf1,
    0x50, 0xc6, 0x2b, 0xab, 0xe2, 0xa1, 0xb2, 0x98, 0x4d, 0x1f, 0x15, 0x0d, 0x9d, 0xb0, 0xe5, 0x9b, 0xe2, 0xa1, 0xb3, 0x27, 0xc5, 0xb3, 0x7c, 0x54,
    0x36, 0x88, 0x17, 0x27, 0xc5, 0x43, 0x6b, 0x50, 0x6f, 0x8a, 0x86, 0xd4, 0x9f, 0x17, 0x15, 0x0d, 0xbc, 0xbd, 0xaa, 0x1b, 0x86, 0xf5, 0x50, 0xdc,
    0x42, 0xfb, 0x54, 0x37, 0x31, 0xda, 0xa1, 0xba, 0xa0, 0xa8, 0x6e, 0xa1, 0x7c, 0x54, 0xe2, 0x2a, 0xcd, 0x49, 0x9f, 0x89, 0x7f, 0xcd, 0x8f, 0x96,
    0xfd, 0xa6, 0xed, 0xb3, 0xb3, 0x57, 0xd2, 0x68, 0x81, 0xd3, 0x58, 0x50, 0x39, 0x65, 0x07, 0x11, 0xe6, 0x82, 0x99, 0x48, 0x53, 0xbb, 0x88, 0x30,
    0x3e, 0xe6, 0x25, 0x6c, 0x3f, 0x86, 0x15, 0xf1, 0x5f, 0x20, 0x18, 0x37, 0xc0, 0x61, 0x5f, 0x80, 0xcf, 0x8b, 0x78, 0x42, 0x95, 0x1e, 0x48, 0x4d,
    0x44, 0xbb, 0x60, 0x66, 0x2d, 0xd1, 0x8b, 0xe7, 0x50, 0xdc, 0x15, 0xc2, 0x66, 0x4e, 0x2c, 0x85, 0x03, 0x9b, 0x8b, 0x6b, 0x2f, 0xab, 0x96, 0xf1,
    0x7f, 0xd5, 0x4b, 0x98, 0x4e, 0xfe, 0xab, 0x2f, 0x98, 0x1c, 0x4e, 0x1c, 0x80, 0xe0, 0x92, 0x8c, 0xcb, 0x28, 0x78, 0x4d, 0xf9, 0x75, 0xea, 0x2f,
    0xef, 0x68, 0x6e, 0x7e, 0xac, 0xcd, 0x7d, 0xad, 0x0d, 0x21, 0x71, 0x52, 0xd6, 0x2e, 0x29, 0xa4, 0xc5, 0x79, 0x27, 0x05, 0x9d, 0xc1, 0x74, 0x81,
    0x72, 0x20, 0xdd, 0xc1, 0xf1, 0x6c, 0xa4, 0x13, 0xca, 0x8c, 0xa6, 0x23, 0xe5, 0x01, 0x4c, 0x1f, 0x8a, 0x0e, 0x60, 0xfc, 0x50, 0x68, 0x25, 0xe5,
    0x04, 0x22, 0x17, 0xcb, 0x61, 0xf2, 0x80, 0xb7, 0x64, 0x2b, 0x9b, 0x09, 0x74, 0xc1, 0x33, 0x30, 0xe7, 0xc4, 0xc5, 0xf5, 0xa6, 0xd4, 0x38, 0x14,
    0xab, 0xb4, 0x75, 0x85, 0xbe, 0xa7, 0xc4, 0x29, 0xfa, 0x74, 0xee, 0x2c, 0xfb, 0x5d, 0x4b, 0xf8, 0x51, 0x32, 0xe8, 0x34, 0x44, 0x44, 0x44, 0x94,
    0x4b, 0x75, 0xf7, 0xb4, 0x74, 0x5f, 0xa4, 0xcd, 0x45, 0xab, 0x5a, 0xdb, 0xd4, 0x72, 0x50, 0x7a, 0xc1, 0x85, 0x72, 0x50, 0x7c, 0x5c, 0x41, 0x41,
    0xf0, 0xa2, 0x2a, 0x0f, 0x89, 0x89, 0x28, 0x3e, 0x28, 0x0d, 0x41, 0xef, 0x07, 0x10, 0x50, 0x7a, 0xc6, 0xc1, 0xb2, 0x50, 0xee, 0xef, 0xe9, 0xcb,
    0x25, 0xfd, 0xb9, 0xe6, 0xbf, 0xab, 0xac, 0x34, 0x51, 0x12, 0x22, 0x28, 0x70, 0xa0, 0xfe, 0x14, 0x1f, 0xc2, 0x83, 0xf8, 0x50, 0x7f, 0x0a, 0x0f,
    0xe1, 0x41, 0xfc, 0x00, 0x44, 0x44, 0x44, 0x44, 0x91, 0xef, 0xee, 0xeb, 0x0c, 0xfe, 0xad, 0x0c, 0x83, 0xd6, 0xb5, 0xb3, 0xed, 0x5c, 0x83, 0x6f,
    0x27, 0x11, 0x0d, 0xc4, 0x85, 0x03, 0x71, 0x01, 0x50, 0xdc, 0xbe, 0x2c, 0x1b, 0x88, 0x0a, 0x86, 0xe2, 0x61, 0x43, 0x6a, 0x4b, 0xb1, 0x6c, 0xee,
    0xef, 0xea, 0x99, 0x7d, 0x53, 0x3f, 0xd3, 0xb4, 0x74, 0x15, 0x22, 0x22, 0x87, 0x01, 0xbe, 0x03, 0x7c, 0x06, 0xf8, 0x0d, 0xf0, 0x1b, 0xe0, 0x37,
    0xc0, 0xe2, 0x2a, 0xcd, 0x49, 0x9f, 0x89, 0x7f, 0xcd, 0x8f, 0x96, 0xfd, 0xa6, 0xed, 0xb3, 0xb3, 0x57, 0xd2, 0x68, 0x81, 0xd3, 0x58, 0x50, 0x39,
    0x65, 0x07, 0x11, 0xe6, 0x82, 0x99, 0x48, 0x53, 0xbb, 0x88, 0x30, 0x3e, 0xe6, 0x25, 0x6c, 0x3f, 0x86, 0x15, 0xf1, 0x5f, 0x20, 0x18, 0x37, 0xc0,
    0x61, 0x5f, 0x80, 0xcf, 0x8b, 0x78, 0x42, 0x95, 0x1e, 0x48, 0x4d, 0x44, 0xb4, 0x5b, 0xdd, 0xb3, 0x60, 0x66, 0x2d, 0xa4, 0x2d, 0x89, 0x98, 0xbe,
    0x75, 0x0d, 0xa1, 0x3e, 0x2e, 0x13, 0x32, 0x71, 0x64, 0x28, 0x2f, 0xab, 0x6b, 0x2f, 0xab, 0x96, 0xf1, 0x7f, 0x76, 0xe6, 0x13, 0xbf, 0xaa, 0xbe,
    0x27, 0xdc, 0x0e, 0x27, 0x0c, 0xa4, 0x23, 0xfe, 0xce, 0xb5, 0x6c, 0x80, 0xe0, 0x92, 0x8c, 0xcb, 0x28, 0x78, 0x4d, 0xf9, 0x75, 0xea, 0x2f, 0xef,
    0x68, 0x6e, 0x7e, 0xac, 0xcd, 0x7d, 0xad, 0x0d, 0x21, 0x71, 0x52, 0xd6, 0x2e, 0x29, 0xa4, 0xc5, 0x79, 0x27, 0x05, 0x9d, 0xc1, 0x74, 0x81, 0x72,
    0x20, 0xdd, 0xc1, 0xf1, 0x6c, 0xa4, 0x13, 0xca, 0x8c, 0xa6, 0x23, 0xe5, 0x01, 0x4c, 0x1f, 0x8a, 0x0e, 0x60, 0xfc, 0x50, 0x68, 0x25, 0xe5, 0x04,
    0x22, 0x17, 0xcb, 0x61, 0xf2, 0x80, 0xb6, 0x85, 0x6b, 0xdc, 0xf2, 0x21, 0x5c, 0xd8, 0x4b, 0x44, 0xc5, 0xe0, 0xc1, 0x33, 0x30, 0xe7, 0xa5, 0x31,
    0x71, 0x7d, 0x69, 0xb5, 0x0e, 0x04, 0xfe, 0xa3, 0xac, 0x2d, 0xf5, 0x3e, 0x21, 0x4f, 0xd9, 0xf5, 0x16, 0x7d, 0xaf, 0x6c, 0x5e, 0x1e, 0x14, 0x4c,
    0xb3, 0xb6, 0x2b, 0xff, 0xc5, 0x5a, 0xd6, 0x39, 0x00, 0x39, 0xce, 0x73, 0x9c, 0xe6, 0x92, 0x3d, 0xd7, 0xde, 0xf2, 0xd1, 0x7e, 0xa9, 0x9a, 0x8a,
    0xb3, 0x35, 0x5f, 0x64, 0xc9, 0x41, 0xee, 0xa2, 0xf9, 0x28, 0x3e, 0x2a, 0x09, 0x41, 0xf1, 0x31, 0x15, 0x07, 0xc4, 0xc4, 0x54, 0x1f, 0x0c, 0x0d,
    0x41, 0xef, 0x20, 0xf9, 0x28, 0x65, 0x55, 0xa5, 0xb6, 0x9e, 0x4b, 0xf5, 0x5c, 0xd7, 0xdd, 0xe7, 0xa2, 0x8a, 0x2a, 0xab, 0xe1, 0xe1, 0xa2, 0x83,
    0xd1, 0x42, 0xe8, 0xa0, 0xf4, 0x83, 0x82, 0xcd, 0x41, 0xeb, 0x31, 0x4c, 0xd4, 0x1e, 0xf7, 0x07, 0x92, 0x83, 0xdd, 0x05, 0x72, 0x50, 0x7c, 0x58,
    0x46, 0x60, 0xf8, 0x90, 0xb0, 0x9c, 0xe7, 0x39, 0xce, 0x73, 0x48, 0xc3, 0x7f, 0xdb, 0x16, 0x9f, 0x4e, 0x79, 0x87, 0x66, 0x6a, 0xdb, 0x6b, 0xe6,
    0x1b, 0x73, 0xb8, 0x96, 0x41, 0xb8, 0x88, 0x6c, 0x83, 0x72, 0x2d, 0x90, 0x6e, 0x5f, 0x16, 0xc8, 0x37, 0x06, 0x1b, 0x20, 0xdb, 0xc2, 0xc1, 0x32,
    0x17, 0x55, 0x5a, 0x33, 0x87, 0x86, 0x5f, 0x4f, 0x1c, 0xff, 0x75, 0x3d, 0x05, 0xd5, 0x56, 0xa1, 0x75, 0x0d, 0xa4, 0x1f, 0x0f, 0x0d, 0x03, 0x6b,
    0x31, 0x4d, 0x03, 0x6b, 0x07, 0x05, 0x98, 0x6d, 0xd0, 0x36, 0x61, 0xb8, 0xb8, 0x3c, 0x83, 0x71, 0x21, 0x5c, 0x83, 0x73, 0x61, 0x10, 0xdc, 0xa7,
    0x46, 0x65, 0x94, 0x39, 0x2a, 0xfe, 0x5d, 0x37, 0x37, 0xf7, 0xa6, 0x90, 0xb8, 0xba, 0xce, 0x75, 0xda, 0x59, 0xa0, 0x6d, 0xe2, 0x2d, 0x9d, 0x01,
    0x71, 0x41, 0x9b, 0x02, 0xe2, 0x06, 0x67, 0x9a, 0x8a, 0x7c, 0xc7, 0x6b, 0x21, 0x79, 0x4f, 0x6b, 0xd2, 0x3d, 0x4d, 0xff, 0x2e, 0x9c, 0xc2, 0x76,
    0xfc, 0xd6, 0x1d, 0x42, 0x2b, 0x7d, 0xa9, 0xf3, 0x27, 0x05, 0xf2, 0x82, 0x46, 0x27, 0xcc, 0x84, 0xa0, 0x2f, 0x0e, 0x28, 0x23, 0x93, 0x0b, 0x1e,
    0x85, 0x40, 0xf9, 0x93, 0xec, 0xf6, 0xbf, 0xa4, 0xd2, 0x2f, 0xef, 0x3d, 0xe0, 0xb7, 0xf4, 0xec, 0x7d, 0x94, 0x65, 0x13, 0xe0, 0xde, 0x4a, 0xcd,
    0x49, 0x97, 0x28, 0xff, 0x9a, 0x96, 0xb4, 0xf7, 0x73, 0xcd, 0x36, 0xac, 0xe7, 0x4b, 0x8b, 0xe7, 0x71, 0x1d, 0x61, 0x51, 0x22, 0x0d, 0xc1, 0x05,
    0x31, 0x4e, 0x4c, 0xcc, 0xa0, 0x1c, 0xfe, 0x2b, 0xb5, 0x23, 0xd9, 0x3f, 0xa7, 0xac, 0xcb, 0x82, 0xaf, 0xf8, 0xc5, 0xc4, 0x68, 0xfe, 0xcf, 0x2e,
    0x8d, 0x2b, 0xb3, 0x97, 0x85, 0x51, 0x4f, 0x97, 0xc5, 0xab, 0x87, 0xea, 0xd8, 0xba, 0x84, 0xe0, 0x85, 0x4f, 0x69, 0xc3, 0x48, 0xdc, 0x4f, 0x2a,
    0x7a, 0xbd, 0x9f, 0x6b, 0xc3, 0x36, 0xf7, 0xb9, 0x6b, 0x2a, 0xfb, 0x5e, 0x70, 0xe6, 0x07, 0x19, 0x44, 0xb7, 0x39, 0xce, 0x73, 0x9c, 0xe7, 0x39,
    0xce, 0x73, 0x9c, 0xe7, 0x29, 0xff, 0xd6, 0x9f, 0xfd, 0x69, 0x33, 0x33, 0x35, 0x45, 0xd9, 0x99, 0x99, 0x78, 0x20, 0xbf, 0x24, 0x17, 0xe4, 0x82,
    0xfc, 0x90, 0x5f, 0x92, 0x0b, 0xf2, 0x41, 0x7e, 0x48, 0x2f, 0xc9, 0x05, 0xf9, 0x20, 0xbf, 0x24, 0x17, 0xe4, 0x82, 0xfc, 0x90, 0x5f, 0x92, 0x0b,
    0xf2, 0x41, 0x7e, 0x48, 0x2f, 0xc9, 0x05, 0xf9, 0x20, 0xbc, 0x00, 0x49, 0xce, 0x73, 0x9c, 0xe7, 0x39, 0xce, 0x73, 0x9c, 0xe6, 0x4f, 0xff, 0x49,
    0xff, 0xe9, 0x33, 0x33, 0x33, 0x5c, 0x33, 0x33, 0x33, 0x1f, 0x14, 0x1f, 0xca, 0x0f, 0xe5, 0x07, 0xf2, 0x83, 0xf9, 0x41, 0xfc, 0xa0, 0xfe, 0x50,
    0x7f, 0x28, 0x3f, 0x94, 0x1f, 0xca, 0x0f, 0xe5, 0x07, 0xf2, 0x83, 0xf9, 0x41, 0xfc, 0xa0, 0xfe, 0x50, 0x7f, 0x28, 0x3f, 0x94, 0x1c, 0x80, 0x34,
    0x44, 0x2e, 0x8d, 0x11, 0x21, 0x31, 0x1e, 0x94, 0x42, 0x62, 0x3d, 0x28, 0x84, 0xc4, 0x7a, 0x51, 0x09, 0x88, 0xf4, 0xa2, 0x13, 0x11, 0xe9, 0x44,
    0x26, 0x23, 0xd2, 0x88, 0x4c, 0x47, 0xa5, 0x10, 0x98, 0x8f, 0x4a, 0x21, 0x31, 0x1e, 0x94, 0x42, 0x62, 0x3d, 0x28, 0x84, 0xc4, 0x7a, 0x51, 0x09,
    0x88, 0xf4, 0xa2, 0x13, 0x11, 0xe9, 0x44, 0x10, 0x4b, 0xa6, 0x10, 0x88, 0x6e, 0x60, 0xf8, 0x7c, 0xa0, 0xe2, 0x3c, 0x50, 0x36, 0x6b, 0xb2, 0x96,
    0x50, 0x8d, 0x76, 0x3c, 0xe1, 0x6f, 0xa5, 0xd6, 0x15, 0xf7, 0x5e, 0x52, 0xde, 0x9d, 0x8f, 0xc8, 0x46, 0x51, 0x3e, 0x40, 0x44, 0x48, 0xf5, 0x04,
    0x44, 0x30, 0xdd, 0x10, 0x50, 0xdd, 0x10, 0x50, 0xdd, 0x10, 0x50, 0xdd, 0x10, 0x50, 0xdd, 0x10, 0x50, 0xdd, 0x10, 0x50, 0xdd, 0x10, 0x50, 0xdd,
    0x10, 0x50, 0xdd, 0x10, 0x50, 0xdd, 0x10, 0x50, 0xdd, 0x10, 0x50, 0xdd, 0x10, 0x50, 0xdd, 0x10, 0x51, 0x6e, 0x8c, 0x2d, 0xc4, 0x39, 0x50, 0x94,
    0x0d, 0xc1, 0xb8, 0x22, 0xda, 0xd1, 0x86, 0x45, 0x37, 0x0d, 0x9a, 0x7d, 0x5e, 0x1a, 0x4f, 0xde, 0xc5, 0xb9, 0x51, 0xfd, 0x59, 0x3c, 0x38, 0xca,
    0x30, 0xe0, 0x92, 0x22, 0x17, 0x88, 0x88, 0x8a, 0x17, 0xb8, 0x8a, 0x98, 0xbf, 0x74, 0x09, 0x95, 0x81, 0xf4, 0xe2, 0x19, 0x4c, 0x4f, 0x98, 0x86,
    0xcc, 0x85, 0xb9, 0xa0, 0x96, 0x96, 0x05, 0xc3, 0xe1, 0xe1, 0xa2, 0x09, 0xef, 0x11, 0x4d, 0x60, 0x2d, 0xbd, 0x04, 0x77, 0xa8, 0x2d, 0x5f, 0x0f,
    0xc4, 0x84, 0xf4, 0x88, 0xa7, 0x10, 0x7c, 0x5b, 0x4a, 0x03, 0xe5, 0x81, 0x66, 0xf8, 0xbf, 0x52, 0x13, 0xca, 0x21, 0x7b, 0x7c, 0x5b, 0x2a, 0x03,
    0xee, 0x80, 0xaf, 0x8b, 0x79, 0x11, 0x51, 0x3f, 0x8b, 0xfb, 0x17, 0xc2, 0xfa, 0xaf, 0xc9, 0xfa, 0x4f, 0xe5, 0xf6, 0x87, 0x00, 0x24, 0x44, 0x97,
    0x86, 0x88, 0x87, 0x00, 0xf0, 0xee, 0xc2, 0x39, 0x30, 0x97, 0x44, 0x2f, 0x9c, 0x83, 0x75, 0x30, 0xba, 0x3e, 0x1e, 0x1c, 0xd8, 0x1e, 0x94, 0x12,
    0xe0, 0x85, 0xb5, 0x88, 0x6e, 0x26, 0x27, 0xbb, 0xe1, 0xe1, 0xbd, 0x41, 0x6e, 0xa2, 0x5a, 0x90, 0xb7, 0x06, 0x1b, 0x54, 0x09, 0xcd, 0xf0, 0xfa,
    0xd4, 0x43, 0x95, 0x12, 0xce, 0x02, 0xbd, 0x10, 0x6c, 0xd0, 0x27, 0x76, 0xc3, 0xe7, 0x5c, 0x3c, 0x3b, 0x98, 0x8c, 0x03, 0x78, 0x42, 0x88, 0x25,
    0xf1, 0x5c, 0x3d, 0xb0, 0xff, 0x29, 0xed, 0x4f, 0x98, 0x7b, 0x47, 0xf8, 0xdb, 0x5f, 0xee, 0x5b, 0x2f, 0x20, 0x34, 0x44, 0x8f, 0x44, 0x88, 0x92,
    0x27, 0xc3, 0x97, 0x36, 0x09, 0x94, 0xc3, 0x70, 0x82, 0xba, 0x5c, 0x47, 0x58, 0x38, 0x3d, 0x22, 0x2f, 0xad, 0x02, 0xef, 0x41, 0x3c, 0xcc, 0x5e,
    0x1b, 0xc1, 0xf0, 0xe5, 0x95, 0x84, 0xb9, 0x40, 0xc8, 0x1b, 0xba, 0xfb, 0x39, 0x76, 0x5e, 0xd3, 0xf8, 0x5d, 0xaf, 0xf3, 0x5d, 0x9c, 0xbc, 0x97,
    0xb3, 0x77, 0x07, 0x17, 0x12, 0xea, 0x82, 0x66, 0x2f, 0x0e, 0x22, 0x2f, 0x9d, 0x05, 0x38, 0xb8, 0x8e, 0x70, 0x70, 0x7a, 0xa8, 0x6d, 0x50, 0x5b,
    0x43, 0x0f, 0x0d, 0xec, 0x27, 0x9d, 0x82, 0x70, 0x61, 0xc9, 0x05, 0xba, 0x51, 0x50, 0xc9, 0x11, 0x12, 0x1d, 0x49, 0x11, 0x0b, 0x2a, 0x0a, 0x73,
    0x21, 0x7c, 0xe0, 0xe0, 0xf7, 0x85, 0xc4, 0x74, 0x90, 0xb6, 0xea, 0x1b, 0x7a, 0x84, 0xd0, 0x83, 0xc3, 0x72, 0x0f, 0x0c, 0xea, 0x13, 0x99, 0x8a,
    0x65, 0x21, 0x6e, 0xee, 0x23, 0x70, 0x7d, 0xc7, 0xf3, 0x4f, 0x8a, 0x7a, 0x78, 0x7c, 0x41, 0xf6, 0x4f, 0x93, 0xf5, 0x4f, 0x9b, 0xfb, 0x1f, 0x93,
    0x16, 0x16, 0xec, 0x83, 0xc2, 0xa2, 0x7d, 0x54, 0x26, 0x44, 0x1c, 0xb8, 0x41, 0x5d, 0x14, 0x57, 0x78, 0x38, 0x3d, 0x6e, 0x25, 0xab, 0x05, 0xde,
    0x22, 0xf0, 0xce, 0x22, 0xf0, 0xe1, 0x85, 0x32, 0x85, 0xc4, 0xb9, 0x27, 0x06, 0x92, 0x22, 0x17, 0x71, 0x44, 0x43, 0x41, 0x5e, 0x88, 0x3c, 0x32,
    0xb0, 0x97, 0x2c, 0x27, 0x99, 0x8b, 0xf0, 0x62, 0xfa, 0xb0, 0x4d, 0xea, 0x25, 0xa9, 0x3e, 0x1e, 0x1a, 0x44, 0x57, 0x89, 0x85, 0xd2, 0xc0, 0xb8,
    0x85, 0xf0, 0xf0, 0xc9, 0x02, 0xf5, 0x21, 0x48, 0x5f, 0x0f, 0x0e, 0xea, 0x18, 0x27, 0x87, 0xed, 0x6f, 0x9a, 0x7a, 0x8f, 0xcc, 0x1c, 0x37, 0xda,
    0x83, 0xfb, 0x50, 0x5f, 0x6a, 0x0b, 0xed, 0x41, 0x7d, 0xa8, 0x2f, 0xb5, 0x05, 0xf6, 0xa0, 0xbe, 0xd4, 0x17, 0x20, 0x24, 0x44, 0x97, 0x70, 0x44,
    0x44, 0xca, 0xe2, 0x3d, 0x50, 0x2e, 0x52, 0x16, 0xe4, 0x83, 0xc3, 0x3a, 0x89, 0x70, 0xc1, 0x34, 0x21, 0x7d, 0xe2, 0x2d, 0xbd, 0x04, 0xf5, 0xb0,
    0x3d, 0xe0, 0xf8, 0x78, 0x67, 0x20, 0xdc, 0xa0, 0x5c, 0xef, 0x87, 0x2e, 0xac, 0x0a, 0x62, 0x7d, 0xc4, 0x55, 0xf1, 0x7f, 0x86, 0xf6, 0x97, 0xc1,
    0x3e, 0xd5, 0xfe, 0x2e, 0xc7, 0xfc, 0x80, 0x6f, 0xf4, 0x37, 0xfa, 0x1b, 0xfd, 0x0d, 0xfe, 0x86, 0xff, 0x43, 0x7f, 0xa1, 0xbf, 0xd0, 0xdc, 0x80,
    0x00, 0x00,
};
static const uint8_t AF_L_HC[61] = {
    0, 0, 1, 6, 9, 11, 1, 6, 6, 3, 1, 2, 0, 0, 0, 47, 2, 3, 6, 8, 10, 14, 1, 4,
    5, 7, 9, 11, 12, 13, 31, 0, 16, 32, 48, 63, 64, 80, 96, 112, 128, 144, 79, 95, 159, 160, 176, 191,
    208, 15, 111, 143, 175, 192, 207, 127, 224, 239, 223, 240, 255,
};
static const aag_t AF_L_G[78] = {
    {0, 94, 0, 0, 0, 0},
    {0, 94, 0, 0, 0, 0},
    {0, 271, -1, 7, 19, 21},
    {118, 271, 0, 7, 18, 21},
    {234, 285, 2, 13, 14, 14},
    {280, 285, 2, 13, 15, 14},
    {328, 128, 1, 23, 6, 6},
    {328, 128, 1, 23, 6, 6},
    {342, 153, 0, 6, 10, 26},
    {408, 153, 0, 6, 10, 26},
    {474, 192, 1, 18, 10, 3},
    {484, 192, 1, 18, 11, 3},
    {495, 288, 1, 7, 16, 22},
    {495, 288, 1, 7, 16, 22},
    {592, 288, 3, 7, 10, 21},
    {592, 288, 3, 7, 10, 21},
    {649, 288, 2, 7, 15, 21},
    {649, 288, 2, 7, 15, 21},
    {726, 288, 1, 7, 16, 22},
    {726, 288, 1, 7, 16, 22},
    {813, 288, 1, 7, 16, 21},
    {813, 288, 1, 7, 16, 21},
    {899, 288, 2, 7, 15, 22},
    {899, 288, 2, 7, 15, 22},
    {993, 288, 1, 7, 16, 22},
    {993, 288, 1, 7, 16, 22},
    {1097, 288, 1, 7, 15, 21},
    {1097, 288, 1, 7, 15, 21},
    {1162, 288, 1, 7, 16, 22},
    {1162, 288, 1, 7, 16, 22},
    {1262, 288, 1, 7, 16, 22},
    {1262, 288, 1, 7, 16, 22},
    {1363, 307, 0, 7, 19, 21},
    {1452, 307, 0, 7, 20, 21},
    {1542, 278, 1, 7, 16, 21},
    {1638, 278, 2, 7, 16, 21},
    {1727, 317, 1, 7, 18, 22},
    {1816, 317, 1, 7, 19, 22},
    {1910, 308, 1, 7, 18, 21},
    {2005, 308, 2, 7, 17, 21},
    {2087, 255, 1, 7, 14, 21},
    {2156, 255, 2, 7, 14, 21},
    {2219, 246, 1, 7, 14, 21},
    {2285, 246, 2, 7, 14, 21},
    {2342, 321, 1, 7, 19, 22},
    {2448, 321, 1, 7, 19, 22},
    {2551, 316, 1, 7, 18, 21},
    {2636, 316, 2, 7, 17, 21},
    {2717, 106, 1, 7, 5, 21},
    {2748, 106, 2, 7, 4, 21},
    {2768, 287, 1, 7, 17, 21},
    {2863, 287, 2, 7, 17, 21},
    {2950, 237, 1, 7, 14, 21},
    {3000, 237, 2, 7, 13, 21},
    {3039, 390, 1, 7, 22, 21},
    {3167, 390, 2, 7, 22, 21},
    {3295, 315, 1, 7, 18, 21},
    {3397, 315, 2, 7, 17, 21},
    {3494, 330, 1, 7, 19, 22},
    {3589, 330, 1, 7, 20, 22},
    {3691, 271, 1, 7, 16, 21},
    {3772, 271, 2, 7, 15, 21},
    {3841, 331, 1, 7, 19, 23},
    {3948, 331, 1, 7, 20, 23},
    {4065, 275, 1, 7, 16, 21},
    {4157, 275, 2, 7, 16, 21},
    {4246, 274, 0, 7, 17, 22},
    {4341, 274, 1, 7, 16, 22},
    {4434, 279, 0, 7, 17, 21},
    {4499, 279, 1, 7, 17, 21},
    {4559, 312, 1, 7, 18, 22},
    {4652, 312, 2, 7, 17, 22},
    {4730, 307, 0, 7, 19, 21},
    {4821, 307, 0, 7, 20, 21},
    {4914, 292, 0, 7, 18, 21},
    {5006, 292, 0, 7, 19, 21},
    {5101, 299, 0, 7, 19, 21},
    {5179, 299, 0, 7, 19, 21},
};
static const uint16_t AF_L_KERN[98] = {
    11092, 11094, 11096, 11097, 11604, 11606, 11608, 11609, 12118, 16707, 16711, 16719,
    16721, 16723, 16724, 16726, 16729, 17217, 17240, 17455, 17473, 17492, 17494, 17496,
    17497, 17985, 18241, 18260, 18262, 18264, 18265, 19243, 19245, 19267, 19271, 19279,
    19281, 19283, 19499, 19501, 19521, 19523, 19527, 19535, 19537, 19540, 19542, 19545,
    20271, 20289, 20308, 20310, 20312, 20313, 20523, 20525, 20545, 20783, 20801, 20820,
    20822, 20824, 20825, 21078, 21081, 21313, 21547, 21549, 21551, 21569, 21571, 21575,
    21583, 21585, 21593, 21807, 22059, 22061, 22063, 22081, 22083, 22087, 22095, 22097,
    22571, 22573, 22595, 22599, 22607, 22609, 22827, 22829, 22849, 22851, 22855, 22863,
    22865, 22868,
};
static const int8_t AF_L_KD[98] = {
    -20, -14, -17, -21, -20, -14, -17, -21, 3, -16, -16, -16, -16, -5, -39, -38, -33, -4, -5, -18, -16, -14, -17, -12,
    -18, -41, -10, -14, -10, -5, -12, -29, -29, -17, -17, -17, -17, -2, -23, -23, 12, -13, -13, -13, -13, -41, -33, -33,
    -18, -16, -14, -17, -12, -18, -12, -12, -36, -18, -16, -14, -17, -12, -18, -8, -12, -5, -20, -20, -35, -39, -14, -14,
    -14, -14, 5, -25, -14, -14, -30, -38, -17, -17, -17, -17, -17, -17, -12, -12, -12, -12, -21, -21, -33, -18, -18, -18,
    -18, 5,
};
static const uint8_t AF_L_EX[38] = {35, 43, 46, 47, 45, 48, 49, 50, 51, 52, 53, 54, 55, 56, 57, 65, 66, 67, 68, 69, 70, 71, 72, 73, 75, 76, 77, 78, 79, 80, 81, 82, 83, 84, 85, 86, 88, 89};
static const aafont_t AF_L = {35, 28, 32, 32, 38, 98, AF_L_G, AF_L_DATA, AF_L_KERN, AF_L_KD, AF_L_EX, 1, AF_L_HC};
