/* generated by tools/gen_aa_icons.py from fukiai.ttf (Fukiai, MIT, (c) 2026 Hügelton Instruments) */
#pragma once
#include <stdint.h>
enum {
    ICON_GENERIC,
    ICON_ATTACK,
    ICON_DECAY,
    ICON_SUSTAIN,
    ICON_RELEASE,
    ICON_ENV,
    ICON_CUTOFF,
    ICON_RESO,
    ICON_RATE,
    ICON_LFO_WAVE,
    ICON_WAVE,
    ICON_PULSE,
    ICON_SHAPE,
    ICON_PITCH,
    ICON_TUNE,
    ICON_DETUNE,
    ICON_TRANSPOSE,
    ICON_OCTAVE,
    ICON_LEVEL,
    ICON_PAN,
    ICON_MUTE,
    ICON_DIST,
    ICON_DRIVE,
    ICON_FOLD,
    ICON_BITS,
    ICON_CHORUS,
    ICON_DELAY,
    ICON_REVERB,
    ICON_FEEDBACK,
    ICON_ARP,
    ICON_GATE,
    ICON_SWING,
    ICON_TEMPO,
    ICON_SCALE,
    ICON_QUANTIZE,
    ICON_GLIDE,
    ICON_SLIDE,
    ICON_VOICE,
    ICON_MOD,
    ICON_NOISE,
    ICON_SUB,
    ICON_RATIO,
    ICON_ALGORITHM,
    ICON_SAMPLE,
    ICON_STEPS,
    ICON_ACCENT,
    ICON_TIME,
    ICON_PHASE,
    ICON_FADE,
    ICON_MIX,
    ICON_KEYTRACK,
    ICON_SIZE,
    ICON_DAMP,
    ICON_TONE,
    ICON_SWEEP,
    ICON_VIBRATO,
    ICON_LOOP,
    ICON_HOLD,
    ICON_ORDER,
    ICON_PROB,
    ICON_LENGTH,
    ICON_DIVISION,
    ICON_CHIP,
    ICON_MIDI,
    ICON_SAVE,
    ICON_LOAD,
    ICON_CLEAR,
    ICON_W_SIN,
    ICON_W_TRI,
    ICON_W_SAW,
    ICON_W_SQR,
    ICON_W_PLS,
    ICON_W_PWM,
    ICON_W_SH,
    ICON_W_DSIN,
    ICON_W_SPLS,
    ICON_W_RSAW,
    ICON_W_RTRI,
    ICON_W_RTRP,
    ICON_TAPE,
    ICON_MOUTH,
    ICON_TRIO,
    ICON_DRAWBAR,
    ICON_SLICE,
    ICON_GRAIN,
    ICON_PHYS,
    ICON_DRUM,
    ICON_X_PLAY,
    ICON_X_STOP,
    ICON_X_PAUSE,
    ICON_X_REC,
    ICON_X_REC_O,
    ICON_X_PLAY_O,
    ICON_X_USB,
    ICON_X_STAR,
    ICON_X_STAR_O,
    ICON_X_CHECK,
    ICON_X_COG,
    ICON_X_LOCK,
    ICON_X_POWER,
    ICON_X_FOLDER,
    ICON_X_DOC,
    ICON_X_PLUS,
    ICON_X_MINUS,
    ICON_X_UNDO,
    ICON_X_REDO,
    ICON_X_WARN,
    ICON_X_PALETTE,
    ICON_X_SPEAKER,
    ICON_X_INFO,
    ICON_X_BACK,
    ICON_X_DOWN,
    ICON_X_UP,
    ICON_X_LEFT,
    ICON_X_RIGHT,
    ICON_X_HUGELTON,
    ICON_X_MIXER,
    ICON_X_PATTERN,
    ICON_X_SONG,
    ICON_X_MOTION,
    ICON_X_MOTION_REC,
    ICON_X_MOTION_DEL,
    ICON_X_DOCTOR,
    ICON_X_BAT0,
    ICON_X_BAT1,
    ICON_X_BAT3,
    ICON_X_BAT4,
    ICON_X_BAT_CHG,
    ICON_X_FX,
    ICON_X_KNOB,
    ICON_X_TIMER,
    ICON_X_HPF,
    ICON_X_REPEAT,
    ICON_X_REVERSE,
    ICON_X_TSTOP,
    ICON_X_FREEZE,
    ICON_X_OCT_UP,
    ICON_X_OCT_DN,
    ICON_COUNT
};

#define AI12_N 117
static const uint8_t AI12_DATA[8424] = {
    0x00, 0x00, 0x00, 0x00, 0x00, 0x00, 0x00, 0x04, 0x99, 0x99, 0x40, 0x00, 0x00, 0x77, 0x00, 0x00, 0x77, 0x00, 0x04, 0x70, 0x00, 0x03, 0x47, 0x40,
    0x09, 0x00, 0x00, 0x3d, 0x30, 0x90, 0x09, 0x00, 0x00, 0xa3, 0x00, 0x90, 0x09, 0x00, 0x00, 0x00, 0x00, 0x90, 0x09, 0x00, 0x00, 0x00, 0x00, 0x90,
    0x04, 0x70, 0x00, 0x00, 0x07, 0x40, 0x00, 0x77, 0x00, 0x00, 0x77, 0x00, 0x00, 0x04, 0x99, 0x99, 0x40, 0x00, 0x00, 0x00, 0x00, 0x00, 0x00, 0x00,
    0x00, 0x00, 0x00, 0x00, 0x00, 0x00, 0x00, 0x00, 0x00, 0x00, 0x00, 0x00, 0x01, 0xe3, 0x00, 0x00, 0x00, 0x00, 0x05, 0xea, 0x00, 0x00, 0x00, 0x00,
    0x0b, 0x94, 0x70, 0x00, 0x00, 0x00, 0x1f, 0x30, 0x79, 0x99, 0x97, 0x00, 0x6d, 0x00, 0x00, 0x00, 0x07, 0x50, 0xc7, 0x00, 0x00, 0x00, 0x00, 0x92,
    0xf2, 0x00, 0x00, 0x00, 0x00, 0x1a, 0xb0, 0x00, 0x00, 0x00, 0x00, 0x03, 0x00, 0x00, 0x00, 0x00, 0x00, 0x00, 0x00, 0x00, 0x00, 0x00, 0x00, 0x00,
    0x00, 0x00, 0x00, 0x00, 0x00, 0x00, 0x00, 0x00, 0x00, 0x00, 0x00, 0x00, 0x01, 0xe3, 0x00, 0x00, 0x00, 0x00, 0x03, 0xdd, 0x10, 0x00, 0x00, 0x00,
    0x08, 0x2c, 0xb0, 0x00, 0x00, 0x00, 0x09, 0x02, 0xd9, 0x99, 0x96, 0x00, 0x46, 0x00, 0x00, 0x00, 0x08, 0x30, 0x91, 0x00, 0x00, 0x00, 0x00, 0xa1,
    0x90, 0x00, 0x00, 0x00, 0x00, 0x29, 0x40, 0x00, 0x00, 0x00, 0x00, 0x05, 0x00, 0x00, 0x00, 0x00, 0x00, 0x00, 0x00, 0x00, 0x00, 0x00, 0x00, 0x00,
    0x00, 0x00, 0x00, 0x00, 0x00, 0x00, 0x00, 0x00, 0x00, 0x00, 0x00, 0x00, 0x00, 0x90, 0x00, 0x00, 0x00, 0x00, 0x03, 0x98, 0x00, 0x00, 0x00, 0x00,
    0x08, 0x17, 0x63, 0x33, 0x31, 0x00, 0x09, 0x00, 0xef, 0xff, 0xf8, 0x00, 0x45, 0x00, 0x00, 0x00, 0x09, 0x30, 0x91, 0x00, 0x00, 0x00, 0x01, 0xa1,
    0x90, 0x00, 0x00, 0x00, 0x00, 0x29, 0x40, 0x00, 0x00, 0x00, 0x00, 0x05, 0x00, 0x00, 0x00, 0x00, 0x00, 0x00, 0x00, 0x00, 0x00, 0x00, 0x00, 0x00,
    0x00, 0x00, 0x00, 0x00, 0x00, 0x00, 0x00, 0x00, 0x00, 0x00, 0x00, 0x00, 0x01, 0x90, 0x00, 0x00, 0x00, 0x00, 0x05, 0x97, 0x00, 0x00, 0x00, 0x00,
    0x09, 0x08, 0x30, 0x00, 0x20, 0x00, 0x18, 0x00, 0x99, 0x99, 0xda, 0x00, 0x63, 0x00, 0x00, 0x00, 0x2e, 0x60, 0xa0, 0x00, 0x00, 0x00, 0x05, 0xe3,
    0x80, 0x00, 0x00, 0x00, 0x00, 0x9d, 0x20, 0x00, 0x00, 0x00, 0x00, 0x1c, 0x00, 0x00, 0x00, 0x00, 0x00, 0x00, 0x00, 0x00, 0x00, 0x00, 0x00, 0x00,
    0x00, 0x00, 0x00, 0x00, 0x00, 0x00, 0x00, 0x00, 0x00, 0x00, 0x00, 0x00, 0x00, 0x91, 0x00, 0x00, 0x00, 0x00, 0x03, 0x98, 0x00, 0x00, 0x00, 0x00,
    0x08, 0x16, 0x50, 0x00, 0x00, 0x00, 0x09, 0x00, 0x89, 0x99, 0x96, 0x00, 0x46, 0x00, 0x00, 0x00, 0x08, 0x30, 0x91, 0x00, 0x00, 0x00, 0x00, 0xa1,
    0x90, 0x00, 0x00, 0x00, 0x00, 0x29, 0x40, 0x00, 0x00, 0x00, 0x00, 0x05, 0x00, 0x00, 0x00, 0x00, 0x00, 0x00, 0x00, 0x00, 0x00, 0x00, 0x00, 0x00,
    0x00, 0x00, 0x00, 0x00, 0x00, 0x00, 0x00, 0x00, 0x00, 0x00, 0x00, 0x00, 0x00, 0x00, 0x01, 0x89, 0x99, 0x93, 0x00, 0x00, 0x0a, 0x20, 0x00, 0x00,
    0x00, 0x00, 0x74, 0x00, 0x00, 0x00, 0x00, 0x00, 0xa0, 0x00, 0x00, 0x00, 0x00, 0x05, 0x40, 0x00, 0x00, 0x00, 0x00, 0x0a, 0x00, 0x00, 0x00, 0x00,
    0x00, 0x37, 0x00, 0x00, 0x00, 0x00, 0x39, 0x90, 0x00, 0x00, 0x00, 0x00, 0x00, 0x00, 0x00, 0x00, 0x00, 0x00, 0x00, 0x00, 0x00, 0x00, 0x00, 0x00,
    0x00, 0x00, 0x00, 0x00, 0x00, 0x00, 0x00, 0x00, 0x00, 0x00, 0x00, 0x00, 0x00, 0x00, 0x03, 0xa3, 0x00, 0x00, 0x00, 0x00, 0x0a, 0x19, 0x00, 0x00,
    0x00, 0x00, 0x46, 0x06, 0x99, 0x93, 0x00, 0x00, 0x91, 0x00, 0x00, 0x00, 0x00, 0x02, 0x80, 0x00, 0x00, 0x00, 0x00, 0x08, 0x20, 0x00, 0x00, 0x00,
    0x00, 0x28, 0x00, 0x00, 0x00, 0x00, 0x39, 0x91, 0x00, 0x00, 0x00, 0x00, 0x00, 0x00, 0x00, 0x00, 0x00, 0x00, 0x00, 0x00, 0x00, 0x00, 0x00, 0x00,
    0x00, 0x00, 0x00, 0x00, 0x00, 0x00, 0x00, 0x00, 0x00, 0x00, 0x00, 0x00, 0x00, 0x00, 0x00, 0x00, 0x00, 0x00, 0x00, 0x00, 0x00, 0x04, 0x97, 0x10,
    0x39, 0x99, 0x99, 0xad, 0x92, 0xa0, 0x00, 0x14, 0x44, 0xb4, 0x00, 0x55, 0x00, 0x15, 0x55, 0xb5, 0x00, 0x55, 0x00, 0x00, 0x39, 0xb7, 0x02, 0xa0,
    0x00, 0x00, 0x00, 0x04, 0x97, 0x10, 0x00, 0x00, 0x00, 0x00, 0x00, 0x00, 0x00, 0x00, 0x00, 0x00, 0x00, 0x00, 0x00, 0x00, 0x00, 0x00, 0x00, 0x00,
    0x00, 0x00, 0x00, 0x00, 0x00, 0x00, 0x00, 0x00, 0x00, 0x00, 0x00, 0x00, 0x03, 0x99, 0x30, 0x00, 0x00, 0x00, 0x29, 0x00, 0x92, 0x00, 0x00, 0x00,
    0x91, 0x00, 0x19, 0x00, 0x00, 0x00, 0x80, 0x00, 0x08, 0x20, 0x00, 0x01, 0x10, 0x00, 0x02, 0x80, 0x00, 0x08, 0x00, 0x00, 0x00, 0x91, 0x00, 0x19,
    0x00, 0x00, 0x00, 0x29, 0x00, 0x92, 0x00, 0x00, 0x00, 0x03, 0x99, 0x30, 0x00, 0x00, 0x00, 0x00, 0x00, 0x00, 0x00, 0x00, 0x00, 0x00, 0x00, 0x00,
    0x00, 0x00, 0x00, 0x00, 0x00, 0x00, 0x00, 0x05, 0x00, 0x50, 0x00, 0x00, 0x01, 0xab, 0x1a, 0x30, 0x00, 0x00, 0x3a, 0x1b, 0xa1, 0x00, 0x00, 0x00,
    0x50, 0x05, 0x01, 0x33, 0x30, 0x00, 0x00, 0x07, 0x05, 0x96, 0xb1, 0x00, 0x00, 0x09, 0x16, 0x40, 0x61, 0x10, 0x00, 0x06, 0x87, 0x20, 0x1a, 0xa1,
    0x00, 0x00, 0x07, 0x01, 0xa2, 0x28, 0x00, 0x00, 0x03, 0x9a, 0x20, 0x00, 0x00, 0x00, 0x00, 0x32, 0x00, 0x00, 0x00, 0x00, 0x00, 0x00, 0x00, 0x00,
    0x00, 0x00, 0x00, 0x00, 0x00, 0x00, 0x00, 0x00, 0x00, 0x00, 0x00, 0x00, 0xa9, 0xa3, 0x00, 0x00, 0x00, 0x00, 0x40, 0x54, 0x00, 0x00, 0x00, 0x00,
    0x40, 0x54, 0x00, 0x00, 0x00, 0x00, 0x40, 0x54, 0x00, 0x00, 0x00, 0x00, 0x40, 0x54, 0x00, 0x00, 0x00, 0x00, 0x40, 0x54, 0x00, 0x00, 0x00, 0x00,
    0x40, 0x54, 0x00, 0x00, 0x00, 0x00, 0x30, 0x4a, 0x99, 0x99, 0x99, 0x99, 0x00, 0x00, 0x00, 0x00, 0x00, 0x00, 0x00, 0x00, 0x00, 0x00, 0x00, 0x00,
    0x00, 0x00, 0x00, 0x00, 0x00, 0x00, 0x00, 0x02, 0x91, 0x00, 0x22, 0x00, 0x01, 0x09, 0x38, 0x00, 0x6b, 0x50, 0x09, 0x19, 0x04, 0x38, 0x63, 0x71,
    0x04, 0xb3, 0x00, 0x03, 0xc3, 0x00, 0x00, 0x00, 0x00, 0x00, 0x11, 0x00, 0x00, 0x01, 0x20, 0x00, 0x26, 0x61, 0x00, 0x09, 0xa0, 0x00, 0x66, 0x73,
    0x17, 0x56, 0x43, 0x43, 0x63, 0x42, 0x08, 0xa0, 0x00, 0x67, 0x83, 0x00, 0x01, 0x20, 0x00, 0x15, 0x51, 0x00, 0x00, 0x00, 0x00, 0x00, 0x00, 0x00,
    0x00, 0x00, 0x00, 0x00, 0x00, 0x00, 0x00, 0x00, 0x00, 0x00, 0x00, 0x00, 0x91, 0x0a, 0x20, 0x07, 0x70, 0x00, 0xd5, 0x47, 0x80, 0x18, 0x81, 0x00,
    0x87, 0x72, 0x90, 0x54, 0x45, 0x00, 0x59, 0x90, 0x90, 0x81, 0x18, 0x01, 0x09, 0x90, 0x90, 0x90, 0x09, 0x06, 0x09, 0x90, 0x73, 0x90, 0x09, 0x09,
    0x09, 0x90, 0x37, 0x80, 0x06, 0x39, 0x05, 0x50, 0x0a, 0x20, 0x01, 0xa3, 0x00, 0x00, 0x00, 0x00, 0x00, 0x00, 0x00, 0x00, 0x00, 0x00, 0x00, 0x00,
    0x00, 0x00, 0x00, 0x00, 0x00, 0x00, 0x00, 0x00, 0x00, 0x00, 0x40, 0x00, 0x00, 0x00, 0x00, 0x09, 0x50, 0x00, 0x00, 0x00, 0x00, 0x95, 0x05, 0x40,
    0x00, 0x00, 0x09, 0x50, 0x59, 0x00, 0x00, 0x00, 0x95, 0x05, 0x90, 0x00, 0x00, 0x02, 0x80, 0x59, 0x00, 0x00, 0x00, 0x04, 0xb9, 0x90, 0x00, 0x00,
    0x00, 0x2b, 0x42, 0x00, 0x00, 0x00, 0x02, 0xb2, 0x00, 0x00, 0x00, 0x00, 0x03, 0x20, 0x00, 0x00, 0x00, 0x00, 0x00, 0x00, 0x00, 0x00, 0x00, 0x00,
    0x00, 0x00, 0x02, 0x20, 0x00, 0x00, 0x00, 0x00, 0x18, 0x82, 0x00, 0x00, 0x00, 0x08, 0x88, 0x88, 0x80, 0x00, 0x00, 0x84, 0x04, 0x50, 0x38, 0x00,
    0x02, 0x80, 0x04, 0x50, 0x08, 0x20, 0x05, 0x40, 0x04, 0x50, 0x04, 0x50, 0x05, 0x40, 0x04, 0x50, 0x04, 0x60, 0x02, 0x80, 0x04, 0x50, 0x08, 0x20,
    0x00, 0x83, 0x04, 0x50, 0x39, 0x00, 0x00, 0x08, 0x87, 0x77, 0x90, 0x00, 0x00, 0x00, 0x28, 0x82, 0x00, 0x00, 0x00, 0x00, 0x02, 0x30, 0x00, 0x00,
    0x00, 0x00, 0x00, 0x00, 0x00, 0x00, 0x00, 0x00, 0x00, 0x00, 0x00, 0x00, 0x00, 0x00, 0x06, 0x60, 0x00, 0x00, 0x00, 0x00, 0x6b, 0xa6, 0x00, 0x00,
    0x00, 0x04, 0x65, 0x46, 0x40, 0x00, 0x00, 0x00, 0x05, 0x40, 0x00, 0x00, 0x00, 0x00, 0x05, 0x40, 0x00, 0x00, 0x00, 0x04, 0x65, 0x46, 0x40, 0x00,
    0x00, 0x00, 0x6b, 0xa6, 0x00, 0x00, 0x00, 0x00, 0x06, 0x60, 0x00, 0x00, 0x00, 0x00, 0x00, 0x00, 0x00, 0x00, 0x00, 0x00, 0x00, 0x00, 0x00, 0x00,
    0x00, 0x00, 0x00, 0x00, 0x00, 0x00, 0x00, 0x00, 0x00, 0x00, 0x00, 0x00, 0x00, 0x00, 0x06, 0x60, 0x00, 0x00, 0x00, 0x00, 0x6a, 0xa6, 0x00, 0x00,
    0x00, 0x04, 0x65, 0x46, 0x40, 0x00, 0x00, 0x00, 0x05, 0x40, 0x00, 0x00, 0x00, 0x00, 0x05, 0x40, 0x00, 0x00, 0x00, 0x00, 0x05, 0x40, 0x00, 0x00,
    0x00, 0x00, 0x05, 0x40, 0x00, 0x00, 0x00, 0x00, 0x03, 0x30, 0x00, 0x00, 0x00, 0x00, 0x00, 0x00, 0x00, 0x00, 0x00, 0x00, 0x00, 0x00, 0x00, 0x00,
    0x00, 0x00, 0x00, 0x00, 0x00, 0x00, 0x00, 0x00, 0x00, 0x00, 0x00, 0x00, 0x00, 0x00, 0x00, 0x00, 0x00, 0x00, 0x00, 0x00, 0x00, 0x00, 0x06, 0x60,
    0x00, 0x00, 0x00, 0x03, 0xa5, 0x80, 0x00, 0x00, 0x01, 0x88, 0x11, 0x80, 0x00, 0x00, 0x5a, 0x20, 0x01, 0x80, 0x00, 0x2a, 0x50, 0x00, 0x01, 0x80,
    0x05, 0xea, 0x99, 0x99, 0x99, 0x80, 0x00, 0x00, 0x00, 0x00, 0x00, 0x00, 0x00, 0x00, 0x00, 0x00, 0x00, 0x00, 0x00, 0x00, 0x00, 0x00, 0x00, 0x00,
    0x00, 0x00, 0x00, 0x00, 0x00, 0x00, 0x00, 0x00, 0x00, 0x00, 0x00, 0x00, 0x00, 0x00, 0x00, 0x00, 0x00, 0x00, 0x06, 0x60, 0x00, 0x00, 0x06, 0x60,
    0x08, 0x5a, 0x30, 0x03, 0xa5, 0x90, 0x08, 0x11, 0x88, 0x88, 0x10, 0x90, 0x08, 0x10, 0x5a, 0xa5, 0x00, 0x90, 0x08, 0x3a, 0x50, 0x05, 0xa3, 0x90,
    0x08, 0xea, 0x99, 0x99, 0xae, 0x80, 0x00, 0x00, 0x00, 0x00, 0x00, 0x00, 0x00, 0x00, 0x00, 0x00, 0x00, 0x00, 0x00, 0x00, 0x00, 0x00, 0x00, 0x00,
    0x00, 0x00, 0x00, 0x00, 0x00, 0x00, 0x00, 0x00, 0x00, 0x00, 0x00, 0x00, 0x00, 0x00, 0x00, 0x01, 0x60, 0x00, 0x00, 0x05, 0x74, 0x5a, 0xa0, 0x00,
    0x00, 0x0a, 0x2d, 0x60, 0x90, 0x00, 0x00, 0x09, 0x09, 0x00, 0x90, 0x00, 0x00, 0x09, 0x09, 0x00, 0x90, 0x00, 0x00, 0x09, 0x2d, 0x60, 0x90, 0x00,
    0x00, 0x06, 0x75, 0x59, 0xa0, 0x00, 0x00, 0x00, 0x00, 0x02, 0x70, 0x00, 0x00, 0x00, 0x00, 0x00, 0x00, 0x00, 0x00, 0x00, 0x00, 0x00, 0x00, 0x00,
    0x00, 0x00, 0x00, 0x00, 0x00, 0x00, 0x00, 0x00, 0x00, 0x00, 0x00, 0x00, 0x49, 0x99, 0x95, 0x00, 0x00, 0x00, 0x91, 0x00, 0x09, 0x00, 0x00, 0x00,
    0x90, 0x00, 0x09, 0x00, 0x00, 0x00, 0x70, 0x00, 0x07, 0x30, 0x00, 0x01, 0x10, 0x00, 0x03, 0x70, 0x00, 0x07, 0x00, 0x00, 0x00, 0x90, 0x00, 0x09,
    0x00, 0x00, 0x00, 0x90, 0x00, 0x19, 0x00, 0x00, 0x00, 0x49, 0x99, 0x94, 0x00, 0x00, 0x00, 0x00, 0x00, 0x00, 0x00, 0x00, 0x00, 0x00, 0x00, 0x00,
    0x00, 0x00, 0x00, 0x00, 0x00, 0x00, 0x00, 0x00, 0x00, 0x00, 0x00, 0x00, 0x00, 0x05, 0x60, 0x00, 0x70, 0x00, 0x00, 0x07, 0x89, 0x10, 0x90, 0x00,
    0x00, 0x07, 0x23, 0xa2, 0x90, 0x00, 0x04, 0x49, 0x20, 0x19, 0xb6, 0x50, 0x04, 0x49, 0x20, 0x2a, 0xa3, 0x30, 0x00, 0x07, 0x23, 0xa1, 0x90, 0x00,
    0x00, 0x07, 0x88, 0x00, 0x90, 0x00, 0x00, 0x05, 0x60, 0x00, 0x70, 0x00, 0x00, 0x00, 0x00, 0x00, 0x00, 0x00, 0x00, 0x00, 0x00, 0x00, 0x00, 0x00,
    0x00, 0x00, 0x00, 0x00, 0x00, 0x00, 0x00, 0x00, 0x00, 0x00, 0x00, 0x00, 0x44, 0x00, 0x34, 0x00, 0x00, 0x00, 0x9a, 0x00, 0x99, 0x00, 0x00, 0x00,
    0x95, 0x87, 0x69, 0x00, 0x00, 0x00, 0x70, 0x33, 0x07, 0x30, 0x00, 0x01, 0x10, 0x00, 0x03, 0x70, 0x33, 0x07, 0x00, 0x00, 0x00, 0x96, 0x78, 0x59,
    0x00, 0x00, 0x00, 0x99, 0x00, 0xa9, 0x00, 0x00, 0x00, 0x43, 0x00, 0x44, 0x00, 0x00, 0x00, 0x00, 0x00, 0x00, 0x00, 0x00, 0x00, 0x00, 0x00, 0x00,
    0x00, 0x00, 0x00, 0x00, 0x00, 0x00, 0x00, 0x00, 0x04, 0x88, 0x40, 0x00, 0x00, 0x00, 0x86, 0x11, 0x77, 0x00, 0x00, 0x06, 0xd9, 0x50, 0x07, 0x30,
    0x00, 0x8d, 0xff, 0xf9, 0x02, 0x80, 0x04, 0x69, 0xff, 0xff, 0x41, 0x80, 0x08, 0x15, 0xff, 0xff, 0x97, 0x30, 0x08, 0x10, 0xaf, 0xff, 0xd8, 0x00,
    0x04, 0x60, 0x05, 0x9d, 0x60, 0x00, 0x00, 0x86, 0x11, 0x68, 0x00, 0x00, 0x00, 0x04, 0x88, 0x40, 0x00, 0x00, 0x00, 0x00, 0x00, 0x00, 0x00, 0x00,
    0x00, 0x00, 0x00, 0x00, 0x00, 0x00, 0x00, 0x00, 0x00, 0x00, 0x00, 0x00, 0x08, 0x50, 0x00, 0x6a, 0x60, 0x00, 0x00, 0x91, 0x01, 0x90, 0x82, 0x00,
    0x00, 0x37, 0x08, 0x20, 0x29, 0x00, 0x02, 0x08, 0x97, 0x02, 0x07, 0x80, 0x06, 0xa1, 0x01, 0xa7, 0xa1, 0x00, 0x00, 0x2a, 0x4a, 0x20, 0x2a, 0x30,
    0x02, 0x12, 0x51, 0x13, 0x11, 0x40, 0x05, 0xa5, 0x15, 0xa6, 0x96, 0x10, 0x00, 0x05, 0x85, 0x00, 0x04, 0x70, 0x00, 0x00, 0x00, 0x00, 0x00, 0x00,
    0x00, 0x00, 0x00, 0x00, 0x00, 0x00, 0x00, 0x00, 0x03, 0x88, 0x88, 0x30, 0x00, 0x00, 0x06, 0x41, 0x13, 0x80, 0x00, 0x00, 0x06, 0x30, 0x01, 0x80,
    0x00, 0x04, 0x6a, 0x82, 0x01, 0x80, 0x00, 0x09, 0x3a, 0x58, 0x34, 0x80, 0x00, 0x09, 0x08, 0xaa, 0x66, 0x30, 0x02, 0x5a, 0x00, 0x36, 0x00, 0x00,
    0x08, 0x57, 0xa9, 0x94, 0x00, 0x00, 0x08, 0x35, 0x50, 0x00, 0x00, 0x00, 0x03, 0x88, 0x20, 0x00, 0x00, 0x00, 0x00, 0x00, 0x00, 0x00, 0x00, 0x00,
    0x00, 0x00, 0x00, 0x00, 0x00, 0x00, 0x00, 0x00, 0x00, 0x00, 0x00, 0x00, 0x00, 0x21, 0x21, 0x12, 0x12, 0x00, 0x08, 0x8f, 0xbc, 0xda, 0xf8, 0x80,
    0x28, 0x67, 0xc9, 0x9d, 0x76, 0x81, 0x54, 0x91, 0xa5, 0x5a, 0x09, 0x54, 0x54, 0x91, 0xa5, 0x5a, 0x09, 0x54, 0x28, 0x67, 0xc9, 0x9d, 0x76, 0x81,
    0x08, 0x8f, 0xbc, 0xda, 0xf8, 0x80, 0x00, 0x21, 0x21, 0x12, 0x12, 0x00, 0x00, 0x00, 0x00, 0x00, 0x00, 0x00, 0x00, 0x00, 0x00, 0x00, 0x00, 0x00,
    0x00, 0x00, 0x00, 0x00, 0x00, 0x00, 0x00, 0x00, 0x00, 0x00, 0x00, 0x00, 0x00, 0x03, 0x30, 0x00, 0x00, 0x00, 0x00, 0x58, 0x00, 0x00, 0x00, 0x00,
    0x02, 0xe9, 0x99, 0x99, 0x81, 0x00, 0x00, 0x67, 0x00, 0x00, 0x2a, 0x00, 0x00, 0x06, 0x40, 0x00, 0x06, 0x30, 0x00, 0x00, 0x00, 0x00, 0x07, 0x20,
    0x00, 0x00, 0x00, 0x00, 0x49, 0x00, 0x00, 0x99, 0x99, 0x99, 0x60, 0x00, 0x00, 0x00, 0x00, 0x00, 0x00, 0x00, 0x00, 0x00, 0x00, 0x00, 0x00, 0x00,
    0x00, 0x00, 0x00, 0x00, 0x00, 0x00, 0x00, 0x00, 0x00, 0x00, 0x00, 0x00, 0x00, 0x00, 0x00, 0x00, 0x00, 0x00, 0x00, 0x69, 0x99, 0x99, 0x80, 0x00,
    0x00, 0x00, 0x00, 0x02, 0x73, 0x20, 0x00, 0x35, 0x00, 0x04, 0xcc, 0x30, 0x03, 0xbc, 0x50, 0x00, 0x43, 0x00, 0x01, 0x28, 0x20, 0x00, 0x00, 0x00,
    0x00, 0x07, 0x99, 0x99, 0x96, 0x00, 0x00, 0x00, 0x00, 0x00, 0x00, 0x00, 0x00, 0x00, 0x00, 0x00, 0x00, 0x00, 0x00, 0x00, 0x00, 0x00, 0x00, 0x00,
    0x00, 0x00, 0x00, 0x00, 0x00, 0x00, 0x00, 0x00, 0x00, 0x00, 0x00, 0x00, 0xa9, 0x99, 0x9a, 0x30, 0x00, 0x00, 0x40, 0x00, 0x05, 0x40, 0x00, 0x00,
    0x40, 0x00, 0x05, 0x40, 0x00, 0x00, 0x40, 0x00, 0x05, 0x40, 0x00, 0x00, 0x40, 0x00, 0x05, 0x40, 0x00, 0x00, 0x40, 0x00, 0x05, 0x40, 0x00, 0x00,
    0x40, 0x00, 0x05, 0x40, 0x00, 0x00, 0x34, 0x22, 0x44, 0xa9, 0x99, 0x99, 0x00, 0x00, 0x00, 0x00, 0x00, 0x00, 0x00, 0x00, 0x00, 0x00, 0x00, 0x00,
    0x00, 0x00, 0x00, 0x00, 0x00, 0x00, 0x00, 0x00, 0x00, 0x04, 0x00, 0x00, 0x00, 0x00, 0x00, 0x19, 0x00, 0x00, 0x02, 0xb9, 0x99, 0xca, 0x9b, 0x20,
    0x00, 0x85, 0x56, 0xc5, 0x58, 0x00, 0x00, 0x08, 0x7a, 0x47, 0x80, 0x00, 0x00, 0x00, 0x93, 0x39, 0x00, 0x00, 0x00, 0x00, 0x0a, 0xa0, 0x00, 0x00,
    0x00, 0x00, 0x05, 0x50, 0x00, 0x00, 0x00, 0x00, 0x26, 0x62, 0x00, 0x00, 0x00, 0x00, 0x57, 0x75, 0x00, 0x00, 0x00, 0x00, 0x00, 0x00, 0x00, 0x00,
    0x00, 0x00, 0x00, 0x00, 0x00, 0x00, 0x00, 0x05, 0x99, 0x94, 0x00, 0x00, 0x00, 0x09, 0x00, 0x19, 0x00, 0x00, 0x00, 0x09, 0x00, 0x09, 0x02, 0x00,
    0x00, 0x09, 0x00, 0x09, 0x67, 0x00, 0x00, 0x27, 0x00, 0x09, 0x70, 0x00, 0x00, 0x45, 0x00, 0x6c, 0x30, 0x00, 0x00, 0x75, 0x36, 0x96, 0x50, 0x00,
    0x00, 0x96, 0x66, 0x67, 0x70, 0x00, 0x00, 0x90, 0x00, 0x00, 0x90, 0x00, 0x00, 0x79, 0x99, 0x99, 0x60, 0x00, 0x00, 0x00, 0x00, 0x00, 0x00, 0x00,
    0x00, 0x00, 0x00, 0x00, 0x00, 0x00, 0x00, 0x00, 0x00, 0x00, 0x00, 0x00, 0x00, 0x00, 0x00, 0x00, 0x00, 0x00, 0x03, 0x00, 0x30, 0x03, 0x00, 0x30,
    0x09, 0x09, 0x30, 0x03, 0x90, 0x90, 0x09, 0xa8, 0x55, 0x55, 0x7b, 0x90, 0x09, 0xa7, 0x44, 0x44, 0x7a, 0x90, 0x09, 0x09, 0x30, 0x03, 0x90, 0x90,
    0x03, 0x00, 0x30, 0x03, 0x00, 0x30, 0x00, 0x00, 0x00, 0x00, 0x00, 0x00, 0x00, 0x00, 0x00, 0x00, 0x00, 0x00, 0x00, 0x00, 0x00, 0x00, 0x00, 0x00,
    0x48, 0x88, 0x81, 0x18, 0x88, 0x84, 0x82, 0x11, 0x72, 0x37, 0x11, 0x28, 0x81, 0x00, 0x72, 0x36, 0x00, 0x18, 0x81, 0x00, 0x72, 0x36, 0x00, 0x18,
    0x87, 0x77, 0xa2, 0x3a, 0x77, 0x77, 0x12, 0x22, 0x20, 0x02, 0x22, 0x21, 0x12, 0x22, 0x20, 0x02, 0x22, 0x21, 0x87, 0x77, 0xa2, 0x3a, 0x77, 0x77,
    0x81, 0x00, 0x72, 0x36, 0x00, 0x18, 0x81, 0x00, 0x72, 0x36, 0x00, 0x18, 0x82, 0x11, 0x72, 0x37, 0x11, 0x28, 0x48, 0x88, 0x81, 0x18, 0x88, 0x84,
    0x00, 0x00, 0x00, 0x00, 0x00, 0x00, 0x00, 0x00, 0x00, 0x00, 0x00, 0x00, 0x00, 0x00, 0x00, 0x0a, 0x96, 0x00, 0x00, 0x00, 0x00, 0x77, 0x6a, 0x10,
    0x00, 0x00, 0x00, 0xd6, 0x3b, 0x70, 0x05, 0x20, 0x16, 0xd9, 0x9a, 0xc0, 0x0a, 0xa9, 0x9e, 0x20, 0x00, 0x10, 0x05, 0xd9, 0xab, 0x00, 0x00, 0x00,
    0x00, 0xa1, 0x74, 0x00, 0x00, 0x00, 0x00, 0x29, 0x60, 0x00, 0x00, 0x00, 0x00, 0x00, 0x00, 0x00, 0x00, 0x00, 0x00, 0x00, 0x00, 0x00, 0x00, 0x00,
    0x00, 0x00, 0x00, 0x00, 0x00, 0x00, 0x00, 0x00, 0x00, 0x00, 0x00, 0x00, 0x00, 0x00, 0x00, 0x01, 0xa1, 0x00, 0x00, 0x00, 0x00, 0x1a, 0xba, 0x10,
    0x00, 0x00, 0x00, 0x91, 0x92, 0x90, 0x00, 0x00, 0x00, 0x00, 0x90, 0x00, 0x00, 0x00, 0x00, 0x01, 0x80, 0x00, 0x00, 0x00, 0x00, 0x07, 0x30, 0x00,
    0x00, 0x00, 0x00, 0x76, 0x00, 0x00, 0x07, 0x99, 0x99, 0x30, 0x00, 0x00, 0x00, 0x00, 0x00, 0x00, 0x00, 0x00, 0x00, 0x00, 0x00, 0x00, 0x00, 0x00,
    0x00, 0x00, 0x00, 0x00, 0x00, 0x00, 0x00, 0x00, 0x00, 0x00, 0x00, 0x00, 0x08, 0x9a, 0x20, 0x00, 0x00, 0x00, 0x09, 0x06, 0x30, 0x00, 0x00, 0x00,
    0x0a, 0x8b, 0x35, 0x40, 0x00, 0x00, 0x00, 0x11, 0x94, 0x76, 0x00, 0x00, 0x00, 0x00, 0x90, 0x19, 0x21, 0x00, 0x00, 0x00, 0x69, 0xa3, 0x98, 0x00,
    0x00, 0x00, 0x00, 0x02, 0x89, 0x10, 0x00, 0x00, 0x00, 0x07, 0xaa, 0x60, 0x00, 0x00, 0x00, 0x00, 0x00, 0x00, 0x00, 0x00, 0x00, 0x00, 0x00, 0x00,
    0x00, 0x00, 0x00, 0x00, 0x00, 0x00, 0x00, 0x52, 0x04, 0x40, 0x25, 0x00, 0x06, 0x38, 0x27, 0x72, 0x85, 0x60, 0x03, 0x87, 0x19, 0x91, 0x7c, 0x30,
    0x00, 0x20, 0x01, 0x10, 0x08, 0x00, 0x05, 0x78, 0x19, 0x91, 0x8b, 0x50, 0x05, 0xb8, 0x19, 0xd2, 0x9a, 0x50, 0x00, 0x72, 0x01, 0x38, 0x82, 0x00,
    0x03, 0x89, 0x19, 0x91, 0x78, 0x30, 0x06, 0x3a, 0x8c, 0x82, 0x83, 0x60, 0x00, 0x52, 0x04, 0x40, 0x25, 0x00, 0x00, 0x00, 0x00, 0x00, 0x00, 0x00,
    0x00, 0x00, 0x00, 0x00, 0x00, 0x00, 0x00, 0x00, 0x00, 0x00, 0x00, 0x00, 0x00, 0x00, 0x00, 0x00, 0x55, 0x00, 0x00, 0x01, 0x00, 0x00, 0x99, 0x00,
    0x00, 0x3d, 0x00, 0x53, 0x99, 0x33, 0x4a, 0x7b, 0x00, 0x99, 0x96, 0xaa, 0xa5, 0xc8, 0x11, 0x99, 0x90, 0x08, 0x80, 0x16, 0x6c, 0x55, 0x60, 0x06,
    0x20, 0x05, 0xd1, 0x00, 0x00, 0x01, 0x00, 0x01, 0x80, 0x00, 0x00, 0x00, 0x00, 0x00, 0x00, 0x00, 0x00, 0x00, 0x00, 0x00, 0x00, 0x00, 0x00, 0x00,
    0x00, 0x00, 0x00, 0x00, 0x00, 0x00, 0x00, 0x00, 0x00, 0x00, 0x00, 0x00, 0x00, 0x60, 0x51, 0x15, 0x06, 0x00, 0x00, 0x90, 0x72, 0x27, 0x09, 0x00,
    0x00, 0x90, 0x72, 0x27, 0x09, 0x00, 0x00, 0x90, 0x72, 0x27, 0x09, 0x00, 0x00, 0x90, 0x72, 0x27, 0x09, 0x00, 0x00, 0x90, 0x72, 0x27, 0x09, 0x00,
    0x00, 0x90, 0x72, 0x27, 0x09, 0x00, 0x00, 0x50, 0x41, 0x14, 0x05, 0x00, 0x00, 0x00, 0x00, 0x00, 0x00, 0x00, 0x00, 0x00, 0x00, 0x00, 0x00, 0x00,
    0x00, 0x00, 0x00, 0x00, 0x00, 0x00, 0x00, 0x00, 0x25, 0x52, 0x00, 0x00, 0x00, 0x08, 0x84, 0x48, 0x80, 0x00, 0x00, 0x8a, 0x30, 0x01, 0xb8, 0x00,
    0x02, 0x80, 0x93, 0x1a, 0x18, 0x20, 0x05, 0x40, 0x09, 0xa1, 0x04, 0x50, 0x05, 0x40, 0x1a, 0x93, 0x04, 0x50, 0x02, 0x81, 0xa1, 0x09, 0x38, 0x20,
    0x00, 0x8b, 0x10, 0x00, 0xa8, 0x00, 0x00, 0x08, 0x84, 0x48, 0x80, 0x00, 0x00, 0x00, 0x25, 0x52, 0x00, 0x00, 0x00, 0x00, 0x00, 0x00, 0x00, 0x00,
    0x00, 0x00, 0x00, 0x00, 0x00, 0x00, 0x00, 0x52, 0x00, 0x00, 0x00, 0x00, 0x06, 0x7c, 0x71, 0x00, 0x00, 0x00, 0x03, 0x98, 0x3a, 0x10, 0x00, 0x00,
    0x00, 0x00, 0x05, 0x40, 0x00, 0x00, 0x00, 0x00, 0x04, 0x50, 0x00, 0x00, 0x00, 0x00, 0x04, 0x50, 0x00, 0x00, 0x00, 0x00, 0x04, 0x50, 0x00, 0x00,
    0x00, 0x00, 0x01, 0xa3, 0x89, 0x30, 0x00, 0x00, 0x00, 0x17, 0xc7, 0x60, 0x00, 0x00, 0x00, 0x00, 0x25, 0x00, 0x00, 0x00, 0x00, 0x00, 0x00, 0x00,
    0x00, 0x00, 0x00, 0x00, 0x00, 0x00, 0x00, 0x00, 0x00, 0x00, 0x41, 0x00, 0x00, 0x03, 0x00, 0x00, 0x92, 0x00, 0x00, 0x29, 0x11, 0x64, 0x92, 0x00,
    0x05, 0x29, 0x47, 0x74, 0x92, 0x50, 0x0b, 0x29, 0x47, 0x74, 0x92, 0xb0, 0x0b, 0x29, 0x47, 0x74, 0x92, 0xb0, 0x05, 0x29, 0x47, 0x74, 0x92, 0x50,
    0x00, 0x29, 0x11, 0x64, 0x92, 0x00, 0x00, 0x03, 0x00, 0x00, 0x92, 0x00, 0x00, 0x00, 0x00, 0x00, 0x41, 0x00, 0x00, 0x00, 0x00, 0x00, 0x00, 0x00,
    0x58, 0x83, 0x48, 0x84, 0x38, 0x85, 0x91, 0x46, 0x82, 0x28, 0x64, 0x19, 0x92, 0x56, 0x83, 0x38, 0x65, 0x29, 0x47, 0x72, 0x37, 0x73, 0x27, 0x74,
    0x48, 0x83, 0x38, 0x83, 0x38, 0x84, 0x91, 0x46, 0x83, 0x38, 0x64, 0x19, 0x91, 0x46, 0x83, 0x38, 0x64, 0x19, 0x48, 0x83, 0x38, 0x83, 0x38, 0x84,
    0x47, 0x72, 0x37, 0x73, 0x27, 0x74, 0x92, 0x56, 0x83, 0x38, 0x65, 0x29, 0x91, 0x46, 0x82, 0x28, 0x64, 0x19, 0x58, 0x83, 0x48, 0x84, 0x38, 0x85,
    0x00, 0x00, 0x00, 0x00, 0x00, 0x00, 0x00, 0x00, 0x00, 0x1a, 0x00, 0x00, 0x00, 0x00, 0x01, 0xc8, 0x00, 0x00, 0x00, 0x00, 0x0b, 0xf1, 0x00, 0x00,
    0x00, 0x00, 0xaf, 0xc1, 0x00, 0x00, 0x00, 0x09, 0xff, 0xfe, 0x80, 0x00, 0x00, 0x1b, 0xff, 0xff, 0xb0, 0x00, 0x00, 0x00, 0x3f, 0xfa, 0x00, 0x00,
    0x00, 0x00, 0x9f, 0x80, 0x00, 0x00, 0x00, 0x02, 0xe6, 0x00, 0x00, 0x00, 0x00, 0x05, 0x50, 0x00, 0x00, 0x00, 0x00, 0x00, 0x00, 0x00, 0x00, 0x00,
    0x00, 0x00, 0x00, 0x00, 0x00, 0x00, 0x00, 0x04, 0x99, 0x99, 0x40, 0x00, 0x00, 0x77, 0x00, 0x00, 0x77, 0x00, 0x04, 0x70, 0x04, 0x40, 0x07, 0x40,
    0x09, 0x00, 0x04, 0x50, 0x00, 0x90, 0x09, 0x00, 0x04, 0x50, 0x00, 0x90, 0x09, 0x00, 0x01, 0xa1, 0x00, 0x90, 0x09, 0x00, 0x00, 0x16, 0x00, 0x90,
    0x04, 0x70, 0x00, 0x00, 0x07, 0x40, 0x00, 0x77, 0x00, 0x00, 0x77, 0x00, 0x00, 0x04, 0x99, 0x99, 0x40, 0x00, 0x00, 0x00, 0x00, 0x00, 0x00, 0x00,
    0x00, 0x00, 0x00, 0x00, 0x00, 0x00, 0x00, 0x00, 0x25, 0x52, 0x01, 0x50, 0x00, 0x08, 0x84, 0x48, 0x8a, 0x10, 0x00, 0x83, 0x00, 0x01, 0xb8, 0x00,
    0x02, 0x80, 0x00, 0x1a, 0x18, 0x20, 0x05, 0x40, 0x01, 0xa1, 0x04, 0x50, 0x05, 0x40, 0x1a, 0x10, 0x04, 0x50, 0x02, 0x81, 0xa1, 0x00, 0x08, 0x20,
    0x00, 0x8b, 0x10, 0x00, 0x38, 0x00, 0x01, 0xa8, 0x84, 0x48, 0x80, 0x00, 0x05, 0x10, 0x25, 0x52, 0x00, 0x00, 0x00, 0x00, 0x00, 0x00, 0x00, 0x00,
    0x00, 0x00, 0x00, 0x00, 0x00, 0x00, 0x00, 0x00, 0x00, 0x00, 0x00, 0x00, 0x03, 0x80, 0x00, 0x00, 0x00, 0x00, 0x07, 0xb0, 0x4b, 0x00, 0x00, 0x00,
    0x09, 0x72, 0x98, 0x13, 0x80, 0x00, 0x09, 0x54, 0x95, 0x49, 0x73, 0x7a, 0x59, 0x45, 0x93, 0x79, 0x2a, 0x71, 0x79, 0x18, 0x90, 0x83, 0x00, 0x00,
    0xb7, 0x0b, 0x40, 0x00, 0x00, 0x00, 0x83, 0x00, 0x00, 0x00, 0x00, 0x00, 0x00, 0x00, 0x00, 0x00, 0x00, 0x00, 0x00, 0x00, 0x00, 0x00, 0x00, 0x00,
    0x00, 0x00, 0x00, 0x00, 0x00, 0x00, 0x00, 0x01, 0x89, 0x98, 0x10, 0x00, 0x00, 0x0a, 0x20, 0x02, 0xa0, 0x00, 0x00, 0x46, 0x00, 0x00, 0x55, 0x00,
    0x00, 0xab, 0x9a, 0xa9, 0xaa, 0x00, 0x08, 0x86, 0x2a, 0x92, 0x58, 0x80, 0x19, 0x0a, 0xa2, 0x1a, 0xa0, 0x91, 0x37, 0x01, 0xc9, 0x9c, 0x10, 0x73,
    0x19, 0x00, 0x82, 0x19, 0x00, 0x91, 0x07, 0x50, 0x2a, 0x92, 0x05, 0x70, 0x00, 0x6a, 0x99, 0x99, 0xa6, 0x00, 0x00, 0x00, 0x00, 0x00, 0x00, 0x00,
    0x00, 0x00, 0x00, 0x00, 0x00, 0x00, 0x00, 0x00, 0x00, 0x00, 0x00, 0x00, 0x00, 0x00, 0x00, 0x00, 0x00, 0x00, 0x5a, 0x99, 0x99, 0x99, 0x99, 0xa5,
    0x65, 0x70, 0x62, 0x35, 0x17, 0x46, 0x64, 0x24, 0x23, 0x32, 0x42, 0x36, 0x63, 0x05, 0x13, 0x21, 0x40, 0x36, 0x63, 0x29, 0x99, 0x99, 0x92, 0x36,
    0x5a, 0x99, 0x99, 0x99, 0x99, 0xa5, 0x00, 0x00, 0x00, 0x00, 0x00, 0x00, 0x00, 0x00, 0x00, 0x00, 0x00, 0x00, 0x00, 0x00, 0x00, 0x00, 0x00, 0x00,
    0x00, 0x00, 0x00, 0x00, 0x00, 0x00, 0x00, 0x00, 0x00, 0x00, 0x00, 0x00, 0x00, 0x00, 0x00, 0x29, 0x00, 0x00, 0x00, 0x00, 0x00, 0x04, 0x90, 0x00,
    0x01, 0x99, 0x99, 0x99, 0xd5, 0x00, 0x00, 0x00, 0x72, 0x05, 0x80, 0x00, 0x00, 0x08, 0x50, 0x27, 0x00, 0x00, 0x00, 0x4d, 0x99, 0x99, 0x99, 0x10,
    0x00, 0x09, 0x40, 0x00, 0x00, 0x00, 0x00, 0x00, 0x92, 0x00, 0x00, 0x00, 0x00, 0x00, 0x00, 0x00, 0x00, 0x00, 0x00, 0x00, 0x00, 0x00, 0x00, 0x00,
    0x00, 0x00, 0x00, 0x00, 0x00, 0x00, 0x00, 0x01, 0x22, 0x22, 0x10, 0x00, 0x00, 0x0b, 0x77, 0x77, 0xa0, 0x00, 0x00, 0x18, 0x00, 0x00, 0x90, 0x00,
    0x00, 0x54, 0x00, 0x00, 0x64, 0x00, 0x00, 0x81, 0x01, 0x00, 0x28, 0x00, 0x00, 0x98, 0x2b, 0x45, 0x49, 0x00, 0x01, 0x98, 0x2c, 0x79, 0x89, 0x10,
    0x02, 0x77, 0x2b, 0x74, 0x77, 0x20, 0x02, 0xb7, 0x77, 0x77, 0x7b, 0x20, 0x00, 0x22, 0x22, 0x22, 0x22, 0x00, 0x00, 0x00, 0x00, 0x00, 0x00, 0x00,
    0x00, 0x00, 0x00, 0x00, 0x00, 0x00, 0x00, 0x00, 0x00, 0x00, 0x00, 0x00, 0x00, 0x00, 0x19, 0x91, 0x00, 0x00, 0x00, 0x00, 0x82, 0x29, 0x00, 0x00,
    0x00, 0x01, 0x90, 0x09, 0x10, 0x00, 0x00, 0x05, 0x40, 0x04, 0x60, 0x00, 0x00, 0x09, 0x10, 0x00, 0x90, 0x00, 0x00, 0x09, 0x00, 0x00, 0x90, 0x00,
    0x00, 0x37, 0x00, 0x00, 0x63, 0x00, 0x05, 0xa1, 0x00, 0x00, 0x1a, 0x50, 0x00, 0x00, 0x00, 0x00, 0x00, 0x00, 0x00, 0x00, 0x00, 0x00, 0x00, 0x00,
    0x00, 0x00, 0x00, 0x00, 0x00, 0x00, 0x00, 0x00, 0x00, 0x18, 0x94, 0x00, 0x01, 0x10, 0x01, 0xa2, 0x09, 0x20, 0x06, 0x90, 0x2a, 0x10, 0x04, 0x50,
    0x06, 0x89, 0x81, 0x00, 0x03, 0x60, 0x06, 0x30, 0x00, 0x00, 0x03, 0x60, 0x06, 0x30, 0x00, 0x00, 0x03, 0x60, 0x06, 0x30, 0x00, 0x18, 0x98, 0x60,
    0x05, 0x40, 0x01, 0xa2, 0x09, 0x60, 0x02, 0x90, 0x2a, 0x10, 0x01, 0x10, 0x00, 0x49, 0x81, 0x00, 0x00, 0x00, 0x00, 0x00, 0x00, 0x00, 0x00, 0x00,
    0x00, 0x00, 0x00, 0x00, 0x00, 0x00, 0x00, 0x00, 0x00, 0x00, 0x00, 0x00, 0x00, 0x00, 0x39, 0x93, 0x00, 0x00, 0x00, 0x02, 0x90, 0x09, 0x20, 0x00,
    0x00, 0x09, 0x10, 0x01, 0x90, 0x00, 0x00, 0x28, 0x00, 0x00, 0x82, 0x00, 0x00, 0x82, 0x00, 0x00, 0x28, 0x00, 0x01, 0x90, 0x00, 0x00, 0x09, 0x10,
    0x09, 0x20, 0x00, 0x00, 0x02, 0x90, 0x93, 0x00, 0x00, 0x00, 0x00, 0x39, 0x00, 0x00, 0x00, 0x00, 0x00, 0x00, 0x00, 0x00, 0x00, 0x00, 0x00, 0x00,
    0x00, 0x00, 0x00, 0x00, 0x00, 0x00, 0x00, 0x00, 0x00, 0x00, 0x00, 0x00, 0x43, 0x00, 0x34, 0x43, 0x00, 0x43, 0x94, 0x00, 0x4a, 0x5a, 0x00, 0xb4,
    0xd4, 0x00, 0x4d, 0x59, 0x88, 0x94, 0xc4, 0x00, 0x4c, 0x84, 0x32, 0x56, 0x64, 0x33, 0x48, 0xc4, 0x00, 0x5c, 0x5a, 0x88, 0xa5, 0xe4, 0x00, 0x5d,
    0x5b, 0x00, 0xb5, 0xa4, 0x00, 0x59, 0x34, 0x00, 0x43, 0x53, 0x00, 0x34, 0x00, 0x00, 0x00, 0x00, 0x00, 0x00, 0x00, 0x00, 0x00, 0x00, 0x00, 0x00,
    0x00, 0x00, 0x00, 0x00, 0x00, 0x00, 0x00, 0x00, 0x03, 0x30, 0x00, 0x00, 0x00, 0x01, 0xa7, 0x7a, 0x10, 0x00, 0x00, 0x09, 0x20, 0x02, 0x90, 0x00,
    0x00, 0x09, 0x00, 0x00, 0x90, 0x00, 0x00, 0x0c, 0x77, 0x77, 0xc0, 0x00, 0x00, 0x0f, 0xff, 0xff, 0xf0, 0x00, 0x00, 0x0f, 0xff, 0xff, 0xf0, 0x00,
    0x00, 0x0f, 0xff, 0xff, 0xf0, 0x00, 0x00, 0x09, 0xaa, 0xaa, 0x90, 0x00, 0x00, 0x00, 0x00, 0x00, 0x00, 0x00, 0x00, 0x00, 0x00, 0x00, 0x00, 0x00,
    0x00, 0x00, 0x00, 0x00, 0x00, 0x00, 0x00, 0x00, 0x00, 0x00, 0x00, 0x00, 0x00, 0x89, 0x99, 0x99, 0x98, 0x00, 0x00, 0x93, 0x00, 0x00, 0x49, 0x00,
    0x00, 0x09, 0x30, 0x04, 0x90, 0x00, 0x00, 0x00, 0x93, 0x39, 0x00, 0x00, 0x00, 0x00, 0x36, 0x73, 0x00, 0x00, 0x00, 0x00, 0x36, 0x73, 0x00, 0x00,
    0x00, 0x00, 0x36, 0x73, 0x00, 0x00, 0x00, 0x00, 0x19, 0x91, 0x00, 0x00, 0x00, 0x00, 0x00, 0x00, 0x00, 0x00, 0x00, 0x00, 0x00, 0x00, 0x00, 0x00,
    0x00, 0x00, 0x00, 0x00, 0x00, 0x00, 0x0b, 0x99, 0x99, 0x99, 0x99, 0xb0, 0x09, 0x00, 0x00, 0x03, 0x82, 0x90, 0x09, 0x00, 0x00, 0x0c, 0xf8, 0x90,
    0x09, 0x00, 0x01, 0x16, 0xc3, 0x90, 0x09, 0x00, 0x1e, 0xe1, 0x00, 0x90, 0x09, 0x00, 0x1e, 0xe1, 0x00, 0x90, 0x09, 0x3c, 0x51, 0x10, 0x00, 0x90,
    0x09, 0x8f, 0xc0, 0x00, 0x00, 0x90, 0x09, 0x18, 0x30, 0x00, 0x00, 0x90, 0x0b, 0x99, 0x99, 0x99, 0x99, 0xb0, 0x00, 0x00, 0x00, 0x00, 0x00, 0x00,
    0x00, 0x00, 0x00, 0x00, 0x00, 0x00, 0x00, 0x00, 0x00, 0x00, 0x00, 0x00, 0x00, 0x00, 0x00, 0x00, 0x00, 0x00, 0x00, 0x00, 0x00, 0x30, 0x02, 0x10,
    0x00, 0x00, 0x00, 0x58, 0x07, 0x20, 0x00, 0x44, 0x44, 0x49, 0x87, 0x20, 0x01, 0x55, 0x55, 0x59, 0x87, 0x20, 0x00, 0x00, 0x00, 0x58, 0x07, 0x20,
    0x00, 0x00, 0x00, 0x40, 0x03, 0x10, 0x00, 0x00, 0x00, 0x00, 0x00, 0x00, 0x00, 0x00, 0x00, 0x00, 0x00, 0x00, 0x00, 0x00, 0x00, 0x00, 0x00, 0x00,
    0x00, 0x00, 0x00, 0x00, 0x00, 0x00, 0x00, 0x00, 0x00, 0x04, 0x10, 0x00, 0x00, 0x00, 0x00, 0x07, 0x20, 0x00, 0x00, 0x00, 0x00, 0x07, 0x20, 0x00,
    0x00, 0x00, 0x00, 0x07, 0x20, 0x00, 0x00, 0x00, 0x00, 0x07, 0x20, 0x00, 0x00, 0x00, 0x00, 0x07, 0x20, 0x00, 0x00, 0x00, 0x17, 0xbc, 0x20, 0x00,
    0x00, 0x00, 0xbf, 0xff, 0x10, 0x00, 0x00, 0x01, 0xff, 0xfa, 0x00, 0x00, 0x00, 0x00, 0x58, 0x50, 0x00, 0x00, 0x00, 0x00, 0x00, 0x00, 0x00, 0x00,
    0x00, 0x00, 0x00, 0x00, 0x00, 0x00, 0x00, 0x00, 0x00, 0x00, 0x00, 0x00, 0x07, 0xcc, 0x30, 0x00, 0x00, 0x00, 0x09, 0xff, 0x40, 0x00, 0x00, 0x00,
    0x09, 0xff, 0x45, 0x50, 0x00, 0x00, 0x00, 0x11, 0x9f, 0xf6, 0x00, 0x00, 0x00, 0x00, 0xcf, 0xf9, 0x21, 0x00, 0x00, 0x00, 0x5f, 0xe3, 0x99, 0x00,
    0x00, 0x00, 0x00, 0x02, 0xff, 0x20, 0x00, 0x00, 0x00, 0x06, 0xcc, 0x70, 0x00, 0x00, 0x00, 0x00, 0x00, 0x00, 0x00, 0x00, 0x00, 0x00, 0x00, 0x00,
    0x00, 0x00, 0x13, 0x31, 0x00, 0x00, 0x00, 0x19, 0x96, 0x69, 0x91, 0x00, 0x01, 0xa2, 0x02, 0x40, 0x2a, 0x10, 0x09, 0x24, 0x42, 0x42, 0x52, 0x90,
    0x19, 0x02, 0x20, 0x01, 0x30, 0x91, 0x36, 0x34, 0x00, 0x00, 0x23, 0x63, 0x36, 0x23, 0x00, 0x00, 0x34, 0x63, 0x19, 0x00, 0x00, 0x00, 0x00, 0x91,
    0x09, 0x20, 0x03, 0x40, 0x02, 0x90, 0x01, 0xa2, 0x96, 0x6a, 0x2a, 0x10, 0x00, 0x19, 0xb6, 0x6b, 0x91, 0x00, 0x00, 0x00, 0x13, 0x31, 0x00, 0x00,
    0x00, 0x00, 0x00, 0x00, 0x00, 0x00, 0x00, 0x00, 0x14, 0x00, 0x00, 0x00, 0x00, 0x00, 0x28, 0x00, 0x00, 0x00, 0x00, 0x00, 0x28, 0x00, 0x10, 0x00,
    0x08, 0x43, 0x28, 0x22, 0xb1, 0x00, 0x09, 0x07, 0x79, 0xa1, 0x85, 0x30, 0x09, 0x00, 0x7c, 0x10, 0x82, 0x90, 0x09, 0x00, 0x00, 0x00, 0x81, 0x90,
    0x06, 0x99, 0x99, 0x99, 0xa0, 0x90, 0x00, 0x17, 0x22, 0x22, 0x23, 0x90, 0x00, 0x05, 0x77, 0x77, 0x77, 0x20, 0x00, 0x00, 0x00, 0x00, 0x00, 0x00,
    0x00, 0x00, 0x00, 0x00, 0x00, 0x00, 0x00, 0x00, 0x00, 0x00, 0x00, 0x00, 0x3b, 0x99, 0xb0, 0x00, 0x00, 0x00, 0x73, 0x88, 0xba, 0x88, 0x88, 0x84,
    0x74, 0x71, 0x11, 0x11, 0x11, 0x55, 0x78, 0x30, 0x00, 0x00, 0x00, 0x81, 0x7b, 0x00, 0x00, 0x00, 0x00, 0x90, 0x7a, 0x00, 0x00, 0x00, 0x01, 0x80,
    0x76, 0x00, 0x00, 0x00, 0x05, 0x40, 0x7a, 0x99, 0x99, 0x99, 0x9b, 0x00, 0x00, 0x00, 0x00, 0x00, 0x00, 0x00, 0x00, 0x00, 0x00, 0x00, 0x00, 0x00,
    0x00, 0x00, 0x00, 0x00, 0x00, 0x00, 0x00, 0x00, 0x03, 0x40, 0x00, 0x00, 0x00, 0x05, 0x5c, 0xc5, 0x50, 0x00, 0x00, 0x1a, 0x44, 0x44, 0xa1, 0x00,
    0x00, 0x0c, 0x99, 0x99, 0xc1, 0x00, 0x00, 0x09, 0x07, 0x70, 0x90, 0x00, 0x00, 0x09, 0x09, 0x90, 0x90, 0x00, 0x00, 0x09, 0x09, 0x90, 0x90, 0x00,
    0x00, 0x09, 0x09, 0x90, 0x90, 0x00, 0x00, 0x09, 0x55, 0x55, 0x90, 0x00, 0x00, 0x02, 0x44, 0x44, 0x20, 0x00, 0x00, 0x00, 0x00, 0x00, 0x00, 0x00,
    0x00, 0x00, 0x00, 0x00, 0x00, 0x00, 0x00, 0x00, 0x00, 0x00, 0x00, 0x00, 0x03, 0x99, 0x30, 0x00, 0x00, 0x00, 0x29, 0x00, 0x92, 0x00, 0x00, 0x00,
    0x91, 0x00, 0x19, 0x00, 0x00, 0x00, 0x80, 0x00, 0x08, 0x20, 0x00, 0x01, 0x10, 0x00, 0x02, 0x80, 0x00, 0x08, 0x00, 0x00, 0x00, 0x91, 0x00, 0x19,
    0x00, 0x00, 0x00, 0x29, 0x00, 0x92, 0x00, 0x00, 0x00, 0x03, 0x99, 0x30, 0x00, 0x00, 0x00, 0x00, 0x00, 0x00, 0x00, 0x00, 0x00, 0x00, 0x00, 0x00,
    0x00, 0x00, 0x00, 0x00, 0x00, 0x00, 0x00, 0x00, 0x00, 0x00, 0x00, 0x00, 0x00, 0x65, 0x00, 0x00, 0x00, 0x00, 0x04, 0x88, 0x40, 0x00, 0x00, 0x00,
    0x39, 0x00, 0x92, 0x00, 0x00, 0x00, 0xa1, 0x00, 0x1a, 0x10, 0x00, 0x01, 0x10, 0x00, 0x02, 0xa0, 0x00, 0x1a, 0x00, 0x00, 0x00, 0x39, 0x00, 0x93,
    0x00, 0x00, 0x00, 0x04, 0x88, 0x40, 0x00, 0x00, 0x00, 0x00, 0x66, 0x00, 0x00, 0x00, 0x00, 0x00, 0x00, 0x00, 0x00, 0x00, 0x00, 0x00, 0x00, 0x00,
    0x00, 0x00, 0x00, 0x00, 0x00, 0x00, 0x00, 0x00, 0x00, 0x00, 0x00, 0x00, 0x00, 0x00, 0x18, 0x30, 0x00, 0x00, 0x00, 0x06, 0xa7, 0x40, 0x00, 0x00,
    0x04, 0xa4, 0x05, 0x40, 0x00, 0x00, 0x97, 0x00, 0x05, 0x40, 0x00, 0x02, 0x10, 0x00, 0x05, 0x40, 0x00, 0x79, 0x00, 0x00, 0x05, 0x40, 0x5a, 0x30,
    0x00, 0x00, 0x05, 0x7a, 0x60, 0x00, 0x00, 0x00, 0x03, 0x81, 0x00, 0x00, 0x00, 0x00, 0x00, 0x00, 0x00, 0x00, 0x00, 0x00, 0x00, 0x00, 0x00, 0x00,
    0x00, 0x00, 0x00, 0x00, 0x00, 0x00, 0x00, 0x00, 0x00, 0x00, 0x00, 0x00, 0xa9, 0x99, 0x9a, 0x30, 0x00, 0x00, 0x40, 0x00, 0x05, 0x40, 0x00, 0x00,
    0x40, 0x00, 0x05, 0x40, 0x00, 0x00, 0x40, 0x00, 0x05, 0x40, 0x00, 0x01, 0x10, 0x00, 0x05, 0x40, 0x00, 0x05, 0x00, 0x00, 0x05, 0x40, 0x00, 0x05,
    0x00, 0x00, 0x05, 0x40, 0x00, 0x05, 0x00, 0x00, 0x03, 0xa9, 0x99, 0x9a, 0x00, 0x00, 0x00, 0x00, 0x00, 0x00, 0x00, 0x00, 0x00, 0x00, 0x00, 0x00,
    0x00, 0x00, 0x00, 0x00, 0x00, 0x00, 0x00, 0x00, 0x00, 0x00, 0x00, 0x00, 0xa9, 0xa3, 0x00, 0x00, 0x00, 0x00, 0x40, 0x54, 0x00, 0x00, 0x00, 0x00,
    0x40, 0x54, 0x00, 0x00, 0x00, 0x00, 0x40, 0x54, 0x00, 0x00, 0x00, 0x00, 0x40, 0x54, 0x00, 0x00, 0x00, 0x00, 0x40, 0x54, 0x00, 0x00, 0x00, 0x00,
    0x40, 0x54, 0x00, 0x00, 0x00, 0x00, 0x30, 0x4a, 0x99, 0x99, 0x99, 0x99, 0x00, 0x00, 0x00, 0x00, 0x00, 0x00, 0x00, 0x00, 0x00, 0x00, 0x00, 0x00,
    0x00, 0x00, 0x00, 0x00, 0x00, 0x00, 0x00, 0x00, 0x00, 0x00, 0x00, 0x00, 0xa9, 0x99, 0x9a, 0x30, 0x00, 0x00, 0x40, 0x00, 0x05, 0x40, 0x00, 0x00,
    0x40, 0x00, 0x05, 0x40, 0x00, 0x00, 0x40, 0x00, 0x05, 0x40, 0x00, 0x00, 0x40, 0x00, 0x05, 0x40, 0x00, 0x00, 0x40, 0x00, 0x05, 0x40, 0x00, 0x00,
    0x40, 0x00, 0x05, 0x40, 0x00, 0x00, 0x30, 0x00, 0x03, 0xa9, 0x99, 0x99, 0x00, 0x00, 0x00, 0x00, 0x00, 0x00, 0x00, 0x00, 0x00, 0x00, 0x00, 0x00,
    0x00, 0x00, 0x00, 0x00, 0x00, 0x00, 0x00, 0x00, 0x00, 0x00, 0x00, 0x00, 0x00, 0x79, 0xa4, 0x00, 0x00, 0x00, 0x00, 0x81, 0x45, 0x02, 0x66, 0x10,
    0x00, 0x81, 0x45, 0x06, 0x67, 0x50, 0x72, 0x81, 0x45, 0x06, 0x34, 0x57, 0x55, 0x81, 0x2a, 0x66, 0x34, 0x69, 0x45, 0x81, 0x02, 0x76, 0x34, 0x68,
    0x48, 0xa1, 0x01, 0x99, 0x14, 0x68, 0x15, 0x50, 0x00, 0x00, 0x04, 0xb7, 0x00, 0x00, 0x00, 0x00, 0x00, 0x00, 0x00, 0x00, 0x00, 0x00, 0x00, 0x00,
    0x00, 0x00, 0x00, 0x00, 0x00, 0x00, 0x00, 0x00, 0x00, 0x00, 0x00, 0x00, 0x07, 0x97, 0x98, 0x00, 0x00, 0x00, 0x55, 0x1e, 0x24, 0x70, 0x00, 0x00,
    0xa0, 0x65, 0x80, 0x90, 0x00, 0x00, 0x60, 0xa0, 0x90, 0x55, 0x02, 0x01, 0x00, 0x20, 0x64, 0x19, 0x09, 0x08, 0x00, 0x00, 0x19, 0x09, 0x65, 0x09,
    0x00, 0x00, 0x08, 0x33, 0xd0, 0x74, 0x00, 0x00, 0x00, 0x89, 0x79, 0x60, 0x00, 0x00, 0x00, 0x00, 0x00, 0x00, 0x00, 0x00, 0x00, 0x00, 0x00, 0x00,
    0x00, 0x00, 0x00, 0x00, 0x00, 0x00, 0x00, 0x00, 0x00, 0x00, 0x00, 0x00, 0xa9, 0x00, 0x00, 0x00, 0x00, 0x00, 0x49, 0x00, 0x00, 0x00, 0x00, 0x00,
    0x49, 0x00, 0x00, 0x00, 0x00, 0x00, 0x49, 0x00, 0x00, 0x00, 0x00, 0x00, 0x49, 0x00, 0x00, 0x00, 0x00, 0x00, 0x49, 0x00, 0x00, 0x00, 0x00, 0x00,
    0x49, 0x00, 0x00, 0x00, 0x00, 0x00, 0x39, 0x99, 0x99, 0x99, 0x99, 0x99, 0x00, 0x00, 0x00, 0x00, 0x00, 0x00, 0x00, 0x00, 0x00, 0x00, 0x00, 0x00,
    0x00, 0x00, 0x00, 0x00, 0x00, 0x00, 0x00, 0x00, 0x00, 0x00, 0x00, 0x00, 0x00, 0x00, 0x03, 0x81, 0x00, 0x00, 0x00, 0x00, 0x05, 0x7a, 0x60, 0x00,
    0x00, 0x00, 0x05, 0x40, 0x5a, 0x30, 0x10, 0x00, 0x05, 0x40, 0x01, 0x79, 0x97, 0x00, 0x05, 0x40, 0x00, 0x02, 0x04, 0xa4, 0x05, 0x40, 0x00, 0x00,
    0x00, 0x06, 0x97, 0x40, 0x00, 0x00, 0x00, 0x00, 0x19, 0x30, 0x00, 0x00, 0x00, 0x00, 0x00, 0x00, 0x00, 0x00, 0x00, 0x00, 0x00, 0x00, 0x00, 0x00,
    0x00, 0x00, 0x00, 0x00, 0x00, 0x00, 0x00, 0x00, 0x00, 0x00, 0x00, 0x00, 0x00, 0x00, 0x06, 0x60, 0x00, 0x00, 0x00, 0x00, 0x48, 0x84, 0x00, 0x00,
    0x00, 0x03, 0x90, 0x09, 0x30, 0x00, 0x00, 0x1a, 0x10, 0x01, 0xa1, 0x00, 0x01, 0xa1, 0x00, 0x00, 0x1a, 0x10, 0x09, 0x30, 0x00, 0x00, 0x03, 0x90,
    0x84, 0x00, 0x00, 0x00, 0x00, 0x48, 0x60, 0x00, 0x00, 0x00, 0x00, 0x06, 0x00, 0x00, 0x00, 0x00, 0x00, 0x00, 0x00, 0x00, 0x00, 0x00, 0x00, 0x00,
    0x00, 0x00, 0x00, 0x00, 0x00, 0x00, 0x00, 0x00, 0x00, 0x00, 0x00, 0x00, 0x60, 0x00, 0x00, 0x00, 0x00, 0x06, 0x84, 0x00, 0x00, 0x00, 0x00, 0x48,
    0x09, 0x30, 0x00, 0x00, 0x03, 0x90, 0x01, 0xa1, 0x00, 0x00, 0x1a, 0x10, 0x00, 0x1a, 0x10, 0x01, 0xa1, 0x00, 0x00, 0x03, 0x90, 0x09, 0x30, 0x00,
    0x00, 0x00, 0x48, 0x84, 0x00, 0x00, 0x00, 0x00, 0x06, 0x60, 0x00, 0x00, 0x00, 0x00, 0x00, 0x00, 0x00, 0x00, 0x00, 0x00, 0x00, 0x00, 0x00, 0x00,
    0x00, 0x00, 0x00, 0x00, 0x00, 0x00, 0x00, 0x00, 0x00, 0x00, 0x00, 0x00, 0x00, 0x00, 0x00, 0x00, 0x00, 0x00, 0x00, 0x12, 0x22, 0x22, 0x21, 0x00,
    0x05, 0x97, 0xd7, 0x7d, 0x89, 0x50, 0x09, 0x00, 0x55, 0x46, 0x00, 0x90, 0x09, 0x00, 0x54, 0x46, 0x00, 0x90, 0x05, 0x97, 0x90, 0x09, 0x89, 0x50,
    0x00, 0x12, 0x00, 0x00, 0x11, 0x00, 0x00, 0x00, 0x00, 0x00, 0x00, 0x00, 0x00, 0x00, 0x00, 0x00, 0x00, 0x00, 0x00, 0x00, 0x00, 0x00, 0x00, 0x00,
    0x00, 0x00, 0x00, 0x00, 0x00, 0x00, 0x00, 0x00, 0x00, 0x00, 0x00, 0x00, 0x00, 0x00, 0x00, 0x00, 0x00, 0x00, 0x00, 0x49, 0x81, 0x18, 0x94, 0x00,
    0x3a, 0x61, 0x29, 0x92, 0x16, 0xa3, 0xbb, 0x74, 0x32, 0x23, 0x47, 0xbb, 0x1a, 0x55, 0x67, 0x76, 0x55, 0xa1, 0x01, 0x88, 0x30, 0x03, 0x88, 0x10,
    0x00, 0x02, 0x79, 0x97, 0x20, 0x00, 0x00, 0x00, 0x00, 0x00, 0x00, 0x00, 0x00, 0x00, 0x00, 0x00, 0x00, 0x00, 0x00, 0x00, 0x00, 0x00, 0x00, 0x00,
    0x00, 0x00, 0x00, 0x00, 0x00, 0x00, 0x00, 0x00, 0x00, 0x00, 0x00, 0x00, 0x08, 0x9a, 0x20, 0x00, 0x00, 0x00, 0x09, 0x06, 0x30, 0x00, 0x00, 0x00,
    0x0a, 0x8b, 0x35, 0x40, 0x00, 0x00, 0x00, 0x11, 0x94, 0x76, 0x00, 0x00, 0x00, 0x00, 0x90, 0x19, 0x21, 0x00, 0x00, 0x00, 0x69, 0xa3, 0x98, 0x00,
    0x00, 0x00, 0x00, 0x02, 0x89, 0x10, 0x00, 0x00, 0x00, 0x07, 0xaa, 0x60, 0x00, 0x00, 0x00, 0x00, 0x00, 0x00, 0x00, 0x00, 0x00, 0x00, 0x00, 0x00,
    0x00, 0x00, 0x00, 0x00, 0x00, 0x00, 0x0b, 0x99, 0x4b, 0xa4, 0x99, 0xb0, 0x09, 0x09, 0x54, 0x45, 0x90, 0x90, 0x09, 0x09, 0x54, 0x45, 0x90, 0x90,
    0x09, 0x09, 0x54, 0x45, 0x90, 0x90, 0x09, 0x09, 0x5b, 0xb5, 0x90, 0x90, 0x09, 0x09, 0x54, 0x45, 0xa9, 0xc0, 0x0c, 0x9a, 0x54, 0x45, 0x90, 0x90,
    0x09, 0x09, 0x39, 0x93, 0x90, 0x90, 0x09, 0x09, 0x00, 0x00, 0x79, 0x90, 0x0b, 0x99, 0x00, 0x00, 0x00, 0x00, 0x00, 0x00, 0x00, 0x00, 0x00, 0x00,
    0x00, 0x00, 0x00, 0x00, 0x00, 0x00, 0x00, 0x00, 0x00, 0x00, 0x00, 0x00, 0x00, 0x00, 0x00, 0x00, 0x00, 0x00, 0x01, 0x99, 0x99, 0x99, 0x99, 0x10,
    0x07, 0x20, 0x00, 0x00, 0x02, 0x70, 0x08, 0x34, 0x24, 0x42, 0x42, 0x80, 0x08, 0x69, 0x8b, 0xb8, 0x96, 0x80, 0x07, 0x66, 0x89, 0x98, 0x66, 0x70,
    0x03, 0x91, 0x85, 0x58, 0x19, 0x30, 0x00, 0x00, 0x00, 0x00, 0x00, 0x00, 0x00, 0x00, 0x00, 0x00, 0x00, 0x00, 0x00, 0x00, 0x00, 0x00, 0x00, 0x00,
    0x00, 0x00, 0x00, 0x00, 0x00, 0x00, 0x00, 0x00, 0x00, 0x00, 0x00, 0x00, 0x00, 0x01, 0x31, 0x00, 0x00, 0x00, 0x00, 0x3a, 0x6a, 0x35, 0x20, 0x00,
    0x00, 0x90, 0x01, 0x94, 0x93, 0x00, 0x01, 0xb0, 0x00, 0x00, 0x2a, 0x10, 0x09, 0x20, 0x00, 0x00, 0x03, 0x90, 0x09, 0x00, 0x00, 0x00, 0x00, 0x90,
    0x06, 0x97, 0x77, 0x77, 0x79, 0x60, 0x00, 0x12, 0x22, 0x22, 0x21, 0x00, 0x00, 0x00, 0x00, 0x00, 0x00, 0x00, 0x00, 0x00, 0x00, 0x00, 0x00, 0x00,
    0x00, 0x00, 0x00, 0x00, 0x00, 0x00, 0x00, 0x01, 0x68, 0x86, 0x10, 0x00, 0x00, 0x69, 0x31, 0x13, 0x96, 0x00, 0x01, 0x90, 0x00, 0x00, 0x09, 0x10,
    0x01, 0x80, 0x00, 0x00, 0x08, 0x10, 0x00, 0x90, 0x00, 0x00, 0x09, 0x00, 0x00, 0x73, 0x00, 0x00, 0x37, 0x00, 0x00, 0x19, 0x00, 0x00, 0x91, 0x00,
    0x00, 0x06, 0x50, 0x04, 0x60, 0x00, 0x00, 0x00, 0x94, 0x49, 0x00, 0x00, 0x00, 0x00, 0x06, 0x60, 0x00, 0x00, 0x00, 0x00, 0x00, 0x00, 0x00, 0x00,
    0x00, 0x00, 0x00, 0x00, 0x00, 0x00, 0x00, 0x00, 0x00, 0x00, 0x00, 0x00, 0x00, 0x00, 0x00, 0x02, 0x00, 0x00, 0x00, 0x05, 0x99, 0x9d, 0x50, 0x00,
    0x00, 0x66, 0x01, 0x6c, 0xcb, 0x00, 0x00, 0x93, 0x99, 0xc1, 0x09, 0x00, 0x00, 0xc1, 0x03, 0x40, 0x1c, 0x00, 0x00, 0xba, 0x63, 0x36, 0xaa, 0x00,
    0x00, 0x92, 0x36, 0x63, 0x29, 0x00, 0x00, 0x19, 0x85, 0x58, 0x91, 0x00, 0x00, 0x00, 0x24, 0x41, 0x00, 0x00, 0x00, 0x00, 0x00, 0x00, 0x00, 0x00,
    0x00, 0x00, 0x00, 0x00, 0x00, 0x00, 0x00, 0x00, 0x00, 0x00, 0x00, 0x00, 0x00, 0x00, 0x00, 0x00, 0x00, 0x00, 0x00, 0x00, 0x00, 0x00, 0x00, 0x00,
    0x03, 0x99, 0x99, 0x99, 0x99, 0x30, 0x0a, 0x14, 0x44, 0x44, 0x41, 0xa0, 0x0a, 0x25, 0x55, 0x55, 0x52, 0xa0, 0x03, 0x99, 0x99, 0x99, 0x99, 0x30,
    0x00, 0x00, 0x00, 0x00, 0x00, 0x00, 0x00, 0x00, 0x00, 0x00, 0x00, 0x00, 0x00, 0x00, 0x00, 0x00, 0x00, 0x00, 0x00, 0x00, 0x00, 0x00, 0x00, 0x00,
    0x00, 0x00, 0x00, 0x00, 0x00, 0x00, 0x00, 0x00, 0x05, 0x50, 0x00, 0x00, 0x00, 0x00, 0x0d, 0xd0, 0x00, 0x00, 0x00, 0x00, 0x3f, 0xf3, 0x00, 0x00,
    0x06, 0xdd, 0xef, 0xfd, 0xcc, 0x60, 0x04, 0xef, 0xff, 0xff, 0xfe, 0x40, 0x00, 0x2b, 0xff, 0xff, 0xb2, 0x00, 0x00, 0x08, 0xff, 0xff, 0x80, 0x00,
    0x00, 0x0d, 0xfd, 0xdf, 0xd0, 0x00, 0x00, 0x1f, 0xa1, 0x1a, 0xf1, 0x00, 0x00, 0x02, 0x00, 0x00, 0x20, 0x00, 0x00, 0x00, 0x00, 0x00, 0x00, 0x00,
    0x00, 0x00, 0x00, 0x00, 0x00, 0x00, 0x00, 0x00, 0x06, 0x60, 0x00, 0x00, 0x00, 0x00, 0x09, 0x90, 0x00, 0x00, 0x00, 0x00, 0x36, 0x63, 0x00, 0x00,
    0x06, 0x99, 0xa1, 0x19, 0x99, 0x60, 0x04, 0x91, 0x00, 0x00, 0x19, 0x40, 0x00, 0x2a, 0x20, 0x02, 0xa2, 0x00, 0x00, 0x08, 0x20, 0x02, 0x80, 0x00,
    0x00, 0x09, 0x2a, 0xa2, 0x90, 0x00, 0x00, 0x1c, 0x91, 0x19, 0xc1, 0x00, 0x00, 0x01, 0x00, 0x00, 0x10, 0x00, 0x00, 0x00, 0x00, 0x00, 0x00, 0x00,
    0x00, 0x00, 0x00, 0x00, 0x00, 0x00, 0x00, 0x00, 0x00, 0x00, 0x00, 0x00, 0x00, 0x00, 0x00, 0x00, 0x00, 0x00, 0x00, 0x00, 0x00, 0x00, 0x09, 0x10,
    0x00, 0x00, 0x00, 0x00, 0x93, 0x00, 0x00, 0x00, 0x00, 0x09, 0x30, 0x00, 0x01, 0xa1, 0x00, 0x93, 0x00, 0x00, 0x00, 0x2a, 0x19, 0x30, 0x00, 0x00,
    0x00, 0x02, 0xb3, 0x00, 0x00, 0x00, 0x00, 0x00, 0x00, 0x00, 0x00, 0x00, 0x00, 0x00, 0x00, 0x00, 0x00, 0x00, 0x00, 0x00, 0x00, 0x00, 0x00, 0x00,
    0x00, 0x00, 0x00, 0x00, 0x00, 0x00, 0x00, 0x00, 0x2a, 0xa1, 0x00, 0x00, 0x00, 0x6b, 0x86, 0x78, 0xb5, 0x00, 0x00, 0xb1, 0x40, 0x04, 0x1b, 0x00,
    0x02, 0x84, 0x29, 0x92, 0x58, 0x20, 0x0a, 0x60, 0x91, 0x19, 0x06, 0xa0, 0x0a, 0x70, 0x91, 0x19, 0x07, 0xa0, 0x01, 0x84, 0x29, 0x92, 0x57, 0x10,
    0x00, 0xb1, 0x50, 0x05, 0x1b, 0x00, 0x00, 0x5b, 0x86, 0x77, 0xb5, 0x00, 0x00, 0x00, 0x2a, 0xa1, 0x00, 0x00, 0x00, 0x00, 0x00, 0x00, 0x00, 0x00,
    0x00, 0x00, 0x00, 0x00, 0x00, 0x00, 0x00, 0x00, 0x03, 0x30, 0x00, 0x00, 0x00, 0x01, 0xa7, 0x7a, 0x10, 0x00, 0x00, 0x09, 0x20, 0x02, 0x90, 0x00,
    0x00, 0x09, 0x00, 0x00, 0x90, 0x00, 0x00, 0x0c, 0x77, 0x77, 0xc0, 0x00, 0x00, 0x0f, 0xff, 0xff, 0xf0, 0x00, 0x00, 0x0f, 0xff, 0xff, 0xf0, 0x00,
    0x00, 0x0f, 0xff, 0xff, 0xf0, 0x00, 0x00, 0x09, 0xaa, 0xaa, 0x90, 0x00, 0x00, 0x00, 0x00, 0x00, 0x00, 0x00, 0x00, 0x00, 0x00, 0x00, 0x00, 0x00,
    0x00, 0x00, 0x00, 0x00, 0x00, 0x00, 0x00, 0x00, 0x00, 0x00, 0x00, 0x00, 0x06, 0xa9, 0x9a, 0x00, 0x00, 0x00, 0x0a, 0x98, 0x8d, 0x88, 0x88, 0x60,
    0x09, 0x11, 0x11, 0x11, 0x11, 0x90, 0x09, 0x00, 0x00, 0x00, 0x00, 0x90, 0x09, 0x00, 0x00, 0x00, 0x00, 0x90, 0x09, 0x00, 0x00, 0x00, 0x00, 0x90,
    0x09, 0x00, 0x00, 0x00, 0x00, 0x90, 0x09, 0x99, 0x99, 0x99, 0x99, 0x90, 0x00, 0x00, 0x00, 0x00, 0x00, 0x00, 0x00, 0x00, 0x00, 0x00, 0x00, 0x00,
    0x00, 0x00, 0x00, 0x00, 0x00, 0x00, 0x00, 0x16, 0x66, 0x20, 0x00, 0x00, 0x00, 0x47, 0x37, 0xc2, 0x00, 0x00, 0x00, 0x45, 0x04, 0x5a, 0x20, 0x00,
    0x00, 0x45, 0x04, 0x97, 0xd2, 0x00, 0x00, 0x45, 0x00, 0x22, 0x64, 0x00, 0x00, 0x45, 0x00, 0x00, 0x54, 0x00, 0x00, 0x45, 0x00, 0x00, 0x54, 0x00,
    0x00, 0x45, 0x00, 0x00, 0x54, 0x00, 0x00, 0x47, 0x33, 0x33, 0x74, 0x00, 0x00, 0x16, 0x66, 0x66, 0x61, 0x00, 0x00, 0x00, 0x00, 0x00, 0x00, 0x00,
    0x00, 0x00, 0x00, 0x00, 0x00, 0x00, 0x00, 0x00, 0x00, 0x00, 0x00, 0x00, 0x00, 0x00, 0x04, 0x40, 0x00, 0x00, 0x00, 0x00, 0x05, 0x40, 0x00, 0x00,
    0x00, 0x00, 0x05, 0x40, 0x00, 0x00, 0x00, 0x45, 0x58, 0x85, 0x54, 0x00, 0x00, 0x44, 0x48, 0x74, 0x44, 0x00, 0x00, 0x00, 0x05, 0x40, 0x00, 0x00,
    0x00, 0x00, 0x05, 0x40, 0x00, 0x00, 0x00, 0x00, 0x04, 0x40, 0x00, 0x00, 0x00, 0x00, 0x00, 0x00, 0x00, 0x00, 0x00, 0x00, 0x00, 0x00, 0x00, 0x00,
    0x00, 0x00, 0x00, 0x00, 0x00, 0x00, 0x00, 0x00, 0x00, 0x00, 0x00, 0x00, 0x00, 0x00, 0x00, 0x00, 0x00, 0x00, 0x00, 0x00, 0x00, 0x00, 0x00, 0x00,
    0x00, 0x00, 0x00, 0x00, 0x00, 0x00, 0x00, 0x44, 0x44, 0x44, 0x44, 0x00, 0x00, 0x45, 0x55, 0x55, 0x54, 0x00, 0x00, 0x00, 0x00, 0x00, 0x00, 0x00,
    0x00, 0x00, 0x00, 0x00, 0x00, 0x00, 0x00, 0x00, 0x00, 0x00, 0x00, 0x00, 0x00, 0x00, 0x00, 0x00, 0x00, 0x00, 0x00, 0x00, 0x00, 0x00, 0x00, 0x00,
    0x00, 0x00, 0x00, 0x00, 0x00, 0x00, 0x00, 0x00, 0x00, 0x00, 0x00, 0x00, 0x00, 0x04, 0x40, 0x00, 0x00, 0x00, 0x00, 0x48, 0x00, 0x00, 0x00, 0x00,
    0x02, 0xe9, 0x99, 0x99, 0x70, 0x00, 0x00, 0x85, 0x00, 0x00, 0x39, 0x00, 0x00, 0x08, 0x40, 0x00, 0x07, 0x30, 0x00, 0x00, 0x00, 0x00, 0x06, 0x30,
    0x00, 0x00, 0x00, 0x00, 0x2a, 0x00, 0x00, 0x00, 0x89, 0x99, 0x81, 0x00, 0x00, 0x00, 0x00, 0x00, 0x00, 0x00, 0x00, 0x00, 0x00, 0x00, 0x00, 0x00,
    0x00, 0x00, 0x00, 0x00, 0x00, 0x00, 0x00, 0x00, 0x00, 0x00, 0x00, 0x00, 0x00, 0x00, 0x00, 0x04, 0x40, 0x00, 0x00, 0x00, 0x00, 0x00, 0x84, 0x00,
    0x00, 0x07, 0x99, 0x99, 0x9e, 0x20, 0x00, 0x93, 0x00, 0x00, 0x58, 0x00, 0x03, 0x70, 0x00, 0x04, 0x80, 0x00, 0x03, 0x60, 0x00, 0x00, 0x00, 0x00,
    0x00, 0xa2, 0x00, 0x00, 0x00, 0x00, 0x00, 0x18, 0x99, 0x98, 0x00, 0x00, 0x00, 0x00, 0x00, 0x00, 0x00, 0x00, 0x00, 0x00, 0x00, 0x00, 0x00, 0x00,
    0x00, 0x00, 0x00, 0x00, 0x00, 0x00, 0x00, 0x00, 0x03, 0x30, 0x00, 0x00, 0x00, 0x00, 0x0a, 0xa0, 0x00, 0x00, 0x00, 0x00, 0x55, 0x55, 0x00, 0x00,
    0x00, 0x00, 0xa3, 0x1a, 0x10, 0x00, 0x00, 0x07, 0x36, 0x33, 0x70, 0x00, 0x00, 0x19, 0x06, 0x30, 0x91, 0x00, 0x00, 0x82, 0x04, 0x30, 0x28, 0x00,
    0x02, 0x80, 0x02, 0x10, 0x08, 0x20, 0x09, 0x10, 0x01, 0x00, 0x01, 0x90, 0x09, 0x99, 0x99, 0x99, 0x99, 0x91, 0x00, 0x00, 0x00, 0x00, 0x00, 0x00,
    0x00, 0x00, 0x00, 0x00, 0x00, 0x00, 0x00, 0x00, 0x00, 0x00, 0x00, 0x00, 0x00, 0x00, 0x00, 0x00, 0x00, 0x00, 0x00, 0x01, 0x30, 0x00, 0x02, 0x10,
    0x00, 0x1a, 0x20, 0x00, 0x06, 0x30, 0x01, 0xb7, 0x55, 0x55, 0x46, 0x30, 0x00, 0xb7, 0x44, 0x44, 0x46, 0x30, 0x00, 0x1a, 0x20, 0x00, 0x06, 0x30,
    0x00, 0x01, 0x30, 0x00, 0x02, 0x10, 0x00, 0x00, 0x00, 0x00, 0x00, 0x00, 0x00, 0x00, 0x00, 0x00, 0x00, 0x00, 0x00, 0x00, 0x00, 0x00, 0x00, 0x00,
    0x00, 0x00, 0x00, 0x00, 0x00, 0x00, 0x00, 0x00, 0x00, 0x00, 0x00, 0x00, 0x00, 0x00, 0x00, 0x00, 0x00, 0x00, 0x00, 0x60, 0x00, 0x00, 0x06, 0x00,
    0x00, 0x65, 0x00, 0x00, 0x56, 0x00, 0x00, 0x09, 0x20, 0x02, 0x90, 0x00, 0x00, 0x01, 0xa0, 0x0a, 0x10, 0x00, 0x00, 0x00, 0x38, 0x83, 0x00, 0x00,
    0x00, 0x00, 0x05, 0x50, 0x00, 0x00, 0x00, 0x00, 0x00, 0x00, 0x00, 0x00, 0x00, 0x00, 0x00, 0x00, 0x00, 0x00, 0x00, 0x00, 0x00, 0x00, 0x00, 0x00,
    0x00, 0x00, 0x00, 0x00, 0x00, 0x00, 0x00, 0x00, 0x00, 0x00, 0x00, 0x00, 0x00, 0x00, 0x00, 0x00, 0x00, 0x00, 0x00, 0x00, 0x05, 0x50, 0x00, 0x00,
    0x00, 0x00, 0x38, 0x83, 0x00, 0x00, 0x00, 0x01, 0xa0, 0x0a, 0x10, 0x00, 0x00, 0x09, 0x20, 0x02, 0x90, 0x00, 0x00, 0x65, 0x00, 0x00, 0x56, 0x00,
    0x00, 0x60, 0x00, 0x00, 0x06, 0x00, 0x00, 0x00, 0x00, 0x00, 0x00, 0x00, 0x00, 0x00, 0x00, 0x00, 0x00, 0x00, 0x00, 0x00, 0x00, 0x00, 0x00, 0x00,
    0x00, 0x00, 0x00, 0x00, 0x00, 0x00, 0x00, 0x00, 0x00, 0x00, 0x00, 0x00, 0x00, 0x00, 0x00, 0x06, 0x60, 0x00, 0x00, 0x00, 0x01, 0x95, 0x00, 0x00,
    0x00, 0x00, 0x3a, 0x20, 0x00, 0x00, 0x00, 0x05, 0x80, 0x00, 0x00, 0x00, 0x00, 0x05, 0x80, 0x00, 0x00, 0x00, 0x00, 0x00, 0x3a, 0x20, 0x00, 0x00,
    0x00, 0x00, 0x01, 0x95, 0x00, 0x00, 0x00, 0x00, 0x00, 0x06, 0x60, 0x00, 0x00, 0x00, 0x00, 0x00, 0x00, 0x00, 0x00, 0x00, 0x00, 0x00, 0x00, 0x00,
    0x00, 0x00, 0x00, 0x00, 0x00, 0x00, 0x00, 0x00, 0x00, 0x00, 0x00, 0x00, 0x00, 0x06, 0x60, 0x00, 0x00, 0x00, 0x00, 0x00, 0x59, 0x10, 0x00, 0x00,
    0x00, 0x00, 0x02, 0xa3, 0x00, 0x00, 0x00, 0x00, 0x00, 0x08, 0x50, 0x00, 0x00, 0x00, 0x00, 0x08, 0x50, 0x00, 0x00, 0x00, 0x02, 0xa3, 0x00, 0x00,
    0x00, 0x00, 0x59, 0x10, 0x00, 0x00, 0x00, 0x06, 0x60, 0x00, 0x00, 0x00, 0x00, 0x00, 0x00, 0x00, 0x00, 0x00, 0x00, 0x00, 0x00, 0x00, 0x00, 0x00,
    0x00, 0x00, 0x00, 0x00, 0x00, 0x00, 0x00, 0x50, 0x03, 0x20, 0x05, 0x00, 0x00, 0x90, 0x05, 0x40, 0x09, 0x00, 0x08, 0xc7, 0x05, 0x40, 0x09, 0x00,
    0x1b, 0x8a, 0x05, 0x40, 0x09, 0x00, 0x01, 0xa0, 0x4a, 0xa4, 0x09, 0x00, 0x00, 0x90, 0x4a, 0xa4, 0x09, 0x00, 0x00, 0x90, 0x05, 0x40, 0x9a, 0xa0,
    0x00, 0x90, 0x05, 0x40, 0x9a, 0xa0, 0x00, 0x90, 0x05, 0x40, 0x09, 0x00, 0x00, 0x50, 0x03, 0x20, 0x05, 0x00, 0x00, 0x00, 0x00, 0x00, 0x00, 0x00,
    0x58, 0x83, 0x48, 0x84, 0x38, 0x85, 0x91, 0x46, 0x82, 0x28, 0x64, 0x19, 0x92, 0x56, 0x83, 0x38, 0x65, 0x29, 0x47, 0x72, 0x37, 0x73, 0x27, 0x74,
    0x48, 0x83, 0x38, 0x83, 0x38, 0x84, 0x91, 0x46, 0x83, 0x38, 0x64, 0x19, 0x91, 0x46, 0x83, 0x38, 0x64, 0x19, 0x48, 0x83, 0x38, 0x83, 0x38, 0x84,
    0x47, 0x72, 0x37, 0x73, 0x27, 0x74, 0x92, 0x56, 0x83, 0x38, 0x65, 0x29, 0x91, 0x46, 0x82, 0x28, 0x64, 0x19, 0x58, 0x83, 0x48, 0x84, 0x38, 0x85,
    0x00, 0x00, 0x00, 0x00, 0x00, 0x00, 0x00, 0x04, 0x99, 0x99, 0x40, 0x00, 0x00, 0x77, 0x00, 0x05, 0x77, 0x00, 0x04, 0x70, 0x00, 0x28, 0x77, 0x40,
    0x09, 0x00, 0x06, 0x88, 0x10, 0x90, 0x09, 0x00, 0x65, 0x56, 0x00, 0x90, 0x09, 0x00, 0x65, 0x56, 0x00, 0x90, 0x09, 0x01, 0x88, 0x60, 0x00, 0x90,
    0x04, 0x77, 0x82, 0x00, 0x07, 0x40, 0x00, 0x77, 0x50, 0x00, 0x77, 0x00, 0x00, 0x04, 0x99, 0x99, 0x40, 0x00, 0x00, 0x00, 0x00, 0x00, 0x00, 0x00,
    0x00, 0x00, 0x00, 0x00, 0x00, 0x00, 0x00, 0x00, 0x11, 0x00, 0x00, 0x00, 0x00, 0x02, 0x99, 0x00, 0x00, 0x00, 0x00, 0x09, 0x18, 0x10, 0x00, 0x00,
    0x00, 0x66, 0x06, 0x30, 0x00, 0x00, 0x39, 0x60, 0x04, 0x40, 0x08, 0x93, 0x00, 0x00, 0x03, 0x50, 0x36, 0x00, 0x00, 0x00, 0x02, 0x60, 0x72, 0x00,
    0x00, 0x00, 0x01, 0x80, 0x90, 0x00, 0x00, 0x00, 0x00, 0x97, 0x90, 0x00, 0x00, 0x00, 0x00, 0x02, 0x10, 0x00, 0x00, 0x00, 0x00, 0x00, 0x00, 0x00,
    0x00, 0x00, 0x00, 0x00, 0x01, 0x00, 0x00, 0x00, 0x11, 0x00, 0x4f, 0xc0, 0x00, 0x02, 0x99, 0x00, 0x7f, 0xf2, 0x00, 0x09, 0x18, 0x10, 0x18, 0x60,
    0x00, 0x66, 0x06, 0x30, 0x00, 0x00, 0x39, 0x60, 0x04, 0x40, 0x08, 0x93, 0x00, 0x00, 0x03, 0x50, 0x36, 0x00, 0x00, 0x00, 0x02, 0x60, 0x72, 0x00,
    0x00, 0x00, 0x01, 0x80, 0x90, 0x00, 0x00, 0x00, 0x00, 0x97, 0x90, 0x00, 0x00, 0x00, 0x00, 0x02, 0x10, 0x00, 0x00, 0x00, 0x00, 0x00, 0x00, 0x00,
    0x00, 0x00, 0x00, 0x00, 0x00, 0x00, 0x00, 0x00, 0x11, 0x00, 0x27, 0x72, 0x00, 0x02, 0x99, 0x00, 0x0a, 0x90, 0x00, 0x09, 0x18, 0x10, 0x24, 0x52,
    0x00, 0x66, 0x06, 0x30, 0x00, 0x00, 0x39, 0x60, 0x04, 0x40, 0x08, 0x93, 0x00, 0x00, 0x03, 0x50, 0x36, 0x00, 0x00, 0x00, 0x02, 0x60, 0x72, 0x00,
    0x00, 0x00, 0x01, 0x80, 0x90, 0x00, 0x00, 0x00, 0x00, 0x97, 0x90, 0x00, 0x00, 0x00, 0x00, 0x02, 0x10, 0x00, 0x00, 0x00, 0x00, 0x00, 0x00, 0x00,
    0x00, 0x00, 0x00, 0x00, 0x00, 0x00, 0x00, 0x00, 0x00, 0x00, 0x00, 0x00, 0x00, 0x99, 0x99, 0x60, 0x00, 0x00, 0x00, 0x90, 0x00, 0x00, 0x00, 0x00,
    0x00, 0x90, 0x00, 0x00, 0x00, 0x00, 0x00, 0xc9, 0x95, 0x63, 0x08, 0x00, 0x00, 0x90, 0x00, 0x1a, 0x84, 0x00, 0x00, 0x90, 0x00, 0x06, 0xb0, 0x00,
    0x00, 0x90, 0x00, 0x1a, 0x65, 0x00, 0x00, 0x50, 0x00, 0x52, 0x07, 0x00, 0x00, 0x00, 0x00, 0x00, 0x00, 0x00, 0x00, 0x00, 0x00, 0x00, 0x00, 0x00,
    0x00, 0x00, 0x00, 0x00, 0x00, 0x00, 0x00, 0x00, 0x00, 0x00, 0x00, 0x00, 0x39, 0x99, 0x98, 0x10, 0x00, 0x00, 0x00, 0x00, 0x02, 0xa0, 0x00, 0x00,
    0x00, 0x00, 0x00, 0x47, 0x00, 0x00, 0x00, 0x00, 0x00, 0x0a, 0x00, 0x00, 0x00, 0x00, 0x00, 0x04, 0x50, 0x00, 0x00, 0x00, 0x00, 0x00, 0xa0, 0x00,
    0x00, 0x00, 0x00, 0x00, 0x73, 0x00, 0x00, 0x00, 0x00, 0x00, 0x09, 0x93, 0x00, 0x00, 0x00, 0x00, 0x00, 0x00, 0x00, 0x00, 0x00, 0x00, 0x00, 0x00,
    0x00, 0x00, 0x00, 0x00, 0x00, 0x00, 0x00, 0x00, 0x00, 0x00, 0x00, 0x00, 0x00, 0x00, 0x00, 0x00, 0x00, 0x00, 0x00, 0x69, 0x99, 0x99, 0x80, 0x00,
    0x00, 0x00, 0x00, 0x02, 0x73, 0x20, 0x00, 0x35, 0x00, 0x04, 0xcc, 0x30, 0x03, 0xbc, 0x50, 0x00, 0x43, 0x00, 0x01, 0x28, 0x20, 0x00, 0x00, 0x00,
    0x00, 0x07, 0x99, 0x99, 0x96, 0x00, 0x00, 0x00, 0x00, 0x00, 0x00, 0x00, 0x00, 0x00, 0x00, 0x00, 0x00, 0x00, 0x00, 0x00, 0x00, 0x00, 0x00, 0x00,
    0x00, 0x00, 0x00, 0x00, 0x00, 0x00, 0x00, 0x00, 0x00, 0x00, 0x00, 0x00, 0x00, 0x00, 0x00, 0x04, 0x60, 0x00, 0x00, 0x00, 0x00, 0x8f, 0x90, 0x00,
    0x00, 0x00, 0x2c, 0xff, 0x90, 0x00, 0x00, 0x04, 0xef, 0xff, 0x90, 0x00, 0x00, 0x04, 0xef, 0xff, 0x90, 0x00, 0x00, 0x00, 0x1b, 0xff, 0x90, 0x00,
    0x00, 0x00, 0x00, 0x8f, 0x90, 0x00, 0x00, 0x00, 0x00, 0x04, 0x60, 0x00, 0x00, 0x00, 0x00, 0x00, 0x00, 0x00, 0x00, 0x00, 0x00, 0x00, 0x00, 0x00,
    0x00, 0x00, 0x00, 0x00, 0x00, 0x00, 0x00, 0x01, 0x78, 0x87, 0x10, 0x00, 0x00, 0x1a, 0x21, 0x12, 0xa1, 0x00, 0x01, 0xa1, 0x00, 0x00, 0x1a, 0x10,
    0x07, 0x35, 0x45, 0x42, 0x63, 0x70, 0x08, 0x77, 0x57, 0x9a, 0xb8, 0x80, 0x08, 0x2a, 0x66, 0x9a, 0x92, 0x80, 0x07, 0x35, 0x12, 0x42, 0x22, 0x70,
    0x01, 0xa1, 0x00, 0x00, 0x1a, 0x10, 0x00, 0x1a, 0x21, 0x12, 0xa1, 0x00, 0x00, 0x01, 0x88, 0x88, 0x10, 0x00, 0x00, 0x00, 0x00, 0x00, 0x00, 0x00,
    0x00, 0x00, 0x00, 0x00, 0x00, 0x00, 0x00, 0x00, 0x01, 0x10, 0x00, 0x00, 0x00, 0x00, 0x19, 0x91, 0x00, 0x00, 0x00, 0x36, 0x37, 0x63, 0x53, 0x00,
    0x00, 0x7c, 0x35, 0x43, 0xd6, 0x00, 0x00, 0x43, 0x7b, 0xb7, 0x33, 0x00, 0x00, 0x32, 0x7b, 0xb7, 0x33, 0x00, 0x00, 0x7c, 0x35, 0x43, 0xd6, 0x00,
    0x00, 0x36, 0x37, 0x63, 0x63, 0x00, 0x00, 0x00, 0x19, 0x91, 0x00, 0x00, 0x00, 0x00, 0x01, 0x10, 0x00, 0x00, 0x00, 0x00, 0x00, 0x00, 0x00, 0x00,
};
static const uint8_t AI12_IDX[138] = {
    0, 1, 2, 3, 4, 5, 6, 7, 8, 9, 10, 11, 12, 13, 14, 15, 16, 17, 18, 19, 20, 21, 22, 23,
    24, 25, 26, 27, 28, 29, 30, 31, 32, 33, 34, 35, 36, 37, 38, 39, 40, 41, 42, 43, 44, 45, 46, 47,
    48, 49, 50, 51, 52, 53, 54, 55, 56, 57, 58, 59, 60, 61, 62, 63, 64, 65, 66, 67, 68, 69, 70, 71,
    72, 73, 74, 75, 76, 77, 78, 79, 80, 81, 82, 83, 84, 85, 86, 255, 255, 255, 255, 255, 255, 87, 88, 89,
    90, 91, 92, 255, 93, 94, 95, 96, 97, 98, 99, 255, 255, 255, 100, 101, 102, 103, 104, 255, 105, 106, 107, 108,
    109, 110, 255, 255, 255, 255, 255, 255, 111, 255, 255, 112, 113, 114, 115, 116, 255, 255,
};
/* the cells' ink boxes: x0 | y0 << 4 | (x1 - 1) << 8 | (y1 - 1) << 12 */
static const uint16_t AI12_INK[117] = {
    43537, 39712, 39712, 39712, 39712, 39712, 39712, 39712, 35632, 39712, 43792, 39712,
    43792, 39712, 43537, 47617, 38947, 38947, 35377, 35377, 38947, 39712, 39457, 39712,
    43537, 43553, 43537, 39712, 39457, 35377, 39712, 43537, 43282, 35377, 47872, 39457,
    39457, 39457, 43537, 39712, 39202, 43537, 43537, 43537, 47872, 43026, 43537, 43537,
    39712, 43792, 35632, 39457, 43537, 39457, 43537, 39712, 39712, 38931, 39202, 43537,
    35377, 43027, 39457, 47872, 43537, 39712, 43282, 39712, 39712, 39712, 39712, 39712,
    39712, 39712, 39712, 39712, 39712, 39712, 39712, 35377, 35632, 39457, 43537, 35377,
    39457, 43537, 43298, 31297, 43537, 43537, 35377, 43537, 38931, 39457, 43282, 39202,
    26962, 39457, 39457, 43793, 35377, 35122, 35122, 38947, 38947, 43536, 47872, 43537,
    43792, 43776, 43792, 39202, 39712, 35377, 38947, 43537, 43282,
};

#define AI16_N 46
static const uint8_t AI16_DATA[5888] = {
    0x00, 0x00, 0x00, 0x00, 0x00, 0x00, 0x00, 0x00, 0x00, 0x00, 0x00, 0x00, 0x00, 0x00, 0x00, 0x00, 0x00, 0x00, 0x00, 0x00, 0x00, 0x00, 0x00, 0x00,
    0x00, 0x00, 0x00, 0x00, 0x00, 0x00, 0x00, 0x00, 0x00, 0x00, 0x00, 0x00, 0x00, 0x47, 0x61, 0x00, 0x04, 0x44, 0x44, 0x44, 0x4b, 0xc8, 0x7c, 0x30,
    0x18, 0x88, 0x88, 0x88, 0xca, 0x88, 0x02, 0xc0, 0x00, 0x02, 0x55, 0x55, 0xc6, 0x40, 0x00, 0xa2, 0x00, 0x02, 0x77, 0x77, 0xd7, 0x50, 0x00, 0xa2,
    0x00, 0x00, 0x00, 0x57, 0xc7, 0x00, 0x02, 0xc0, 0x00, 0x00, 0x00, 0x35, 0x5a, 0x95, 0x7c, 0x30, 0x00, 0x00, 0x00, 0x00, 0x00, 0x47, 0x61, 0x00,
    0x00, 0x00, 0x00, 0x00, 0x00, 0x00, 0x00, 0x00, 0x00, 0x00, 0x00, 0x00, 0x00, 0x00, 0x00, 0x00, 0x00, 0x00, 0x00, 0x00, 0x00, 0x00, 0x00, 0x00,
    0x00, 0x00, 0x00, 0x00, 0x00, 0x00, 0x00, 0x00, 0x00, 0x00, 0x00, 0x00, 0x00, 0x00, 0x00, 0x00, 0x00, 0x00, 0x00, 0x00, 0x00, 0x00, 0x00, 0x00,
    0x00, 0x03, 0xd1, 0x03, 0xc0, 0x00, 0x00, 0x00, 0x00, 0x5c, 0xd1, 0x5c, 0x20, 0x00, 0x00, 0x00, 0x08, 0xa1, 0xb9, 0xa1, 0x00, 0x00, 0x00, 0x00,
    0x97, 0x00, 0xb7, 0x00, 0x00, 0x00, 0x00, 0x00, 0x00, 0x00, 0x10, 0x03, 0x88, 0x88, 0x00, 0x00, 0x00, 0x00, 0xb1, 0x07, 0x84, 0x4c, 0x10, 0x00,
    0x00, 0x00, 0xb1, 0x07, 0x50, 0x0a, 0x10, 0x00, 0x00, 0x00, 0xac, 0xcd, 0x50, 0x01, 0x4c, 0x20, 0x00, 0x00, 0x00, 0x00, 0x00, 0x04, 0xb4, 0xc1,
    0x00, 0x00, 0x00, 0x2a, 0x00, 0x4b, 0x10, 0x48, 0x00, 0x00, 0x00, 0x06, 0xb4, 0xc1, 0x00, 0x00, 0x00, 0x00, 0x00, 0x00, 0x5c, 0x10, 0x00, 0x00,
    0x00, 0x00, 0x00, 0x00, 0x00, 0x00, 0x00, 0x00, 0x00, 0x00, 0x00, 0x00, 0x00, 0x00, 0x00, 0x00, 0x00, 0x00, 0x00, 0x00, 0x00, 0x00, 0x00, 0x00,
    0x00, 0x00, 0x00, 0x00, 0x12, 0x00, 0x00, 0x00, 0x00, 0x00, 0x00, 0x3b, 0xcb, 0xc9, 0x10, 0x00, 0x00, 0x00, 0x04, 0xb2, 0x00, 0x05, 0xc1, 0x00,
    0x00, 0x00, 0x1e, 0x97, 0x20, 0x00, 0x59, 0x00, 0x00, 0x04, 0xef, 0xff, 0xf9, 0x00, 0x0c, 0x00, 0x00, 0x3b, 0x9f, 0xff, 0xff, 0x90, 0x0b, 0x20,
    0x00, 0xb2, 0x7f, 0xff, 0xff, 0xf2, 0x0c, 0x10, 0x01, 0xc0, 0x2f, 0xff, 0xff, 0xf7, 0x2b, 0x00, 0x02, 0xb0, 0x09, 0xff, 0xff, 0xf9, 0xb3, 0x00,
    0x00, 0xc0, 0x00, 0x9f, 0xff, 0xfe, 0x40, 0x00, 0x00, 0x95, 0x00, 0x02, 0x79, 0xe1, 0x00, 0x00, 0x00, 0x1c, 0x50, 0x00, 0x2b, 0x40, 0x00, 0x00,
    0x00, 0x01, 0x9c, 0xbc, 0xb3, 0x00, 0x00, 0x00, 0x00, 0x00, 0x00, 0x21, 0x00, 0x00, 0x00, 0x00, 0x00, 0x00, 0x00, 0x00, 0x00, 0x00, 0x00, 0x00,
    0x00, 0x00, 0x00, 0x00, 0x00, 0x00, 0x00, 0x00, 0x00, 0x00, 0x03, 0x33, 0x32, 0x00, 0x00, 0x00, 0x00, 0x00, 0x7b, 0x99, 0x9d, 0x00, 0x00, 0x00,
    0x00, 0x00, 0x93, 0x00, 0x0a, 0x20, 0x00, 0x00, 0x00, 0x00, 0xb1, 0x00, 0x08, 0x40, 0x00, 0x00, 0x00, 0x00, 0xc0, 0x00, 0x06, 0x72, 0xc1, 0x00,
    0x00, 0x01, 0xb0, 0x00, 0x03, 0xbc, 0x30, 0x00, 0x00, 0x03, 0x90, 0x00, 0x03, 0xe3, 0x00, 0x00, 0x00, 0x06, 0x70, 0x00, 0x2c, 0xd0, 0x00, 0x00,
    0x00, 0x08, 0x40, 0x02, 0xc3, 0xc1, 0x00, 0x00, 0x00, 0x0a, 0xa8, 0x8d, 0xb8, 0xd3, 0x00, 0x00, 0x00, 0x0c, 0x44, 0x44, 0x44, 0x95, 0x00, 0x00,
    0x00, 0x0c, 0x00, 0x00, 0x00, 0x57, 0x00, 0x00, 0x00, 0x1d, 0x99, 0x99, 0x99, 0xa8, 0x00, 0x00, 0x00, 0x02, 0x33, 0x33, 0x33, 0x30, 0x00, 0x00,
    0x00, 0x00, 0x00, 0x00, 0x00, 0x00, 0x00, 0x00, 0x00, 0x00, 0x00, 0x00, 0x00, 0x00, 0x00, 0x00, 0x00, 0x00, 0x00, 0x00, 0x00, 0x00, 0x00, 0x00,
    0x00, 0x6a, 0x80, 0x2a, 0xa2, 0x08, 0xa5, 0x00, 0x00, 0xa0, 0x82, 0x91, 0x28, 0x37, 0x5a, 0x00, 0x00, 0xa6, 0xb1, 0x68, 0x85, 0x1b, 0xca, 0x00,
    0x00, 0x14, 0x10, 0x03, 0x30, 0x01, 0xb0, 0x00, 0x00, 0x28, 0x40, 0x07, 0x70, 0x04, 0xc2, 0x00, 0x00, 0xa4, 0xa1, 0x85, 0x67, 0x2a, 0xaa, 0x00,
    0x00, 0xbb, 0xa1, 0x86, 0xc7, 0x2c, 0x8a, 0x00, 0x00, 0x3c, 0x40, 0x07, 0x7a, 0x4b, 0x82, 0x00, 0x00, 0x19, 0x40, 0x03, 0x31, 0x64, 0x40, 0x00,
    0x00, 0xa6, 0xd1, 0x68, 0x85, 0x1b, 0x6a, 0x00, 0x00, 0xa0, 0x9a, 0xca, 0x48, 0x37, 0x0a, 0x00, 0x00, 0x6a, 0x81, 0x3a, 0xa2, 0x08, 0xa5, 0x00,
    0x00, 0x00, 0x00, 0x00, 0x00, 0x00, 0x00, 0x00, 0x00, 0x00, 0x00, 0x00, 0x00, 0x00, 0x00, 0x00, 0x00, 0x00, 0x00, 0x00, 0x00, 0x00, 0x00, 0x00,
    0x00, 0x00, 0x00, 0x00, 0x00, 0x00, 0x00, 0x00, 0x00, 0x00, 0x00, 0x00, 0x00, 0x00, 0x00, 0x00, 0x00, 0x00, 0x00, 0x00, 0x00, 0x09, 0x90, 0x00,
    0x00, 0x00, 0x00, 0x00, 0x00, 0x0c, 0xc0, 0x00, 0x00, 0x01, 0xd1, 0x00, 0x01, 0x0c, 0xb2, 0x00, 0x01, 0x06, 0xe3, 0x00, 0x8d, 0x2a, 0x77, 0xd5,
    0x3d, 0x8a, 0xa5, 0x00, 0xc8, 0x89, 0x2d, 0x4c, 0xa3, 0xcc, 0x57, 0x00, 0xc3, 0xe7, 0x00, 0x0b, 0xc0, 0x34, 0x48, 0x58, 0x90, 0xe6, 0x00, 0x09,
    0x80, 0x00, 0x39, 0xc8, 0x30, 0x51, 0x00, 0x06, 0x20, 0x00, 0x1d, 0xa0, 0x00, 0x00, 0x00, 0x00, 0x00, 0x00, 0x0c, 0x50, 0x00, 0x00, 0x00, 0x00,
    0x00, 0x00, 0x00, 0x00, 0x00, 0x00, 0x00, 0x00, 0x00, 0x00, 0x00, 0x00, 0x00, 0x00, 0x00, 0x00, 0x00, 0x00, 0x00, 0x00, 0x00, 0x00, 0x00, 0x00,
    0x00, 0x00, 0x00, 0x00, 0x00, 0x00, 0x00, 0x00, 0x00, 0x00, 0x00, 0x00, 0x00, 0x00, 0x00, 0x00, 0x00, 0x6a, 0x80, 0x00, 0x00, 0x00, 0x00, 0x00,
    0x00, 0xa8, 0xdb, 0x71, 0x00, 0x00, 0x00, 0x00, 0x00, 0xa7, 0xb2, 0x7b, 0x00, 0x00, 0x00, 0x00, 0x00, 0x14, 0x10, 0x09, 0x40, 0x00, 0x00, 0x00,
    0x00, 0x00, 0x00, 0x06, 0x60, 0x00, 0x00, 0x00, 0x00, 0x00, 0x00, 0x06, 0x60, 0x00, 0x00, 0x00, 0x00, 0x00, 0x00, 0x06, 0x60, 0x00, 0x00, 0x00,
    0x00, 0x00, 0x00, 0x06, 0x60, 0x00, 0x00, 0x00, 0x00, 0x00, 0x00, 0x05, 0x80, 0x01, 0x40, 0x00, 0x00, 0x00, 0x00, 0x00, 0xb6, 0x3b, 0x7a, 0x00,
    0x00, 0x00, 0x00, 0x00, 0x17, 0xbd, 0x7a, 0x00, 0x00, 0x00, 0x00, 0x00, 0x00, 0x08, 0xa5, 0x00, 0x00, 0x00, 0x00, 0x00, 0x00, 0x00, 0x00, 0x00,
    0x00, 0x00, 0x00, 0x00, 0x00, 0x00, 0x00, 0x00, 0x00, 0x00, 0x00, 0x00, 0x00, 0x00, 0x00, 0x00, 0x00, 0x00, 0x00, 0x00, 0x00, 0x00, 0x00, 0x00,
    0x00, 0x00, 0x00, 0x00, 0x00, 0x0c, 0x10, 0x00, 0x00, 0x01, 0x50, 0x00, 0x00, 0x0d, 0x20, 0x00, 0x00, 0x02, 0xc0, 0x00, 0x4a, 0x0d, 0x20, 0x00,
    0x00, 0x02, 0xc0, 0xa3, 0x4a, 0x0d, 0x20, 0x00, 0x09, 0x52, 0xc0, 0xb4, 0x4a, 0x0d, 0x25, 0x90, 0x09, 0x62, 0xc0, 0xb4, 0x4a, 0x0d, 0x26, 0x90,
    0x09, 0x62, 0xc0, 0xb4, 0x4a, 0x0d, 0x26, 0x90, 0x09, 0x52, 0xc0, 0xb4, 0x4a, 0x0d, 0x25, 0x90, 0x00, 0x02, 0xc0, 0xa3, 0x4a, 0x0d, 0x20, 0x00,
    0x00, 0x02, 0xc0, 0x00, 0x4a, 0x0d, 0x20, 0x00, 0x00, 0x01, 0x50, 0x00, 0x00, 0x0d, 0x20, 0x00, 0x00, 0x00, 0x00, 0x00, 0x00, 0x0c, 0x10, 0x00,
    0x00, 0x00, 0x00, 0x00, 0x00, 0x00, 0x00, 0x00, 0x00, 0x00, 0x00, 0x00, 0x00, 0x00, 0x00, 0x00, 0x00, 0x00, 0x00, 0x00, 0x00, 0x00, 0x00, 0x00,
    0x00, 0x00, 0x00, 0x00, 0x00, 0x00, 0x01, 0x00, 0x00, 0x00, 0x04, 0xac, 0xca, 0x40, 0x3c, 0x10, 0x00, 0x01, 0xa9, 0x30, 0x03, 0x9a, 0xc2, 0x00,
    0x00, 0x0a, 0x60, 0x00, 0x00, 0x3d, 0xa0, 0x00, 0x00, 0x49, 0x00, 0x00, 0x03, 0xc2, 0xa4, 0x00, 0x00, 0xa3, 0x00, 0x00, 0x3c, 0x20, 0x39, 0x00,
    0x00, 0xc0, 0x00, 0x03, 0xc2, 0x00, 0x0c, 0x00, 0x00, 0xc0, 0x00, 0x3c, 0x20, 0x00, 0x0c, 0x00, 0x00, 0xa3, 0x03, 0xc2, 0x00, 0x00, 0x39, 0x00,
    0x00, 0x49, 0x3c, 0x20, 0x00, 0x00, 0xa4, 0x00, 0x00, 0x0b, 0xd2, 0x00, 0x00, 0x06, 0xa0, 0x00, 0x00, 0x2c, 0xb9, 0x30, 0x03, 0x9a, 0x00, 0x00,
    0x01, 0xc2, 0x05, 0xac, 0xca, 0x40, 0x00, 0x00, 0x00, 0x10, 0x00, 0x00, 0x00, 0x00, 0x00, 0x00, 0x00, 0x00, 0x00, 0x00, 0x00, 0x00, 0x00, 0x00,
    0x00, 0x00, 0x00, 0x00, 0x00, 0x00, 0x00, 0x00, 0x00, 0x00, 0x00, 0x00, 0x00, 0x00, 0x00, 0x00, 0x00, 0x00, 0x00, 0x00, 0x00, 0x00, 0x00, 0x00,
    0x00, 0x00, 0x00, 0x00, 0x00, 0x00, 0x00, 0x00, 0x00, 0x00, 0x00, 0x00, 0x00, 0x00, 0x00, 0x00, 0x00, 0x4b, 0xcd, 0xcc, 0xcc, 0xdc, 0xb4, 0x00,
    0x03, 0xb1, 0x05, 0xc0, 0x0a, 0x50, 0x1b, 0x30, 0x08, 0x30, 0x00, 0xb2, 0x1b, 0x00, 0x03, 0x80, 0x08, 0x30, 0x00, 0xb1, 0x1b, 0x00, 0x03, 0x80,
    0x03, 0xb1, 0x05, 0xa0, 0x0a, 0x50, 0x1b, 0x30, 0x00, 0x4b, 0xc9, 0x10, 0x01, 0x9c, 0xb4, 0x00, 0x00, 0x00, 0x00, 0x00, 0x00, 0x00, 0x00, 0x00,
    0x00, 0x00, 0x00, 0x00, 0x00, 0x00, 0x00, 0x00, 0x00, 0x00, 0x00, 0x00, 0x00, 0x00, 0x00, 0x00, 0x00, 0x00, 0x00, 0x00, 0x00, 0x00, 0x00, 0x00,
    0x00, 0x00, 0x00, 0x00, 0x00, 0x00, 0x00, 0x00, 0x00, 0x00, 0x00, 0x00, 0x00, 0x00, 0x00, 0x00, 0x00, 0x00, 0x00, 0x00, 0x00, 0x00, 0x00, 0x00,
    0x00, 0x00, 0x00, 0x00, 0x00, 0x00, 0x00, 0x00, 0x00, 0x00, 0x00, 0x00, 0x00, 0x00, 0x00, 0x00, 0x00, 0x02, 0x78, 0x30, 0x03, 0x87, 0x20, 0x00,
    0x01, 0x9b, 0x65, 0xa9, 0x9a, 0x56, 0xb9, 0x10, 0x6c, 0x50, 0x00, 0x06, 0x60, 0x00, 0x05, 0xc6, 0x9f, 0xb9, 0x64, 0x33, 0x33, 0x46, 0x9b, 0xf9,
    0x0a, 0x84, 0x68, 0x99, 0x99, 0x86, 0x48, 0xa0, 0x00, 0x9a, 0x20, 0x00, 0x00, 0x02, 0xa8, 0x00, 0x00, 0x04, 0xbb, 0x75, 0x57, 0xbb, 0x40, 0x00,
    0x00, 0x00, 0x02, 0x57, 0x75, 0x20, 0x00, 0x00, 0x00, 0x00, 0x00, 0x00, 0x00, 0x00, 0x00, 0x00, 0x00, 0x00, 0x00, 0x00, 0x00, 0x00, 0x00, 0x00,
    0x00, 0x00, 0x00, 0x00, 0x00, 0x00, 0x00, 0x00, 0x00, 0x00, 0x00, 0x00, 0x00, 0x00, 0x00, 0x00, 0x00, 0x00, 0x00, 0x00, 0x00, 0x00, 0x00, 0x00,
    0x00, 0x00, 0x00, 0x00, 0x00, 0x00, 0x00, 0x00, 0x00, 0x11, 0x10, 0x00, 0x00, 0x00, 0x00, 0x00, 0x03, 0xdb, 0xc9, 0x00, 0x00, 0x00, 0x00, 0x00,
    0x03, 0x90, 0x39, 0x00, 0x00, 0x00, 0x00, 0x00, 0x03, 0xa1, 0x39, 0x00, 0x00, 0x00, 0x00, 0x00, 0x02, 0xbb, 0xb7, 0x7c, 0xc4, 0x00, 0x00, 0x00,
    0x00, 0x00, 0x04, 0xa0, 0x1c, 0x10, 0x00, 0x00, 0x00, 0x00, 0x07, 0x50, 0x0a, 0x21, 0x10, 0x00, 0x00, 0x00, 0x03, 0xb2, 0x3c, 0x09, 0x70, 0x00,
    0x00, 0x00, 0x00, 0x5b, 0xa2, 0x2c, 0xc1, 0x00, 0x00, 0x00, 0x00, 0x00, 0x00, 0x85, 0x68, 0x00, 0x00, 0x00, 0x00, 0x00, 0x01, 0xeb, 0xbe, 0x10,
    0x00, 0x00, 0x00, 0x00, 0x00, 0x11, 0x11, 0x00, 0x00, 0x00, 0x00, 0x00, 0x00, 0x00, 0x00, 0x00, 0x00, 0x00, 0x00, 0x00, 0x00, 0x00, 0x00, 0x00,
    0x00, 0x00, 0x00, 0x00, 0x00, 0x00, 0x00, 0x00, 0x04, 0x88, 0x70, 0x68, 0x86, 0x07, 0x88, 0x50, 0x08, 0x64, 0xd0, 0xb4, 0x4b, 0x0c, 0x46, 0x90,
    0x08, 0x40, 0xc0, 0xb1, 0x1b, 0x0c, 0x03, 0x90, 0x08, 0x40, 0xc0, 0xb1, 0x1b, 0x0c, 0x03, 0x90, 0x08, 0x40, 0xc0, 0xb1, 0x1b, 0x0c, 0x03, 0x90,
    0x08, 0x40, 0xc0, 0xb5, 0x5b, 0x0c, 0x03, 0x90, 0x08, 0x40, 0xc0, 0xb8, 0x8b, 0x0c, 0x03, 0x90, 0x08, 0x40, 0xc0, 0xb1, 0x1b, 0x0d, 0xcd, 0x90,
    0x08, 0x63, 0xc0, 0xb1, 0x1b, 0x0c, 0x03, 0x90, 0x08, 0xa9, 0xd0, 0xb6, 0x6b, 0x0c, 0x03, 0x90, 0x08, 0x40, 0xc0, 0x47, 0x74, 0x0c, 0x03, 0x90,
    0x08, 0x40, 0xc0, 0x00, 0x00, 0x0c, 0xcd, 0x90, 0x08, 0x63, 0xc0, 0x00, 0x00, 0x00, 0x00, 0x00, 0x05, 0x99, 0x80, 0x00, 0x00, 0x00, 0x00, 0x00,
    0x00, 0x00, 0x00, 0x00, 0x00, 0x00, 0x00, 0x00, 0x00, 0x00, 0x00, 0x00, 0x00, 0x00, 0x00, 0x00, 0x00, 0x00, 0x00, 0x00, 0x00, 0x00, 0x00, 0x00,
    0x00, 0x00, 0x00, 0x00, 0x00, 0x00, 0x00, 0x00, 0x00, 0x00, 0x00, 0x00, 0x00, 0x00, 0x00, 0x00, 0x00, 0x39, 0x99, 0x99, 0x99, 0x99, 0x93, 0x00,
    0x00, 0xc4, 0x33, 0x33, 0x33, 0x33, 0x4c, 0x00, 0x00, 0xc0, 0x00, 0x00, 0x00, 0x00, 0x0c, 0x00, 0x00, 0xc2, 0x66, 0x16, 0x61, 0x66, 0x2c, 0x00,
    0x00, 0xc6, 0xad, 0x3b, 0xb3, 0xd9, 0x6c, 0x00, 0x00, 0xc6, 0x6c, 0x39, 0x93, 0xc6, 0x6c, 0x00, 0x00, 0xd8, 0x6b, 0x69, 0x96, 0xb5, 0x9d, 0x00,
    0x00, 0x58, 0x13, 0x92, 0x29, 0x31, 0x85, 0x00, 0x00, 0x00, 0x00, 0x00, 0x00, 0x00, 0x00, 0x00, 0x00, 0x00, 0x00, 0x00, 0x00, 0x00, 0x00, 0x00,
    0x00, 0x00, 0x00, 0x00, 0x00, 0x00, 0x00, 0x00, 0x00, 0x00, 0x00, 0x00, 0x00, 0x00, 0x00, 0x00, 0x00, 0x00, 0x00, 0x00, 0x00, 0x00, 0x00, 0x00,
    0x00, 0x00, 0x00, 0x00, 0x00, 0x00, 0x00, 0x00, 0x00, 0x00, 0x00, 0x00, 0x00, 0x00, 0x00, 0x00, 0x00, 0x00, 0x15, 0x40, 0x00, 0x00, 0x00, 0x00,
    0x00, 0x02, 0xc8, 0x8c, 0x11, 0x20, 0x00, 0x00, 0x00, 0x0a, 0x30, 0x05, 0xcc, 0xab, 0x10, 0x00, 0x00, 0x0c, 0x00, 0x00, 0x30, 0x06, 0x70, 0x00,
    0x00, 0x4d, 0x00, 0x00, 0x00, 0x02, 0xd4, 0x00, 0x03, 0xb2, 0x00, 0x00, 0x00, 0x00, 0x2b, 0x30, 0x08, 0x40, 0x00, 0x00, 0x00, 0x00, 0x04, 0x80,
    0x06, 0x70, 0x00, 0x00, 0x00, 0x00, 0x07, 0x60, 0x01, 0xba, 0x99, 0x99, 0x99, 0x99, 0xab, 0x00, 0x00, 0x02, 0x33, 0x33, 0x33, 0x33, 0x20, 0x00,
    0x00, 0x00, 0x00, 0x00, 0x00, 0x00, 0x00, 0x00, 0x00, 0x00, 0x00, 0x00, 0x00, 0x00, 0x00, 0x00, 0x00, 0x00, 0x00, 0x00, 0x00, 0x00, 0x00, 0x00,
    0x00, 0x00, 0x00, 0x00, 0x00, 0x00, 0x00, 0x00, 0x00, 0x00, 0x00, 0x00, 0x00, 0x00, 0x00, 0x00, 0x00, 0x00, 0x5b, 0xcc, 0xcc, 0xb5, 0x00, 0x00,
    0x00, 0x0a, 0x92, 0x00, 0x00, 0x28, 0xa0, 0x00, 0x00, 0x58, 0x00, 0x00, 0x00, 0x00, 0x85, 0x00, 0x00, 0x75, 0x00, 0x00, 0x00, 0x00, 0x57, 0x00,
    0x00, 0x57, 0x00, 0x00, 0x00, 0x00, 0x75, 0x00, 0x00, 0x1c, 0x00, 0x00, 0x00, 0x00, 0xb1, 0x00, 0x00, 0x0a, 0x30, 0x00, 0x00, 0x02, 0xb0, 0x00,
    0x00, 0x04, 0xa0, 0x00, 0x00, 0x09, 0x40, 0x00, 0x00, 0x00, 0xb3, 0x00, 0x00, 0x3b, 0x00, 0x00, 0x00, 0x00, 0x2c, 0x00, 0x00, 0xc3, 0x00, 0x00,
    0x00, 0x00, 0x06, 0xa1, 0x1a, 0x60, 0x00, 0x00, 0x00, 0x00, 0x00, 0x5c, 0xc6, 0x00, 0x00, 0x00, 0x00, 0x00, 0x00, 0x00, 0x00, 0x00, 0x00, 0x00,
    0x00, 0x00, 0x00, 0x00, 0x00, 0x00, 0x00, 0x00, 0x00, 0x00, 0x00, 0x00, 0x00, 0x00, 0x00, 0x00, 0x00, 0x00, 0x00, 0x00, 0x00, 0x00, 0x00, 0x00,
    0x00, 0x00, 0x00, 0x00, 0x00, 0x00, 0x00, 0x00, 0x00, 0x00, 0x00, 0x00, 0x00, 0x40, 0x00, 0x00, 0x00, 0x00, 0x17, 0xbc, 0xcc, 0xd1, 0x00, 0x00,
    0x00, 0x03, 0xc6, 0x10, 0x0b, 0xae, 0xb2, 0x00, 0x00, 0x0c, 0x20, 0x26, 0xae, 0xa6, 0xc1, 0x00, 0x00, 0x3a, 0x1c, 0xb7, 0xd2, 0x00, 0x93, 0x00,
    0x00, 0x3d, 0x00, 0x04, 0x80, 0x00, 0xc4, 0x00, 0x00, 0x3e, 0xa1, 0x00, 0x00, 0x1a, 0xe4, 0x00, 0x00, 0x2a, 0x5c, 0xb9, 0x9b, 0xc5, 0x93, 0x00,
    0x00, 0x0c, 0x40, 0x13, 0x32, 0x03, 0xc0, 0x00, 0x00, 0x02, 0xb9, 0x41, 0x13, 0x8c, 0x20, 0x00, 0x00, 0x00, 0x04, 0x9b, 0xb9, 0x50, 0x00, 0x00,
    0x00, 0x00, 0x00, 0x00, 0x00, 0x00, 0x00, 0x00, 0x00, 0x00, 0x00, 0x00, 0x00, 0x00, 0x00, 0x00, 0x00, 0x00, 0x00, 0x00, 0x00, 0x00, 0x00, 0x00,
    0x00, 0x00, 0x00, 0x00, 0x00, 0x00, 0x00, 0x00, 0x00, 0x00, 0x00, 0x00, 0x00, 0x00, 0x00, 0x00, 0x00, 0x00, 0x7b, 0x10, 0x00, 0x00, 0x00, 0x00,
    0x00, 0x00, 0x8f, 0xd3, 0x00, 0x00, 0x00, 0x00, 0x00, 0x00, 0x8f, 0xff, 0x70, 0x00, 0x00, 0x00, 0x00, 0x00, 0x8f, 0xff, 0xfb, 0x10, 0x00, 0x00,
    0x00, 0x00, 0x8f, 0xff, 0xff, 0xd3, 0x00, 0x00, 0x00, 0x00, 0x8f, 0xff, 0xff, 0xd3, 0x00, 0x00, 0x00, 0x00, 0x8f, 0xff, 0xfb, 0x10, 0x00, 0x00,
    0x00, 0x00, 0x8f, 0xff, 0x70, 0x00, 0x00, 0x00, 0x00, 0x00, 0x8f, 0xd3, 0x00, 0x00, 0x00, 0x00, 0x00, 0x00, 0x7b, 0x10, 0x00, 0x00, 0x00, 0x00,
    0x00, 0x00, 0x00, 0x00, 0x00, 0x00, 0x00, 0x00, 0x00, 0x00, 0x00, 0x00, 0x00, 0x00, 0x00, 0x00, 0x00, 0x00, 0x00, 0x00, 0x00, 0x00, 0x00, 0x00,
    0x00, 0x00, 0x00, 0x00, 0x00, 0x00, 0x00, 0x00, 0x00, 0x00, 0x00, 0x00, 0x00, 0x00, 0x00, 0x00, 0x00, 0x00, 0x00, 0x00, 0x00, 0x00, 0x00, 0x00,
    0x00, 0x0e, 0xff, 0xff, 0xff, 0xff, 0xe0, 0x00, 0x00, 0x0f, 0xff, 0xff, 0xff, 0xff, 0xf0, 0x00, 0x00, 0x0f, 0xff, 0xff, 0xff, 0xff, 0xf0, 0x00,
    0x00, 0x0f, 0xff, 0xff, 0xff, 0xff, 0xf0, 0x00, 0x00, 0x0f, 0xff, 0xff, 0xff, 0xff, 0xf0, 0x00, 0x00, 0x0f, 0xff, 0xff, 0xff, 0xff, 0xf0, 0x00,
    0x00, 0x0f, 0xff, 0xff, 0xff, 0xff, 0xf0, 0x00, 0x00, 0x0f, 0xff, 0xff, 0xff, 0xff, 0xf0, 0x00, 0x00, 0x0f, 0xff, 0xff, 0xff, 0xff, 0xf0, 0x00,
    0x00, 0x0e, 0xff, 0xff, 0xff, 0xff, 0xe0, 0x00, 0x00, 0x00, 0x00, 0x00, 0x00, 0x00, 0x00, 0x00, 0x00, 0x00, 0x00, 0x00, 0x00, 0x00, 0x00, 0x00,
    0x00, 0x00, 0x00, 0x00, 0x00, 0x00, 0x00, 0x00, 0x00, 0x00, 0x00, 0x00, 0x00, 0x00, 0x00, 0x00, 0x00, 0x00, 0x00, 0x00, 0x00, 0x00, 0x00, 0x00,
    0x00, 0x00, 0x00, 0x00, 0x00, 0x00, 0x00, 0x00, 0x00, 0x05, 0xff, 0xf1, 0x2f, 0xff, 0x40, 0x00, 0x00, 0x06, 0xff, 0xf2, 0x3f, 0xff, 0x50, 0x00,
    0x00, 0x06, 0xff, 0xf2, 0x3f, 0xff, 0x50, 0x00, 0x00, 0x06, 0xff, 0xf2, 0x3f, 0xff, 0x50, 0x00, 0x00, 0x06, 0xff, 0xf2, 0x3f, 0xff, 0x50, 0x00,
    0x00, 0x06, 0xff, 0xf2, 0x3f, 0xff, 0x50, 0x00, 0x00, 0x06, 0xff, 0xf2, 0x3f, 0xff, 0x50, 0x00, 0x00, 0x06, 0xff, 0xf2, 0x3f, 0xff, 0x50, 0x00,
    0x00, 0x06, 0xff, 0xf2, 0x3f, 0xff, 0x50, 0x00, 0x00, 0x05, 0xff, 0xf1, 0x2f, 0xff, 0x40, 0x00, 0x00, 0x00, 0x00, 0x00, 0x00, 0x00, 0x00, 0x00,
    0x00, 0x00, 0x00, 0x00, 0x00, 0x00, 0x00, 0x00, 0x00, 0x00, 0x00, 0x00, 0x00, 0x00, 0x00, 0x00, 0x00, 0x00, 0x00, 0x00, 0x00, 0x00, 0x00, 0x00,
    0x00, 0x00, 0x00, 0x00, 0x00, 0x00, 0x00, 0x00, 0x00, 0x00, 0x00, 0x00, 0x00, 0x00, 0x00, 0x00, 0x00, 0x00, 0x05, 0xbe, 0xeb, 0x50, 0x00, 0x00,
    0x00, 0x00, 0x8f, 0xff, 0xff, 0xf8, 0x00, 0x00, 0x00, 0x05, 0xff, 0xff, 0xff, 0xff, 0x50, 0x00, 0x00, 0x0b, 0xff, 0xff, 0xff, 0xff, 0xb0, 0x00,
    0x00, 0x0e, 0xff, 0xff, 0xff, 0xff, 0xe0, 0x00, 0x00, 0x0e, 0xff, 0xff, 0xff, 0xff, 0xe0, 0x00, 0x00, 0x0b, 0xff, 0xff, 0xff, 0xff, 0xb0, 0x00,
    0x00, 0x05, 0xff, 0xff, 0xff, 0xff, 0x50, 0x00, 0x00, 0x00, 0x8f, 0xff, 0xff, 0xf8, 0x00, 0x00, 0x00, 0x00, 0x05, 0xbe, 0xeb, 0x50, 0x00, 0x00,
    0x00, 0x00, 0x00, 0x00, 0x00, 0x00, 0x00, 0x00, 0x00, 0x00, 0x00, 0x00, 0x00, 0x00, 0x00, 0x00, 0x00, 0x00, 0x00, 0x00, 0x00, 0x00, 0x00, 0x00,
    0x00, 0x00, 0x00, 0x00, 0x00, 0x00, 0x00, 0x00, 0x00, 0x00, 0x00, 0x00, 0x00, 0x00, 0x00, 0x00, 0x00, 0x00, 0x00, 0x00, 0x00, 0x00, 0x00, 0x00,
    0x00, 0x00, 0x05, 0xbc, 0xcb, 0x50, 0x00, 0x00, 0x00, 0x00, 0x8a, 0x20, 0x02, 0xa8, 0x00, 0x00, 0x00, 0x05, 0xa0, 0x00, 0x00, 0x0a, 0x50, 0x00,
    0x00, 0x0b, 0x20, 0x00, 0x00, 0x02, 0xb0, 0x00, 0x00, 0x0c, 0x00, 0x00, 0x00, 0x00, 0xc0, 0x00, 0x00, 0x0c, 0x00, 0x00, 0x00, 0x00, 0xc0, 0x00,
    0x00, 0x0b, 0x20, 0x00, 0x00, 0x02, 0xb0, 0x00, 0x00, 0x05, 0xa0, 0x00, 0x00, 0x0a, 0x50, 0x00, 0x00, 0x00, 0x8a, 0x20, 0x02, 0xa8, 0x00, 0x00,
    0x00, 0x00, 0x05, 0xbc, 0xcb, 0x50, 0x00, 0x00, 0x00, 0x00, 0x00, 0x00, 0x00, 0x00, 0x00, 0x00, 0x00, 0x00, 0x00, 0x00, 0x00, 0x00, 0x00, 0x00,
    0x00, 0x00, 0x00, 0x00, 0x00, 0x00, 0x00, 0x00, 0x00, 0x00, 0x00, 0x00, 0x00, 0x00, 0x00, 0x00, 0x00, 0x00, 0x00, 0x00, 0x00, 0x00, 0x00, 0x00,
    0x00, 0x00, 0x00, 0x00, 0x00, 0x00, 0x00, 0x00, 0x00, 0x00, 0x00, 0x00, 0x00, 0x00, 0x00, 0x00, 0x00, 0x00, 0x00, 0x00, 0x00, 0x00, 0x00, 0x00,
    0x00, 0x03, 0x44, 0x44, 0x44, 0x44, 0x30, 0x00, 0x02, 0xc9, 0x88, 0x88, 0x88, 0x88, 0x9c, 0x10, 0x08, 0x52, 0x66, 0x66, 0x66, 0x66, 0x26, 0x70,
    0x08, 0x52, 0x66, 0x66, 0x66, 0x66, 0x26, 0x70, 0x02, 0xc9, 0x88, 0x88, 0x88, 0x88, 0x9c, 0x10, 0x00, 0x03, 0x44, 0x44, 0x44, 0x44, 0x30, 0x00,
    0x00, 0x00, 0x00, 0x00, 0x00, 0x00, 0x00, 0x00, 0x00, 0x00, 0x00, 0x00, 0x00, 0x00, 0x00, 0x00, 0x00, 0x00, 0x00, 0x00, 0x00, 0x00, 0x00, 0x00,
    0x00, 0x00, 0x00, 0x00, 0x00, 0x00, 0x00, 0x00, 0x00, 0x00, 0x00, 0x00, 0x00, 0x00, 0x00, 0x00, 0x00, 0x00, 0x00, 0x00, 0x00, 0x00, 0x00, 0x00,
    0x00, 0x00, 0x00, 0x01, 0x10, 0x00, 0x00, 0x00, 0x00, 0x00, 0x00, 0x0e, 0xe0, 0x00, 0x00, 0x00, 0x00, 0x00, 0x00, 0x4f, 0xf4, 0x00, 0x00, 0x00,
    0x00, 0x00, 0x00, 0x8f, 0xf8, 0x00, 0x00, 0x00, 0x00, 0x57, 0x77, 0xdf, 0xfd, 0x77, 0x75, 0x00, 0x01, 0xff, 0xff, 0xff, 0xff, 0xff, 0xff, 0x10,
    0x00, 0x7f, 0xff, 0xff, 0xff, 0xff, 0xf7, 0x00, 0x00, 0x03, 0xdf, 0xff, 0xff, 0xfd, 0x30, 0x00, 0x00, 0x00, 0x3f, 0xff, 0xff, 0xf3, 0x00, 0x00,
    0x00, 0x00, 0x8f, 0xff, 0xff, 0xf8, 0x00, 0x00, 0x00, 0x00, 0xdf, 0xfc, 0xcf, 0xfd, 0x00, 0x00, 0x00, 0x02, 0xff, 0x80, 0x08, 0xff, 0x20, 0x00,
    0x00, 0x00, 0x74, 0x00, 0x00, 0x47, 0x00, 0x00, 0x00, 0x00, 0x00, 0x00, 0x00, 0x00, 0x00, 0x00, 0x00, 0x00, 0x00, 0x00, 0x00, 0x00, 0x00, 0x00,
    0x00, 0x00, 0x00, 0x00, 0x00, 0x00, 0x00, 0x00, 0x00, 0x00, 0x00, 0x02, 0x20, 0x00, 0x00, 0x00, 0x00, 0x00, 0x00, 0x0c, 0xc0, 0x00, 0x00, 0x00,
    0x00, 0x00, 0x00, 0x49, 0x94, 0x00, 0x00, 0x00, 0x00, 0x00, 0x00, 0x84, 0x48, 0x00, 0x00, 0x00, 0x00, 0x57, 0x77, 0xc0, 0x0c, 0x66, 0x65, 0x00,
    0x01, 0xd6, 0x66, 0x30, 0x03, 0x55, 0x5d, 0x10, 0x00, 0x7b, 0x20, 0x00, 0x00, 0x02, 0xb7, 0x00, 0x00, 0x03, 0xc4, 0x00, 0x00, 0x4c, 0x30, 0x00,
    0x00, 0x00, 0x39, 0x00, 0x00, 0x93, 0x00, 0x00, 0x00, 0x00, 0x85, 0x02, 0x20, 0x58, 0x00, 0x00, 0x00, 0x00, 0xc1, 0x7c, 0xc7, 0x1c, 0x00, 0x00,
    0x00, 0x02, 0xca, 0x80, 0x08, 0xac, 0x20, 0x00, 0x00, 0x00, 0x74, 0x00, 0x00, 0x47, 0x00, 0x00, 0x00, 0x00, 0x00, 0x00, 0x00, 0x00, 0x00, 0x00,
    0x00, 0x00, 0x00, 0x00, 0x00, 0x00, 0x00, 0x00, 0x00, 0x00, 0x00, 0x00, 0x00, 0x00, 0x00, 0x00, 0x00, 0x00, 0x00, 0x00, 0x00, 0x00, 0x00, 0x00,
    0x00, 0x00, 0x00, 0x00, 0x00, 0x00, 0x00, 0x00, 0x00, 0x00, 0x00, 0x00, 0x00, 0x00, 0x00, 0x00, 0x00, 0x00, 0x00, 0x00, 0x00, 0x00, 0x76, 0x00,
    0x00, 0x00, 0x00, 0x00, 0x00, 0x07, 0xa0, 0x00, 0x00, 0x00, 0x00, 0x00, 0x00, 0x7a, 0x00, 0x00, 0x00, 0x00, 0x00, 0x00, 0x07, 0xa0, 0x00, 0x00,
    0x00, 0x5a, 0x00, 0x00, 0x7a, 0x00, 0x00, 0x00, 0x00, 0x07, 0xa0, 0x07, 0xa0, 0x00, 0x00, 0x00, 0x00, 0x00, 0x79, 0x7a, 0x00, 0x00, 0x00, 0x00,
    0x00, 0x00, 0x07, 0xa0, 0x00, 0x00, 0x00, 0x00, 0x00, 0x00, 0x00, 0x00, 0x00, 0x00, 0x00, 0x00, 0x00, 0x00, 0x00, 0x00, 0x00, 0x00, 0x00, 0x00,
    0x00, 0x00, 0x00, 0x00, 0x00, 0x00, 0x00, 0x00, 0x00, 0x00, 0x00, 0x00, 0x00, 0x00, 0x00, 0x00, 0x00, 0x00, 0x00, 0x00, 0x00, 0x00, 0x00, 0x00,
    0x00, 0x00, 0x00, 0x27, 0x72, 0x00, 0x00, 0x00, 0x00, 0x00, 0x40, 0x87, 0x79, 0x04, 0x00, 0x00, 0x00, 0x09, 0xbb, 0xc4, 0x3c, 0xbb, 0xa0, 0x00,
    0x00, 0x4b, 0x05, 0x30, 0x03, 0x50, 0xb4, 0x00, 0x00, 0x0a, 0x60, 0x05, 0x50, 0x05, 0xb0, 0x00, 0x02, 0x9c, 0x30, 0xb8, 0x8b, 0x03, 0xc9, 0x20,
    0x06, 0x83, 0x04, 0x80, 0x08, 0x50, 0x37, 0x70, 0x06, 0x84, 0x04, 0x80, 0x08, 0x50, 0x47, 0x70, 0x01, 0x8c, 0x40, 0xb8, 0x8b, 0x03, 0xc8, 0x20,
    0x00, 0x0b, 0x50, 0x04, 0x40, 0x05, 0xb0, 0x00, 0x00, 0x3b, 0x05, 0x30, 0x03, 0x60, 0xb4, 0x00, 0x00, 0x09, 0xbb, 0xc4, 0x3c, 0xab, 0x90, 0x00,
    0x00, 0x00, 0x30, 0x88, 0x88, 0x04, 0x00, 0x00, 0x00, 0x00, 0x00, 0x16, 0x62, 0x00, 0x00, 0x00, 0x00, 0x00, 0x00, 0x00, 0x00, 0x00, 0x00, 0x00,
    0x00, 0x00, 0x00, 0x00, 0x00, 0x00, 0x00, 0x00, 0x00, 0x00, 0x00, 0x00, 0x00, 0x00, 0x00, 0x00, 0x00, 0x00, 0x00, 0x03, 0x30, 0x00, 0x00, 0x00,
    0x00, 0x00, 0x18, 0x66, 0x65, 0x91, 0x00, 0x00, 0x00, 0x01, 0xb6, 0x06, 0x60, 0x5c, 0x10, 0x00, 0x00, 0x08, 0x60, 0x06, 0x60, 0x05, 0x90, 0x00,
    0x00, 0x0c, 0x00, 0x06, 0x60, 0x00, 0xc1, 0x00, 0x00, 0x2a, 0x00, 0x06, 0x60, 0x00, 0x93, 0x00, 0x00, 0x2a, 0x00, 0x02, 0x20, 0x00, 0x93, 0x00,
    0x00, 0x0c, 0x00, 0x00, 0x00, 0x00, 0xc1, 0x00, 0x00, 0x08, 0x60, 0x00, 0x00, 0x06, 0x90, 0x00, 0x00, 0x00, 0xb6, 0x00, 0x00, 0x6c, 0x10, 0x00,
    0x00, 0x00, 0x08, 0xca, 0xac, 0x81, 0x00, 0x00, 0x00, 0x00, 0x00, 0x02, 0x20, 0x00, 0x00, 0x00, 0x00, 0x00, 0x00, 0x00, 0x00, 0x00, 0x00, 0x00,
    0x00, 0x00, 0x00, 0x00, 0x00, 0x00, 0x00, 0x00, 0x00, 0x00, 0x00, 0x00, 0x00, 0x00, 0x00, 0x00, 0x00, 0x00, 0x00, 0x00, 0x00, 0x00, 0x00, 0x00,
    0x00, 0x04, 0xcc, 0xcc, 0x80, 0x00, 0x00, 0x00, 0x00, 0x05, 0x70, 0x06, 0xd8, 0x00, 0x00, 0x00, 0x00, 0x05, 0x70, 0x06, 0x69, 0x80, 0x00, 0x00,
    0x00, 0x05, 0x70, 0x06, 0x60, 0x98, 0x00, 0x00, 0x00, 0x05, 0x70, 0x04, 0xcc, 0xce, 0x50, 0x00, 0x00, 0x05, 0x70, 0x00, 0x00, 0x07, 0x60, 0x00,
    0x00, 0x05, 0x70, 0x00, 0x00, 0x07, 0x60, 0x00, 0x00, 0x05, 0x70, 0x00, 0x00, 0x07, 0x60, 0x00, 0x00, 0x05, 0x70, 0x00, 0x00, 0x07, 0x60, 0x00,
    0x00, 0x05, 0x70, 0x00, 0x00, 0x07, 0x60, 0x00, 0x00, 0x05, 0x70, 0x00, 0x00, 0x07, 0x60, 0x00, 0x00, 0x04, 0xcc, 0xcc, 0xcc, 0xcc, 0x40, 0x00,
    0x00, 0x00, 0x00, 0x00, 0x00, 0x00, 0x00, 0x00, 0x00, 0x00, 0x00, 0x00, 0x00, 0x00, 0x00, 0x00, 0x00, 0x00, 0x00, 0x00, 0x00, 0x00, 0x00, 0x00,
    0x00, 0x00, 0x00, 0x01, 0x10, 0x00, 0x00, 0x00, 0x00, 0x00, 0x00, 0x09, 0x90, 0x00, 0x00, 0x00, 0x00, 0x00, 0x00, 0x3b, 0xb3, 0x00, 0x00, 0x00,
    0x00, 0x00, 0x00, 0xb3, 0x3b, 0x00, 0x00, 0x00, 0x00, 0x00, 0x04, 0xa0, 0x0a, 0x40, 0x00, 0x00, 0x00, 0x00, 0x0c, 0x27, 0x42, 0xc0, 0x00, 0x00,
    0x00, 0x00, 0x68, 0x08, 0x50, 0x86, 0x00, 0x00, 0x00, 0x01, 0xc1, 0x08, 0x50, 0x1c, 0x10, 0x00, 0x00, 0x07, 0x70, 0x08, 0x50, 0x06, 0x70, 0x00,
    0x00, 0x1c, 0x00, 0x03, 0x20, 0x00, 0xc1, 0x00, 0x00, 0x95, 0x00, 0x04, 0x20, 0x00, 0x59, 0x00, 0x02, 0xb0, 0x00, 0x01, 0x00, 0x00, 0x0b, 0x30,
    0x0a, 0xc9, 0x99, 0x99, 0x99, 0x99, 0x9b, 0xa0, 0x02, 0x33, 0x33, 0x33, 0x33, 0x33, 0x33, 0x20, 0x00, 0x00, 0x00, 0x00, 0x00, 0x00, 0x00, 0x00,
    0x00, 0x00, 0x00, 0x00, 0x00, 0x00, 0x00, 0x00, 0x00, 0x00, 0x00, 0x00, 0x00, 0x00, 0x00, 0x00, 0x00, 0x11, 0x10, 0x00, 0x00, 0x00, 0x00, 0x00,
    0x03, 0xdb, 0xc9, 0x00, 0x00, 0x00, 0x00, 0x00, 0x03, 0x90, 0x39, 0x00, 0x00, 0x00, 0x00, 0x00, 0x03, 0xa1, 0x39, 0x00, 0x00, 0x00, 0x00, 0x00,
    0x02, 0xbb, 0xb7, 0x7c, 0xc4, 0x00, 0x00, 0x00, 0x00, 0x00, 0x04, 0xa0, 0x1c, 0x10, 0x00, 0x00, 0x00, 0x00, 0x07, 0x50, 0x0a, 0x21, 0x10, 0x00,
    0x00, 0x00, 0x03, 0xb2, 0x3c, 0x09, 0x70, 0x00, 0x00, 0x00, 0x00, 0x5b, 0xa2, 0x2c, 0xc1, 0x00, 0x00, 0x00, 0x00, 0x00, 0x00, 0x85, 0x68, 0x00,
    0x00, 0x00, 0x00, 0x00, 0x01, 0xeb, 0xbe, 0x10, 0x00, 0x00, 0x00, 0x00, 0x00, 0x11, 0x11, 0x00, 0x00, 0x00, 0x00, 0x00, 0x00, 0x00, 0x00, 0x00,
    0x00, 0x00, 0x00, 0x00, 0x00, 0x00, 0x00, 0x00, 0x00, 0x00, 0x00, 0x00, 0x00, 0x00, 0x00, 0x00, 0x00, 0x00, 0x00, 0x00, 0x00, 0x00, 0x00, 0x00,
    0x00, 0x00, 0x00, 0x00, 0x00, 0x00, 0x00, 0x00, 0x00, 0x00, 0x00, 0x00, 0x4a, 0x00, 0x00, 0x00, 0x00, 0x24, 0x42, 0x19, 0xad, 0x00, 0x00, 0x00,
    0x00, 0xb8, 0x9c, 0xc6, 0x0c, 0x00, 0x32, 0x00, 0x00, 0xb1, 0x3c, 0x20, 0x0c, 0x19, 0x48, 0x00, 0x00, 0xb1, 0x39, 0x00, 0x0c, 0x0c, 0x1b, 0x00,
    0x00, 0xb1, 0x39, 0x00, 0x0c, 0x0c, 0x1b, 0x00, 0x00, 0xb1, 0x3c, 0x10, 0x0c, 0x19, 0x48, 0x00, 0x00, 0xb8, 0x9c, 0xc5, 0x0c, 0x00, 0x32, 0x00,
    0x00, 0x34, 0x42, 0x19, 0xad, 0x00, 0x00, 0x00, 0x00, 0x00, 0x00, 0x00, 0x5a, 0x00, 0x00, 0x00, 0x00, 0x00, 0x00, 0x00, 0x00, 0x00, 0x00, 0x00,
    0x00, 0x00, 0x00, 0x00, 0x00, 0x00, 0x00, 0x00, 0x00, 0x00, 0x00, 0x00, 0x00, 0x00, 0x00, 0x00, 0x00, 0x00, 0x00, 0x00, 0x00, 0x00, 0x00, 0x00,
    0x00, 0x00, 0x02, 0x79, 0x96, 0x20, 0x00, 0x00, 0x00, 0x01, 0x9b, 0x63, 0x36, 0xb9, 0x10, 0x00, 0x00, 0x1b, 0x60, 0x05, 0x40, 0x06, 0xb0, 0x00,
    0x00, 0x96, 0x00, 0x3f, 0xf3, 0x00, 0x68, 0x00, 0x02, 0xb0, 0x00, 0x2e, 0xe1, 0x00, 0x0c, 0x10, 0x07, 0x60, 0x00, 0x14, 0x41, 0x00, 0x07, 0x60,
    0x09, 0x30, 0x00, 0x5f, 0xf4, 0x00, 0x04, 0x80, 0x09, 0x30, 0x00, 0x5f, 0xf4, 0x00, 0x04, 0x80, 0x07, 0x60, 0x00, 0x5f, 0xf4, 0x00, 0x07, 0x60,
    0x02, 0xb0, 0x00, 0x5f, 0xf4, 0x00, 0x0c, 0x10, 0x00, 0x96, 0x00, 0x5f, 0xf4, 0x00, 0x68, 0x00, 0x00, 0x1b, 0x60, 0x27, 0x71, 0x06, 0xb0, 0x00,
    0x00, 0x01, 0x9b, 0x63, 0x36, 0xb9, 0x10, 0x00, 0x00, 0x00, 0x02, 0x79, 0x96, 0x20, 0x00, 0x00, 0x00, 0x00, 0x00, 0x00, 0x00, 0x00, 0x00, 0x00,
    0x00, 0x00, 0x00, 0x00, 0x00, 0x00, 0x00, 0x00, 0x00, 0x00, 0x00, 0x00, 0x00, 0x00, 0x00, 0x00, 0x00, 0x00, 0x00, 0x00, 0x00, 0x00, 0x00, 0x00,
    0x00, 0x0b, 0x70, 0x00, 0x00, 0x00, 0x00, 0x00, 0x00, 0x2c, 0xd0, 0x00, 0x00, 0x00, 0x00, 0x00, 0x00, 0x67, 0xc2, 0x00, 0x00, 0x00, 0x00, 0x00,
    0x00, 0x85, 0x94, 0x0c, 0xc0, 0x00, 0x00, 0x00, 0x00, 0xa3, 0x85, 0x4a, 0xa3, 0x01, 0x10, 0x00, 0x00, 0xc1, 0x68, 0x76, 0x76, 0x1d, 0xd2, 0x00,
    0x00, 0xd0, 0x3b, 0xb3, 0x4a, 0x68, 0x59, 0x00, 0x07, 0x90, 0x0c, 0xc0, 0x0c, 0xd2, 0x1d, 0x50, 0x02, 0x10, 0x02, 0x10, 0x01, 0x20, 0x01, 0x20,
    0x08, 0xdd, 0xdd, 0xdd, 0xdd, 0xdd, 0xdd, 0x80, 0x00, 0x00, 0x00, 0x00, 0x00, 0x00, 0x00, 0x00, 0x00, 0x00, 0x00, 0x00, 0x00, 0x00, 0x00, 0x00,
    0x00, 0x00, 0x00, 0x00, 0x00, 0x00, 0x00, 0x00, 0x00, 0x00, 0x00, 0x00, 0x00, 0x00, 0x00, 0x00, 0x00, 0x00, 0x02, 0x79, 0x96, 0x20, 0x00, 0x00,
    0x00, 0x01, 0x9b, 0x63, 0x36, 0xb9, 0x10, 0x00, 0x00, 0x1b, 0x50, 0x00, 0x04, 0x46, 0xb0, 0x00, 0x00, 0x96, 0x00, 0x00, 0x0b, 0x48, 0x68, 0x00,
    0x02, 0xb0, 0x00, 0x00, 0x1a, 0xc2, 0x0c, 0x10, 0x07, 0x60, 0x00, 0x5c, 0xc7, 0x20, 0x07, 0x60, 0x09, 0x30, 0x00, 0xc0, 0x1c, 0x00, 0x04, 0x80,
    0x09, 0x30, 0x00, 0xc0, 0x1c, 0x00, 0x04, 0x80, 0x07, 0x60, 0x02, 0x7c, 0xc5, 0x00, 0x07, 0x60, 0x02, 0xb0, 0x3c, 0x92, 0x00, 0x00, 0x0c, 0x10,
    0x00, 0x95, 0x83, 0xb0, 0x00, 0x00, 0x68, 0x00, 0x00, 0x1b, 0x54, 0x40, 0x00, 0x06, 0xb0, 0x00, 0x00, 0x01, 0x9b, 0x63, 0x36, 0xb9, 0x10, 0x00,
    0x00, 0x00, 0x02, 0x79, 0x96, 0x20, 0x00, 0x00, 0x00, 0x00, 0x00, 0x00, 0x00, 0x00, 0x00, 0x00, 0x00, 0x00, 0x00, 0x00, 0x00, 0x00, 0x00, 0x00,
    0x00, 0x00, 0x00, 0x00, 0x00, 0x00, 0x00, 0x00, 0x00, 0x00, 0x02, 0x82, 0x00, 0x00, 0x00, 0x00, 0x00, 0x00, 0x1c, 0x5b, 0x00, 0x00, 0x00, 0x00,
    0x00, 0x00, 0x76, 0x0b, 0x10, 0x00, 0x00, 0x00, 0x00, 0x02, 0xc0, 0x09, 0x30, 0x00, 0x00, 0x00, 0x00, 0x3c, 0x20, 0x07, 0x50, 0x00, 0x03, 0x51,
    0x2b, 0x92, 0x00, 0x06, 0x60, 0x00, 0xa9, 0x71, 0x00, 0x00, 0x00, 0x04, 0x70, 0x03, 0xa0, 0x00, 0x00, 0x00, 0x00, 0x04, 0x80, 0x07, 0x50, 0x00,
    0x00, 0x00, 0x00, 0x03, 0x90, 0x0a, 0x10, 0x00, 0x00, 0x00, 0x00, 0x01, 0xa0, 0x0c, 0x00, 0x00, 0x00, 0x00, 0x00, 0x00, 0xb7, 0x5a, 0x00, 0x00,
    0x00, 0x00, 0x00, 0x00, 0x06, 0x82, 0x00, 0x00, 0x00, 0x00, 0x00, 0x00, 0x00, 0x00, 0x00, 0x00, 0x00, 0x00, 0x00, 0x00, 0x00, 0x00, 0x00, 0x00,
    0x00, 0x00, 0x00, 0x00, 0x00, 0x00, 0x00, 0x00, 0x00, 0x00, 0x00, 0x00, 0x00, 0x02, 0x30, 0x50, 0x00, 0x00, 0x02, 0x82, 0x00, 0x01, 0xc9, 0x80,
    0x00, 0x00, 0x1c, 0x5b, 0x00, 0x00, 0x8e, 0x30, 0x00, 0x00, 0x76, 0x0b, 0x10, 0x04, 0x81, 0xa0, 0x00, 0x02, 0xc0, 0x09, 0x30, 0x00, 0x00, 0x00,
    0x00, 0x3c, 0x20, 0x07, 0x50, 0x00, 0x03, 0x51, 0x2b, 0x92, 0x00, 0x06, 0x60, 0x00, 0xa9, 0x71, 0x00, 0x00, 0x00, 0x04, 0x70, 0x03, 0x90, 0x00,
    0x00, 0x00, 0x00, 0x04, 0x80, 0x07, 0x50, 0x00, 0x00, 0x00, 0x00, 0x03, 0x90, 0x0a, 0x10, 0x00, 0x00, 0x00, 0x00, 0x01, 0xa0, 0x0c, 0x00, 0x00,
    0x00, 0x00, 0x00, 0x00, 0xb7, 0x5a, 0x00, 0x00, 0x00, 0x00, 0x00, 0x00, 0x06, 0x82, 0x00, 0x00, 0x00, 0x00, 0x00, 0x00, 0x00, 0x00, 0x00, 0x00,
    0x00, 0x00, 0x00, 0x00, 0x00, 0x00, 0x00, 0x00, 0x00, 0x00, 0x00, 0x00, 0x00, 0x00, 0x00, 0x00, 0x00, 0x00, 0x00, 0x00, 0x00, 0x00, 0x00, 0x00,
    0x06, 0xd8, 0x02, 0xbd, 0x00, 0x00, 0x00, 0x00, 0x07, 0x50, 0x00, 0x0b, 0x00, 0x00, 0x00, 0x00, 0x07, 0x50, 0x00, 0x0b, 0x00, 0x00, 0x00, 0x00,
    0x07, 0x50, 0x00, 0x0b, 0x00, 0x00, 0x00, 0x00, 0x06, 0x50, 0x00, 0x0c, 0x00, 0x00, 0x10, 0x00, 0x02, 0xb0, 0x00, 0x49, 0x00, 0x0a, 0xbb, 0x10,
    0x00, 0x6b, 0x79, 0xb1, 0x00, 0x57, 0x06, 0x60, 0x00, 0x01, 0xb5, 0x00, 0x00, 0x4a, 0x09, 0x50, 0x00, 0x00, 0x92, 0x00, 0x00, 0x07, 0xe7, 0x00,
    0x00, 0x00, 0x93, 0x00, 0x00, 0x00, 0xc0, 0x00, 0x00, 0x00, 0x59, 0x00, 0x00, 0x04, 0xa0, 0x00, 0x00, 0x00, 0x07, 0xcb, 0xbb, 0xca, 0x10, 0x00,
    0x00, 0x00, 0x00, 0x00, 0x00, 0x00, 0x00, 0x00, 0x00, 0x00, 0x00, 0x00, 0x00, 0x00, 0x00, 0x00, 0x00, 0x00, 0x00, 0x00, 0x00, 0x00, 0x00, 0x00,
    0x00, 0x00, 0x00, 0x00, 0x00, 0x00, 0x00, 0x00, 0x00, 0x00, 0x00, 0x00, 0x00, 0x00, 0x00, 0x00, 0x00, 0x00, 0x00, 0x00, 0x00, 0x00, 0x00, 0x00,
    0x00, 0x00, 0x00, 0x00, 0x00, 0x00, 0x00, 0x00, 0x01, 0x88, 0x88, 0x88, 0x88, 0x88, 0x81, 0x00, 0x04, 0x40, 0x00, 0x00, 0x00, 0x00, 0x44, 0x00,
    0x04, 0x40, 0x00, 0x00, 0x00, 0x00, 0x4b, 0x30, 0x04, 0x40, 0x00, 0x00, 0x00, 0x00, 0x4b, 0x30, 0x04, 0x40, 0x00, 0x00, 0x00, 0x00, 0x44, 0x00,
    0x01, 0x88, 0x88, 0x88, 0x88, 0x88, 0x81, 0x00, 0x00, 0x00, 0x00, 0x00, 0x00, 0x00, 0x00, 0x00, 0x00, 0x00, 0x00, 0x00, 0x00, 0x00, 0x00, 0x00,
    0x00, 0x00, 0x00, 0x00, 0x00, 0x00, 0x00, 0x00, 0x00, 0x00, 0x00, 0x00, 0x00, 0x00, 0x00, 0x00, 0x00, 0x00, 0x00, 0x00, 0x00, 0x00, 0x00, 0x00,
    0x00, 0x00, 0x00, 0x00, 0x00, 0x00, 0x00, 0x00, 0x00, 0x00, 0x00, 0x00, 0x00, 0x00, 0x00, 0x00, 0x00, 0x00, 0x00, 0x00, 0x00, 0x00, 0x00, 0x00,
    0x00, 0x00, 0x00, 0x00, 0x00, 0x00, 0x00, 0x00, 0x00, 0x00, 0x00, 0x00, 0x00, 0x00, 0x00, 0x00, 0x01, 0x88, 0x88, 0x88, 0x88, 0x88, 0x81, 0x00,
    0x04, 0x6b, 0xb0, 0x00, 0x00, 0x00, 0x44, 0x00, 0x04, 0x8f, 0xf0, 0x00, 0x00, 0x00, 0x4b, 0x30, 0x04, 0x8f, 0xf0, 0x00, 0x00, 0x00, 0x4b, 0x30,
    0x04, 0x6b, 0xb0, 0x00, 0x00, 0x00, 0x44, 0x00, 0x01, 0x88, 0x88, 0x88, 0x88, 0x88, 0x81, 0x00, 0x00, 0x00, 0x00, 0x00, 0x00, 0x00, 0x00, 0x00,
    0x00, 0x00, 0x00, 0x00, 0x00, 0x00, 0x00, 0x00, 0x00, 0x00, 0x00, 0x00, 0x00, 0x00, 0x00, 0x00, 0x00, 0x00, 0x00, 0x00, 0x00, 0x00, 0x00, 0x00,
    0x00, 0x00, 0x00, 0x00, 0x00, 0x00, 0x00, 0x00, 0x00, 0x00, 0x00, 0x00, 0x00, 0x00, 0x00, 0x00, 0x00, 0x00, 0x00, 0x00, 0x00, 0x00, 0x00, 0x00,
    0x00, 0x00, 0x00, 0x00, 0x00, 0x00, 0x00, 0x00, 0x00, 0x00, 0x00, 0x00, 0x00, 0x00, 0x00, 0x00, 0x00, 0x00, 0x00, 0x00, 0x00, 0x00, 0x00, 0x00,
    0x01, 0x88, 0x88, 0x88, 0x88, 0x88, 0x81, 0x00, 0x04, 0x6b, 0xbb, 0xbb, 0xbb, 0x00, 0x44, 0x00, 0x04, 0x8f, 0xff, 0xff, 0xff, 0x00, 0x4b, 0x30,
    0x04, 0x8f, 0xff, 0xff, 0xff, 0x00, 0x4b, 0x30, 0x04, 0x6b, 0xbb, 0xbb, 0xbb, 0x00, 0x44, 0x00, 0x01, 0x88, 0x88, 0x88, 0x88, 0x88, 0x81, 0x00,
    0x00, 0x00, 0x00, 0x00, 0x00, 0x00, 0x00, 0x00, 0x00, 0x00, 0x00, 0x00, 0x00, 0x00, 0x00, 0x00, 0x00, 0x00, 0x00, 0x00, 0x00, 0x00, 0x00, 0x00,
    0x00, 0x00, 0x00, 0x00, 0x00, 0x00, 0x00, 0x00, 0x00, 0x00, 0x00, 0x00, 0x00, 0x00, 0x00, 0x00, 0x00, 0x00, 0x00, 0x00, 0x00, 0x00, 0x00, 0x00,
    0x00, 0x00, 0x00, 0x00, 0x00, 0x00, 0x00, 0x00, 0x00, 0x00, 0x00, 0x00, 0x00, 0x00, 0x00, 0x00, 0x00, 0x00, 0x00, 0x00, 0x00, 0x00, 0x00, 0x00,
    0x00, 0x00, 0x00, 0x00, 0x00, 0x00, 0x00, 0x00, 0x01, 0x88, 0x88, 0x88, 0x88, 0x88, 0x81, 0x00, 0x04, 0x6b, 0xbb, 0xbb, 0xbb, 0xbb, 0x64, 0x00,
    0x04, 0x8f, 0xff, 0xff, 0xff, 0xff, 0x8b, 0x30, 0x04, 0x8f, 0xff, 0xff, 0xff, 0xff, 0x8b, 0x30, 0x04, 0x6b, 0xbb, 0xbb, 0xbb, 0xbb, 0x64, 0x00,
    0x01, 0x88, 0x88, 0x88, 0x88, 0x88, 0x81, 0x00, 0x00, 0x00, 0x00, 0x00, 0x00, 0x00, 0x00, 0x00, 0x00, 0x00, 0x00, 0x00, 0x00, 0x00, 0x00, 0x00,
    0x00, 0x00, 0x00, 0x00, 0x00, 0x00, 0x00, 0x00, 0x00, 0x00, 0x00, 0x00, 0x00, 0x00, 0x00, 0x00, 0x00, 0x00, 0x00, 0x00, 0x00, 0x00, 0x00, 0x00,
    0x00, 0x00, 0x00, 0x00, 0x00, 0x00, 0x00, 0x00, 0x00, 0x00, 0x00, 0x00, 0x00, 0x00, 0x00, 0x00, 0x00, 0x00, 0x00, 0x00, 0x00, 0x00, 0x00, 0x00,
    0x00, 0x00, 0x00, 0x00, 0x00, 0x00, 0x00, 0x00, 0x00, 0x00, 0x00, 0x00, 0x30, 0x00, 0x00, 0x00, 0x01, 0x88, 0x88, 0x87, 0x97, 0x88, 0x81, 0x00,
    0x04, 0x40, 0x00, 0x4e, 0x30, 0x00, 0x44, 0x00, 0x04, 0x40, 0x03, 0xef, 0xa2, 0x00, 0x4b, 0x30, 0x04, 0x40, 0x05, 0xcf, 0xf5, 0x00, 0x4b, 0x30,
    0x04, 0x40, 0x00, 0x7e, 0x40, 0x00, 0x44, 0x00, 0x01, 0x88, 0x86, 0xc6, 0x77, 0x77, 0x81, 0x00, 0x00, 0x00, 0x01, 0x10, 0x00, 0x00, 0x00, 0x00,
    0x00, 0x00, 0x00, 0x00, 0x00, 0x00, 0x00, 0x00, 0x00, 0x00, 0x00, 0x00, 0x00, 0x00, 0x00, 0x00, 0x00, 0x00, 0x00, 0x00, 0x00, 0x00, 0x00, 0x00,
    0x00, 0x00, 0x00, 0x00, 0x00, 0x00, 0x00, 0x00, 0x00, 0x00, 0x00, 0x00, 0x00, 0x00, 0x00, 0x00, 0x00, 0x00, 0x00, 0x00, 0x00, 0x00, 0x00, 0x00,
    0x00, 0x00, 0x00, 0x00, 0x00, 0x00, 0x00, 0x00, 0x00, 0x3d, 0xcc, 0xcc, 0xb0, 0x00, 0x00, 0x00, 0x00, 0x48, 0x00, 0x00, 0x00, 0x00, 0x00, 0x00,
    0x00, 0x48, 0x00, 0x00, 0x00, 0x00, 0x00, 0x00, 0x00, 0x49, 0x11, 0x10, 0x00, 0x00, 0x10, 0x00, 0x00, 0x4d, 0xbb, 0xb4, 0x49, 0x00, 0xb2, 0x00,
    0x00, 0x48, 0x00, 0x00, 0x0a, 0x58, 0x70, 0x00, 0x00, 0x48, 0x00, 0x00, 0x01, 0xcb, 0x00, 0x00, 0x00, 0x48, 0x00, 0x00, 0x01, 0xcc, 0x00, 0x00,
    0x00, 0x48, 0x00, 0x00, 0x0b, 0x47, 0x80, 0x00, 0x00, 0x36, 0x00, 0x00, 0x58, 0x00, 0xa2, 0x00, 0x00, 0x00, 0x00, 0x00, 0x00, 0x00, 0x00, 0x00,
    0x00, 0x00, 0x00, 0x00, 0x00, 0x00, 0x00, 0x00, 0x00, 0x00, 0x00, 0x00, 0x00, 0x00, 0x00, 0x00, 0x00, 0x00, 0x00, 0x00, 0x00, 0x00, 0x00, 0x00,
    0x00, 0x00, 0x02, 0x79, 0x96, 0x20, 0x00, 0x00, 0x00, 0x01, 0x9b, 0x63, 0x36, 0xb9, 0x10, 0x00, 0x00, 0x1b, 0x60, 0x00, 0x00, 0x06, 0xb0, 0x00,
    0x00, 0x96, 0x00, 0x00, 0x00, 0x41, 0x68, 0x00, 0x02, 0xb0, 0x00, 0x00, 0x06, 0xf3, 0x0c, 0x10, 0x07, 0x60, 0x00, 0x00, 0x6f, 0x50, 0x07, 0x60,
    0x09, 0x30, 0x00, 0x00, 0xa5, 0x00, 0x04, 0x80, 0x09, 0x30, 0x00, 0x00, 0x00, 0x00, 0x04, 0x80, 0x07, 0x60, 0x00, 0x00, 0x00, 0x00, 0x07, 0x60,
    0x02, 0xb0, 0x00, 0x00, 0x00, 0x00, 0x0c, 0x10, 0x00, 0x96, 0x00, 0x00, 0x00, 0x00, 0x68, 0x00, 0x00, 0x1b, 0x60, 0x00, 0x00, 0x06, 0xb0, 0x00,
    0x00, 0x01, 0x9b, 0x63, 0x36, 0xb9, 0x10, 0x00, 0x00, 0x00, 0x02, 0x79, 0x96, 0x20, 0x00, 0x00, 0x00, 0x00, 0x00, 0x00, 0x00, 0x00, 0x00, 0x00,
    0x00, 0x00, 0x00, 0x00, 0x00, 0x00, 0x00, 0x00, 0x00, 0x00, 0x05, 0xbb, 0xbb, 0x50, 0x00, 0x00, 0x00, 0x00, 0x08, 0x51, 0x15, 0x80, 0x00, 0x00,
    0x00, 0x00, 0x09, 0xdc, 0xcd, 0x90, 0x00, 0x00, 0x00, 0x00, 0x8a, 0x20, 0x02, 0xa8, 0x00, 0x00, 0x00, 0x05, 0xa0, 0x00, 0x00, 0x0a, 0x50, 0x00,
    0x00, 0x0b, 0x20, 0x00, 0x2a, 0x02, 0xb0, 0x00, 0x00, 0x0c, 0x00, 0x02, 0xc2, 0x00, 0xc0, 0x00, 0x00, 0x0c, 0x00, 0x02, 0x20, 0x00, 0xc0, 0x00,
    0x00, 0x0b, 0x20, 0x00, 0x00, 0x02, 0xb0, 0x00, 0x00, 0x05, 0xa0, 0x00, 0x00, 0x0a, 0x50, 0x00, 0x00, 0x00, 0x8a, 0x20, 0x02, 0xa8, 0x00, 0x00,
    0x00, 0x00, 0x09, 0xdc, 0xcd, 0x90, 0x00, 0x00, 0x00, 0x00, 0x08, 0x62, 0x26, 0x80, 0x00, 0x00, 0x00, 0x00, 0x05, 0xaa, 0xaa, 0x50, 0x00, 0x00,
    0x00, 0x00, 0x00, 0x00, 0x00, 0x00, 0x00, 0x00,
};
static const uint8_t AI16_IDX[138] = {
    255, 255, 255, 255, 255, 255, 255, 255, 0, 255, 1, 255, 255, 255, 255, 255, 255, 255, 255, 255, 255, 255, 255, 255,
    2, 255, 255, 255, 255, 255, 255, 255, 3, 255, 255, 255, 255, 255, 4, 5, 255, 255, 6, 7, 255, 255, 255, 8,
    255, 255, 255, 255, 255, 255, 255, 255, 255, 255, 255, 255, 255, 255, 255, 255, 255, 255, 255, 255, 255, 255, 255, 255,
    255, 255, 255, 255, 255, 255, 255, 9, 10, 11, 12, 13, 14, 15, 16, 17, 18, 19, 20, 21, 255, 22, 23, 24,
    25, 26, 255, 27, 255, 28, 255, 255, 255, 255, 29, 30, 31, 32, 255, 255, 255, 255, 255, 33, 255, 255, 34, 35,
    255, 36, 37, 38, 39, 40, 41, 42, 43, 44, 45, 255, 255, 255, 255, 255, 255, 255,
};
/* the cells' ink boxes: x0 | y0 << 4 | (x1 - 1) << 8 | (y1 - 1) << 12 */
static const uint16_t AI16_INK[46] = {
    48960, 57120, 60945, 60690, 56610, 53040, 56610, 56865, 60945, 44625, 48960, 56865,
    60945, 48450, 52785, 56610, 56626, 52020, 52275, 52275, 52275, 52275, 44625, 56849,
    56849, 48450, 60945, 56610, 56355, 60945, 56865, 52530, 60945, 52785, 60945, 57120,
    57104, 56865, 44625, 44625, 44625, 44625, 48705, 52530, 60945, 60435,
};

#define AI24_N 14
static const uint8_t AI24_DATA[4032] = {
    0x00, 0x00, 0x00, 0x00, 0x00, 0x00, 0x00, 0x00, 0x00, 0x00, 0x00, 0x00, 0x00, 0x00, 0x00, 0x00, 0x00, 0x00, 0x00, 0x00, 0x00, 0x00, 0x00, 0x00,
    0x00, 0x00, 0x00, 0x00, 0x00, 0x00, 0x00, 0x00, 0x00, 0x00, 0x00, 0x00, 0x00, 0x00, 0x00, 0x00, 0x00, 0x00, 0x00, 0x00, 0x00, 0x00, 0x00, 0x00,
    0x00, 0x00, 0x00, 0x00, 0x00, 0x00, 0x16, 0x99, 0x99, 0x99, 0x99, 0x70, 0x00, 0x00, 0x00, 0x00, 0x00, 0x04, 0xed, 0x98, 0x88, 0x88, 0x88, 0x60,
    0x00, 0x00, 0x00, 0x00, 0x00, 0x4f, 0x70, 0x00, 0x00, 0x00, 0x00, 0x00, 0x00, 0x00, 0x00, 0x00, 0x01, 0xe8, 0x00, 0x00, 0x00, 0x00, 0x00, 0x00,
    0x00, 0x00, 0x00, 0x00, 0x09, 0xc0, 0x00, 0x00, 0x00, 0x00, 0x00, 0x00, 0x00, 0x00, 0x00, 0x00, 0x2f, 0x30, 0x00, 0x00, 0x00, 0x00, 0x00, 0x00,
    0x00, 0x00, 0x00, 0x00, 0xaa, 0x00, 0x00, 0x00, 0x00, 0x00, 0x00, 0x00, 0x00, 0x00, 0x00, 0x02, 0xf3, 0x00, 0x00, 0x00, 0x00, 0x00, 0x00, 0x00,
    0x00, 0x00, 0x00, 0x07, 0xc0, 0x00, 0x00, 0x00, 0x00, 0x00, 0x00, 0x00, 0x00, 0x00, 0x00, 0x0d, 0x60, 0x00, 0x00, 0x00, 0x00, 0x00, 0x00, 0x00,
    0x00, 0x00, 0x00, 0x5e, 0x10, 0x00, 0x00, 0x00, 0x00, 0x00, 0x00, 0x00, 0x00, 0x00, 0x00, 0xb9, 0x00, 0x00, 0x00, 0x00, 0x00, 0x00, 0x00, 0x00,
    0x00, 0x00, 0x03, 0xf2, 0x00, 0x00, 0x00, 0x00, 0x00, 0x00, 0x00, 0x00, 0x00, 0x00, 0x0a, 0xa0, 0x00, 0x00, 0x00, 0x00, 0x00, 0x00, 0x00, 0x00,
    0x06, 0x88, 0xae, 0x20, 0x00, 0x00, 0x00, 0x00, 0x00, 0x00, 0x00, 0x00, 0x07, 0x99, 0x93, 0x00, 0x00, 0x00, 0x00, 0x00, 0x00, 0x00, 0x00, 0x00,
    0x00, 0x00, 0x00, 0x00, 0x00, 0x00, 0x00, 0x00, 0x00, 0x00, 0x00, 0x00, 0x00, 0x00, 0x00, 0x00, 0x00, 0x00, 0x00, 0x00, 0x00, 0x00, 0x00, 0x00,
    0x00, 0x00, 0x00, 0x00, 0x00, 0x00, 0x00, 0x00, 0x00, 0x00, 0x00, 0x00, 0x00, 0x00, 0x00, 0x00, 0x00, 0x00, 0x00, 0x00, 0x00, 0x00, 0x00, 0x00,
    0x00, 0x00, 0x00, 0x00, 0x00, 0x00, 0x00, 0x00, 0x00, 0x00, 0x00, 0x00, 0x00, 0x00, 0x00, 0x00, 0x00, 0x00, 0x00, 0x00, 0x00, 0x00, 0x00, 0x00,
    0x00, 0x00, 0x00, 0x00, 0x00, 0x00, 0x00, 0x00, 0x00, 0x00, 0x00, 0x00, 0x00, 0x00, 0x00, 0x00, 0x00, 0x00, 0x00, 0x00, 0x00, 0x00, 0x00, 0x00,
    0x00, 0x00, 0x00, 0x00, 0x00, 0x00, 0x00, 0x00, 0x00, 0x00, 0x00, 0x00, 0x00, 0x00, 0x00, 0x00, 0x00, 0x00, 0x00, 0x00, 0x00, 0x00, 0x00, 0x00,
    0x00, 0x00, 0x00, 0x00, 0x00, 0x00, 0x00, 0x00, 0x00, 0x00, 0x00, 0x00, 0x00, 0x00, 0x00, 0x00, 0x00, 0x00, 0x00, 0x00, 0x00, 0x00, 0x00, 0x00,
    0x00, 0x00, 0x36, 0x66, 0x66, 0x66, 0x66, 0x66, 0x66, 0x63, 0x00, 0x00, 0x00, 0x0b, 0xfc, 0xcc, 0xcc, 0xcc, 0xcc, 0xcc, 0xcc, 0xcf, 0xb0, 0x00,
    0x00, 0x8d, 0x20, 0x00, 0x00, 0x00, 0x00, 0x00, 0x00, 0x02, 0xd8, 0x00, 0x00, 0xd6, 0x04, 0x99, 0x99, 0x99, 0x99, 0x99, 0x99, 0x40, 0x6d, 0x00,
    0x00, 0xd6, 0x04, 0x99, 0x99, 0x99, 0x99, 0x99, 0x99, 0x40, 0x6d, 0x00, 0x00, 0x8d, 0x20, 0x00, 0x00, 0x00, 0x00, 0x00, 0x00, 0x02, 0xd8, 0x00,
    0x00, 0x1b, 0xfc, 0xcc, 0xcc, 0xcc, 0xcc, 0xcc, 0xcc, 0xcf, 0xb1, 0x00, 0x00, 0x00, 0x36, 0x66, 0x66, 0x66, 0x66, 0x66, 0x66, 0x63, 0x00, 0x00,
    0x00, 0x00, 0x00, 0x00, 0x00, 0x00, 0x00, 0x00, 0x00, 0x00, 0x00, 0x00, 0x00, 0x00, 0x00, 0x00, 0x00, 0x00, 0x00, 0x00, 0x00, 0x00, 0x00, 0x00,
    0x00, 0x00, 0x00, 0x00, 0x00, 0x00, 0x00, 0x00, 0x00, 0x00, 0x00, 0x00, 0x00, 0x00, 0x00, 0x00, 0x00, 0x00, 0x00, 0x00, 0x00, 0x00, 0x00, 0x00,
    0x00, 0x00, 0x00, 0x00, 0x00, 0x00, 0x00, 0x00, 0x00, 0x00, 0x00, 0x00, 0x00, 0x00, 0x00, 0x00, 0x00, 0x00, 0x00, 0x00, 0x00, 0x00, 0x00, 0x00,
    0x00, 0x00, 0x00, 0x00, 0x00, 0x00, 0x00, 0x00, 0x00, 0x00, 0x00, 0x00, 0x00, 0x00, 0x00, 0x00, 0x00, 0x00, 0x00, 0x00, 0x00, 0x00, 0x00, 0x00,
    0x00, 0x00, 0x00, 0x00, 0x00, 0x00, 0x00, 0x00, 0x00, 0x00, 0x00, 0x00, 0x00, 0x00, 0x00, 0x00, 0x00, 0x00, 0x00, 0x00, 0x00, 0x00, 0x00, 0x00,
    0x00, 0x00, 0x00, 0x00, 0x00, 0x00, 0x00, 0x00, 0x00, 0x00, 0x00, 0x00, 0x00, 0x00, 0x00, 0x00, 0x00, 0x00, 0x00, 0x00, 0x00, 0x00, 0x00, 0x00,
    0x00, 0x00, 0x00, 0x00, 0x00, 0x00, 0x00, 0x00, 0x00, 0x00, 0x00, 0x00, 0x00, 0x00, 0x00, 0x00, 0x00, 0x00, 0x00, 0x00, 0x00, 0x00, 0x00, 0x00,
    0x00, 0x00, 0x00, 0x00, 0x00, 0x00, 0x00, 0x00, 0x00, 0x00, 0x00, 0x00, 0x00, 0x01, 0x22, 0x22, 0x22, 0x22, 0x22, 0x22, 0x22, 0x20, 0x00, 0x00,
    0x00, 0x3c, 0x99, 0x99, 0x99, 0x99, 0x99, 0x99, 0x99, 0xaa, 0x00, 0x00, 0x00, 0x66, 0x00, 0x00, 0x00, 0x00, 0x00, 0x00, 0x00, 0x0b, 0x00, 0x00,
    0x00, 0x66, 0x00, 0x00, 0x00, 0x00, 0x00, 0x00, 0x00, 0x0b, 0x52, 0x00, 0x00, 0x66, 0x00, 0x00, 0x00, 0x00, 0x00, 0x00, 0x00, 0x0b, 0xb6, 0x00,
    0x00, 0x66, 0x00, 0x00, 0x00, 0x00, 0x00, 0x00, 0x00, 0x0b, 0xb6, 0x00, 0x00, 0x66, 0x00, 0x00, 0x00, 0x00, 0x00, 0x00, 0x00, 0x0b, 0x52, 0x00,
    0x00, 0x66, 0x00, 0x00, 0x00, 0x00, 0x00, 0x00, 0x00, 0x0b, 0x00, 0x00, 0x00, 0x3c, 0x99, 0x99, 0x99, 0x99, 0x99, 0x99, 0x99, 0xaa, 0x00, 0x00,
    0x00, 0x01, 0x22, 0x22, 0x22, 0x22, 0x22, 0x22, 0x22, 0x20, 0x00, 0x00, 0x00, 0x00, 0x00, 0x00, 0x00, 0x00, 0x00, 0x00, 0x00, 0x00, 0x00, 0x00,
    0x00, 0x00, 0x00, 0x00, 0x00, 0x00, 0x00, 0x00, 0x00, 0x00, 0x00, 0x00, 0x00, 0x00, 0x00, 0x00, 0x00, 0x00, 0x00, 0x00, 0x00, 0x00, 0x00, 0x00,
    0x00, 0x00, 0x00, 0x00, 0x00, 0x00, 0x00, 0x00, 0x00, 0x00, 0x00, 0x00, 0x00, 0x00, 0x00, 0x00, 0x00, 0x00, 0x00, 0x00, 0x00, 0x00, 0x00, 0x00,
    0x00, 0x00, 0x00, 0x00, 0x00, 0x00, 0x00, 0x00, 0x00, 0x00, 0x00, 0x00, 0x00, 0x00, 0x00, 0x00, 0x00, 0x00, 0x00, 0x00, 0x00, 0x00, 0x00, 0x00,
    0x00, 0x00, 0x00, 0x00, 0x00, 0x00, 0x00, 0x00, 0x00, 0x00, 0x00, 0x00, 0x00, 0x00, 0x00, 0x00, 0x00, 0x00, 0x00, 0x00, 0x00, 0x00, 0x00, 0x00,
    0x00, 0x00, 0x00, 0x00, 0x00, 0x00, 0x00, 0x00, 0x00, 0x00, 0x00, 0x00, 0x00, 0x00, 0x00, 0x00, 0x00, 0x00, 0x00, 0x00, 0x00, 0x00, 0x00, 0x00,
    0x00, 0x00, 0x00, 0x00, 0x00, 0x00, 0x00, 0x00, 0x00, 0x00, 0x00, 0x00, 0x00, 0x00, 0x00, 0x00, 0x00, 0x00, 0x00, 0x00, 0x00, 0x00, 0x00, 0x00,
    0x00, 0x00, 0x00, 0x00, 0x00, 0x00, 0x00, 0x00, 0x00, 0x00, 0x00, 0x00, 0x00, 0x01, 0x22, 0x22, 0x22, 0x22, 0x22, 0x22, 0x22, 0x20, 0x00, 0x00,
    0x00, 0x3c, 0x99, 0x99, 0x99, 0x99, 0x99, 0x99, 0x99, 0xaa, 0x00, 0x00, 0x00, 0x66, 0x89, 0x94, 0x00, 0x00, 0x00, 0x00, 0x00, 0x0b, 0x00, 0x00,
    0x00, 0x66, 0xdf, 0xf8, 0x00, 0x00, 0x00, 0x00, 0x00, 0x0b, 0x52, 0x00, 0x00, 0x66, 0xdf, 0xf8, 0x00, 0x00, 0x00, 0x00, 0x00, 0x0b, 0xb6, 0x00,
    0x00, 0x66, 0xdf, 0xf8, 0x00, 0x00, 0x00, 0x00, 0x00, 0x0b, 0xb6, 0x00, 0x00, 0x66, 0xdf, 0xf8, 0x00, 0x00, 0x00, 0x00, 0x00, 0x0b, 0x52, 0x00,
    0x00, 0x66, 0x89, 0x94, 0x00, 0x00, 0x00, 0x00, 0x00, 0x0b, 0x00, 0x00, 0x00, 0x3c, 0x99, 0x99, 0x99, 0x99, 0x99, 0x99, 0x99, 0xaa, 0x00, 0x00,
    0x00, 0x01, 0x22, 0x22, 0x22, 0x22, 0x22, 0x22, 0x22, 0x20, 0x00, 0x00, 0x00, 0x00, 0x00, 0x00, 0x00, 0x00, 0x00, 0x00, 0x00, 0x00, 0x00, 0x00,
    0x00, 0x00, 0x00, 0x00, 0x00, 0x00, 0x00, 0x00, 0x00, 0x00, 0x00, 0x00, 0x00, 0x00, 0x00, 0x00, 0x00, 0x00, 0x00, 0x00, 0x00, 0x00, 0x00, 0x00,
    0x00, 0x00, 0x00, 0x00, 0x00, 0x00, 0x00, 0x00, 0x00, 0x00, 0x00, 0x00, 0x00, 0x00, 0x00, 0x00, 0x00, 0x00, 0x00, 0x00, 0x00, 0x00, 0x00, 0x00,
    0x00, 0x00, 0x00, 0x00, 0x00, 0x00, 0x00, 0x00, 0x00, 0x00, 0x00, 0x00, 0x00, 0x00, 0x00, 0x00, 0x00, 0x00, 0x00, 0x00, 0x00, 0x00, 0x00, 0x00,
    0x00, 0x00, 0x00, 0x00, 0x00, 0x00, 0x00, 0x00, 0x00, 0x00, 0x00, 0x00, 0x00, 0x00, 0x00, 0x00, 0x00, 0x00, 0x00, 0x00, 0x00, 0x00, 0x00, 0x00,
    0x00, 0x00, 0x00, 0x00, 0x00, 0x00, 0x00, 0x00, 0x00, 0x00, 0x00, 0x00, 0x00, 0x00, 0x00, 0x00, 0x00, 0x00, 0x00, 0x00, 0x00, 0x00, 0x00, 0x00,
    0x00, 0x00, 0x00, 0x00, 0x00, 0x00, 0x00, 0x00, 0x00, 0x00, 0x00, 0x00, 0x00, 0x00, 0x00, 0x00, 0x00, 0x00, 0x00, 0x00, 0x00, 0x00, 0x00, 0x00,
    0x00, 0x00, 0x00, 0x00, 0x00, 0x00, 0x00, 0x00, 0x00, 0x00, 0x00, 0x00, 0x00, 0x01, 0x22, 0x22, 0x22, 0x22, 0x22, 0x22, 0x22, 0x20, 0x00, 0x00,
    0x00, 0x3c, 0x99, 0x99, 0x99, 0x99, 0x99, 0x99, 0x99, 0xaa, 0x00, 0x00, 0x00, 0x66, 0x89, 0x99, 0x99, 0x99, 0x99, 0x90, 0x00, 0x0b, 0x00, 0x00,
    0x00, 0x66, 0xdf, 0xff, 0xff, 0xff, 0xff, 0xf0, 0x00, 0x0b, 0x52, 0x00, 0x00, 0x66, 0xdf, 0xff, 0xff, 0xff, 0xff, 0xf0, 0x00, 0x0b, 0xb6, 0x00,
    0x00, 0x66, 0xdf, 0xff, 0xff, 0xff, 0xff, 0xf0, 0x00, 0x0b, 0xb6, 0x00, 0x00, 0x66, 0xdf, 0xff, 0xff, 0xff, 0xff, 0xf0, 0x00, 0x0b, 0x52, 0x00,
    0x00, 0x66, 0x89, 0x99, 0x99, 0x99, 0x99, 0x90, 0x00, 0x0b, 0x00, 0x00, 0x00, 0x3c, 0x99, 0x99, 0x99, 0x99, 0x99, 0x99, 0x99, 0xaa, 0x00, 0x00,
    0x00, 0x01, 0x22, 0x22, 0x22, 0x22, 0x22, 0x22, 0x22, 0x20, 0x00, 0x00, 0x00, 0x00, 0x00, 0x00, 0x00, 0x00, 0x00, 0x00, 0x00, 0x00, 0x00, 0x00,
    0x00, 0x00, 0x00, 0x00, 0x00, 0x00, 0x00, 0x00, 0x00, 0x00, 0x00, 0x00, 0x00, 0x00, 0x00, 0x00, 0x00, 0x00, 0x00, 0x00, 0x00, 0x00, 0x00, 0x00,
    0x00, 0x00, 0x00, 0x00, 0x00, 0x00, 0x00, 0x00, 0x00, 0x00, 0x00, 0x00, 0x00, 0x00, 0x00, 0x00, 0x00, 0x00, 0x00, 0x00, 0x00, 0x00, 0x00, 0x00,
    0x00, 0x00, 0x00, 0x00, 0x00, 0x00, 0x00, 0x00, 0x00, 0x00, 0x00, 0x00, 0x00, 0x00, 0x00, 0x00, 0x00, 0x00, 0x00, 0x00, 0x00, 0x00, 0x00, 0x00,
    0x00, 0x00, 0x00, 0x00, 0x00, 0x00, 0x00, 0x00, 0x00, 0x00, 0x00, 0x00, 0x00, 0x00, 0x00, 0x00, 0x00, 0x00, 0x00, 0x00, 0x00, 0x00, 0x00, 0x00,
    0x00, 0x00, 0x00, 0x00, 0x00, 0x00, 0x00, 0x00, 0x00, 0x00, 0x00, 0x00, 0x00, 0x00, 0x00, 0x00, 0x00, 0x00, 0x00, 0x00, 0x00, 0x00, 0x00, 0x00,
    0x00, 0x00, 0x00, 0x00, 0x00, 0x00, 0x00, 0x00, 0x00, 0x00, 0x00, 0x00, 0x00, 0x00, 0x00, 0x00, 0x00, 0x00, 0x00, 0x00, 0x00, 0x00, 0x00, 0x00,
    0x00, 0x00, 0x00, 0x00, 0x00, 0x00, 0x00, 0x00, 0x00, 0x00, 0x00, 0x00, 0x00, 0x01, 0x22, 0x22, 0x22, 0x22, 0x22, 0x22, 0x22, 0x20, 0x00, 0x00,
    0x00, 0x3c, 0x99, 0x99, 0x99, 0x99, 0x99, 0x99, 0x99, 0xaa, 0x00, 0x00, 0x00, 0x66, 0x89, 0x99, 0x99, 0x99, 0x99, 0x99, 0x99, 0x3b, 0x00, 0x00,
    0x00, 0x66, 0xdf, 0xff, 0xff, 0xff, 0xff, 0xff, 0xff, 0x6b, 0x52, 0x00, 0x00, 0x66, 0xdf, 0xff, 0xff, 0xff, 0xff, 0xff, 0xff, 0x6b, 0xb6, 0x00,
    0x00, 0x66, 0xdf, 0xff, 0xff, 0xff, 0xff, 0xff, 0xff, 0x6b, 0xb6, 0x00, 0x00, 0x66, 0xdf, 0xff, 0xff, 0xff, 0xff, 0xff, 0xff, 0x6b, 0x52, 0x00,
    0x00, 0x66, 0x89, 0x99, 0x99, 0x99, 0x99, 0x99, 0x99, 0x3b, 0x00, 0x00, 0x00, 0x3c, 0x99, 0x99, 0x99, 0x99, 0x99, 0x99, 0x99, 0xaa, 0x00, 0x00,
    0x00, 0x01, 0x22, 0x22, 0x22, 0x22, 0x22, 0x22, 0x22, 0x20, 0x00, 0x00, 0x00, 0x00, 0x00, 0x00, 0x00, 0x00, 0x00, 0x00, 0x00, 0x00, 0x00, 0x00,
    0x00, 0x00, 0x00, 0x00, 0x00, 0x00, 0x00, 0x00, 0x00, 0x00, 0x00, 0x00, 0x00, 0x00, 0x00, 0x00, 0x00, 0x00, 0x00, 0x00, 0x00, 0x00, 0x00, 0x00,
    0x00, 0x00, 0x00, 0x00, 0x00, 0x00, 0x00, 0x00, 0x00, 0x00, 0x00, 0x00, 0x00, 0x00, 0x00, 0x00, 0x00, 0x00, 0x00, 0x00, 0x00, 0x00, 0x00, 0x00,
    0x00, 0x00, 0x00, 0x00, 0x00, 0x00, 0x00, 0x00, 0x00, 0x00, 0x00, 0x00, 0x00, 0x00, 0x00, 0x00, 0x00, 0x00, 0x00, 0x00, 0x00, 0x00, 0x00, 0x00,
    0x00, 0x00, 0x00, 0x00, 0x00, 0x00, 0x00, 0x00, 0x00, 0x00, 0x00, 0x00, 0x00, 0x00, 0x00, 0x00, 0x00, 0x00, 0x00, 0x00, 0x00, 0x00, 0x00, 0x00,
    0x00, 0x00, 0x00, 0x00, 0x00, 0x00, 0x00, 0x00, 0x00, 0x00, 0x00, 0x00, 0x00, 0x00, 0x00, 0x00, 0x00, 0x00, 0x00, 0x00, 0x00, 0x00, 0x00, 0x00,
    0x00, 0x00, 0x00, 0x00, 0x00, 0x00, 0x00, 0x00, 0x00, 0x00, 0x00, 0x00, 0x00, 0x00, 0x00, 0x00, 0x00, 0x00, 0x00, 0x00, 0x00, 0x00, 0x00, 0x00,
    0x00, 0x00, 0x00, 0x00, 0x00, 0x00, 0x00, 0x00, 0x00, 0x00, 0x00, 0x00, 0x00, 0x01, 0x22, 0x22, 0x22, 0x21, 0xb4, 0x22, 0x22, 0x20, 0x00, 0x00,
    0x00, 0x3c, 0x99, 0x99, 0x99, 0x8a, 0xc6, 0x99, 0x99, 0xaa, 0x00, 0x00, 0x00, 0x66, 0x00, 0x00, 0x00, 0x9f, 0x50, 0x00, 0x00, 0x0b, 0x00, 0x00,
    0x00, 0x66, 0x00, 0x00, 0x07, 0xff, 0x20, 0x00, 0x00, 0x0b, 0x52, 0x00, 0x00, 0x66, 0x00, 0x00, 0x6f, 0xff, 0xf9, 0x20, 0x00, 0x0b, 0xb6, 0x00,
    0x00, 0x66, 0x00, 0x00, 0xbf, 0xff, 0xfe, 0x40, 0x00, 0x0b, 0xb6, 0x00, 0x00, 0x66, 0x00, 0x00, 0x02, 0xdf, 0xe3, 0x00, 0x00, 0x0b, 0x52, 0x00,
    0x00, 0x66, 0x00, 0x00, 0x04, 0xfd, 0x20, 0x00, 0x00, 0x0b, 0x00, 0x00, 0x00, 0x3c, 0xaa, 0xaa, 0x5c, 0xc7, 0x99, 0x99, 0x99, 0xaa, 0x00, 0x00,
    0x00, 0x01, 0x22, 0x22, 0x5a, 0x12, 0x22, 0x22, 0x22, 0x20, 0x00, 0x00, 0x00, 0x00, 0x00, 0x00, 0x00, 0x00, 0x00, 0x00, 0x00, 0x00, 0x00, 0x00,
    0x00, 0x00, 0x00, 0x00, 0x00, 0x00, 0x00, 0x00, 0x00, 0x00, 0x00, 0x00, 0x00, 0x00, 0x00, 0x00, 0x00, 0x00, 0x00, 0x00, 0x00, 0x00, 0x00, 0x00,
    0x00, 0x00, 0x00, 0x00, 0x00, 0x00, 0x00, 0x00, 0x00, 0x00, 0x00, 0x00, 0x00, 0x00, 0x00, 0x00, 0x00, 0x00, 0x00, 0x00, 0x00, 0x00, 0x00, 0x00,
    0x00, 0x00, 0x00, 0x00, 0x00, 0x00, 0x00, 0x00, 0x00, 0x00, 0x00, 0x00, 0x00, 0x00, 0x00, 0x00, 0x00, 0x00, 0x00, 0x00, 0x00, 0x00, 0x00, 0x00,
    0x00, 0x00, 0x00, 0x00, 0x00, 0x00, 0x00, 0x00, 0x00, 0x00, 0x00, 0x00, 0x00, 0x00, 0x00, 0x00, 0x00, 0x00, 0x00, 0x00, 0x00, 0x00, 0x00, 0x00,
    0x00, 0x00, 0x00, 0x00, 0x00, 0x00, 0x00, 0x00, 0x00, 0x00, 0x00, 0x00, 0x00, 0x00, 0x00, 0x00, 0x00, 0x00, 0x00, 0x00, 0x00, 0x00, 0x00, 0x00,
    0x07, 0x99, 0x99, 0x99, 0x99, 0x61, 0x00, 0x00, 0x00, 0x00, 0x00, 0x00, 0x06, 0x88, 0x88, 0x88, 0x89, 0xde, 0x40, 0x00, 0x00, 0x00, 0x00, 0x00,
    0x00, 0x00, 0x00, 0x00, 0x00, 0x07, 0xf4, 0x00, 0x00, 0x00, 0x00, 0x00, 0x00, 0x00, 0x00, 0x00, 0x00, 0x00, 0x8e, 0x10, 0x00, 0x00, 0x00, 0x00,
    0x00, 0x00, 0x00, 0x00, 0x00, 0x00, 0x0c, 0x90, 0x00, 0x00, 0x00, 0x00, 0x00, 0x00, 0x00, 0x00, 0x00, 0x00, 0x03, 0xf2, 0x00, 0x00, 0x00, 0x00,
    0x00, 0x00, 0x00, 0x00, 0x00, 0x00, 0x00, 0xaa, 0x00, 0x00, 0x00, 0x00, 0x00, 0x00, 0x00, 0x00, 0x00, 0x00, 0x00, 0x3f, 0x20, 0x00, 0x00, 0x00,
    0x00, 0x00, 0x00, 0x00, 0x00, 0x00, 0x00, 0x0c, 0x70, 0x00, 0x00, 0x00, 0x00, 0x00, 0x00, 0x00, 0x00, 0x00, 0x00, 0x06, 0xd0, 0x00, 0x00, 0x00,
    0x00, 0x00, 0x00, 0x00, 0x00, 0x00, 0x00, 0x01, 0xe5, 0x00, 0x00, 0x00, 0x00, 0x00, 0x00, 0x00, 0x00, 0x00, 0x00, 0x00, 0x9b, 0x00, 0x00, 0x00,
    0x00, 0x00, 0x00, 0x00, 0x00, 0x00, 0x00, 0x00, 0x2f, 0x30, 0x00, 0x00, 0x00, 0x00, 0x00, 0x00, 0x00, 0x00, 0x00, 0x00, 0x0a, 0xa0, 0x00, 0x00,
    0x00, 0x00, 0x00, 0x00, 0x00, 0x00, 0x00, 0x00, 0x02, 0xea, 0x88, 0x60, 0x00, 0x00, 0x00, 0x00, 0x00, 0x00, 0x00, 0x00, 0x00, 0x39, 0x99, 0x70,
    0x00, 0x00, 0x00, 0x00, 0x00, 0x00, 0x00, 0x00, 0x00, 0x00, 0x00, 0x00, 0x00, 0x00, 0x00, 0x00, 0x00, 0x00, 0x00, 0x00, 0x00, 0x00, 0x00, 0x00,
    0x00, 0x00, 0x00, 0x00, 0x00, 0x00, 0x00, 0x00, 0x00, 0x00, 0x00, 0x00, 0x00, 0x00, 0x00, 0x00, 0x00, 0x00, 0x00, 0x00, 0x00, 0x00, 0x00, 0x00,
    0x00, 0x00, 0x00, 0x00, 0x00, 0x00, 0x00, 0x00, 0x00, 0x00, 0x00, 0x00, 0x00, 0x00, 0x00, 0x00, 0x00, 0x00, 0x00, 0x00, 0x00, 0x00, 0x00, 0x00,
    0x00, 0x00, 0x00, 0x00, 0x00, 0x00, 0x00, 0x00, 0x00, 0x00, 0x00, 0x00, 0x00, 0x00, 0x00, 0x00, 0x00, 0x00, 0x00, 0x00, 0x00, 0x00, 0x00, 0x00,
    0x00, 0x00, 0x00, 0x00, 0x00, 0x00, 0x00, 0x00, 0x00, 0x00, 0x00, 0x00, 0x00, 0x00, 0x00, 0x00, 0x00, 0x00, 0x00, 0x00, 0x00, 0x00, 0x00, 0x00,
    0x00, 0x00, 0x4c, 0xcc, 0xcc, 0xcc, 0xcc, 0xcc, 0x70, 0x00, 0x00, 0x00, 0x00, 0x00, 0x16, 0x66, 0x66, 0x66, 0x66, 0x67, 0xda, 0x00, 0x00, 0x00,
    0x00, 0x00, 0x00, 0x00, 0x00, 0x00, 0x00, 0x00, 0x2e, 0x40, 0x00, 0x00, 0x00, 0x00, 0x00, 0x00, 0x00, 0x00, 0x00, 0x17, 0x0c, 0x61, 0x70, 0x00,
    0x00, 0x00, 0x00, 0x10, 0x00, 0x00, 0x00, 0x2e, 0x9b, 0x8d, 0xa0, 0x00, 0x00, 0x00, 0x0a, 0xe3, 0x00, 0x00, 0x00, 0x02, 0xef, 0xfb, 0x00, 0x00,
    0x00, 0x00, 0xaf, 0xfe, 0x30, 0x00, 0x00, 0x00, 0x3e, 0xb0, 0x00, 0x00, 0x00, 0x0a, 0xd8, 0xc8, 0xe2, 0x00, 0x00, 0x00, 0x01, 0x00, 0x00, 0x00,
    0x00, 0x06, 0x26, 0xc0, 0x62, 0x00, 0x00, 0x00, 0x00, 0x00, 0x00, 0x00, 0x00, 0x00, 0x03, 0xf2, 0x00, 0x00, 0x00, 0x00, 0x00, 0x00, 0x00, 0x00,
    0x00, 0x00, 0x00, 0xae, 0x76, 0x66, 0x66, 0x66, 0x66, 0x62, 0x00, 0x00, 0x00, 0x00, 0x00, 0x07, 0xbc, 0xcc, 0xcc, 0xcc, 0xcc, 0xc5, 0x00, 0x00,
    0x00, 0x00, 0x00, 0x00, 0x00, 0x00, 0x00, 0x00, 0x00, 0x00, 0x00, 0x00, 0x00, 0x00, 0x00, 0x00, 0x00, 0x00, 0x00, 0x00, 0x00, 0x00, 0x00, 0x00,
    0x00, 0x00, 0x00, 0x00, 0x00, 0x00, 0x00, 0x00, 0x00, 0x00, 0x00, 0x00, 0x00, 0x00, 0x00, 0x00, 0x00, 0x00, 0x00, 0x00, 0x00, 0x00, 0x00, 0x00,
    0x00, 0x00, 0x00, 0x00, 0x00, 0x00, 0x00, 0x00, 0x00, 0x00, 0x00, 0x00, 0x00, 0x00, 0x00, 0x00, 0x00, 0x00, 0x00, 0x00, 0x00, 0x00, 0x00, 0x00,
    0x00, 0x00, 0x00, 0x00, 0x00, 0x00, 0x00, 0x00, 0x00, 0x00, 0x00, 0x00, 0x00, 0x00, 0x00, 0x00, 0x00, 0x00, 0x00, 0x00, 0x00, 0x00, 0x00, 0x00,
    0x00, 0x00, 0x00, 0x00, 0x00, 0x00, 0x00, 0x00, 0x00, 0x00, 0x00, 0x00, 0x00, 0x00, 0x00, 0x00, 0x00, 0x00, 0x00, 0x00, 0x00, 0x00, 0x00, 0x00,
    0x00, 0x00, 0x00, 0x00, 0x00, 0x00, 0x00, 0x01, 0x71, 0x00, 0x00, 0x00, 0x00, 0x00, 0x00, 0x00, 0x00, 0x00, 0x00, 0x3d, 0xf4, 0x00, 0x00, 0x00,
    0x00, 0x00, 0x00, 0x00, 0x00, 0x00, 0x06, 0xff, 0xf4, 0x00, 0x00, 0x00, 0x00, 0x00, 0x00, 0x00, 0x00, 0x01, 0xaf, 0xff, 0xf4, 0x00, 0x00, 0x00,
    0x00, 0x00, 0x00, 0x00, 0x00, 0x3d, 0xff, 0xff, 0xf4, 0x00, 0x00, 0x00, 0x00, 0x00, 0x00, 0x00, 0x06, 0xef, 0xff, 0xff, 0xf4, 0x00, 0x00, 0x00,
    0x00, 0x00, 0x00, 0x01, 0xaf, 0xff, 0xff, 0xff, 0xf4, 0x00, 0x00, 0x00, 0x00, 0x00, 0x00, 0x1d, 0xff, 0xff, 0xff, 0xff, 0xf4, 0x00, 0x00, 0x00,
    0x00, 0x00, 0x00, 0x1c, 0xff, 0xff, 0xff, 0xff, 0xf4, 0x00, 0x00, 0x00, 0x00, 0x00, 0x00, 0x00, 0x9f, 0xff, 0xff, 0xff, 0xf4, 0x00, 0x00, 0x00,
    0x00, 0x00, 0x00, 0x00, 0x05, 0xef, 0xff, 0xff, 0xf4, 0x00, 0x00, 0x00, 0x00, 0x00, 0x00, 0x00, 0x00, 0x2c, 0xff, 0xff, 0xf4, 0x00, 0x00, 0x00,
    0x00, 0x00, 0x00, 0x00, 0x00, 0x01, 0x9f, 0xff, 0xf4, 0x00, 0x00, 0x00, 0x00, 0x00, 0x00, 0x00, 0x00, 0x00, 0x05, 0xef, 0xf4, 0x00, 0x00, 0x00,
    0x00, 0x00, 0x00, 0x00, 0x00, 0x00, 0x00, 0x2c, 0xf4, 0x00, 0x00, 0x00, 0x00, 0x00, 0x00, 0x00, 0x00, 0x00, 0x00, 0x01, 0x61, 0x00, 0x00, 0x00,
    0x00, 0x00, 0x00, 0x00, 0x00, 0x00, 0x00, 0x00, 0x00, 0x00, 0x00, 0x00, 0x00, 0x00, 0x00, 0x00, 0x00, 0x00, 0x00, 0x00, 0x00, 0x00, 0x00, 0x00,
    0x00, 0x00, 0x00, 0x00, 0x00, 0x00, 0x00, 0x00, 0x00, 0x00, 0x00, 0x00, 0x00, 0x00, 0x00, 0x00, 0x00, 0x00, 0x00, 0x00, 0x00, 0x00, 0x00, 0x00,
    0x00, 0x00, 0x00, 0x00, 0x00, 0x00, 0x00, 0x00, 0x00, 0x00, 0x00, 0x00, 0x00, 0x00, 0x00, 0x00, 0x00, 0x00, 0x00, 0x00, 0x00, 0x00, 0x00, 0x00,
    0x00, 0x00, 0x00, 0x00, 0x00, 0x00, 0x00, 0x00, 0x00, 0x00, 0x00, 0x00, 0x00, 0x00, 0x00, 0x04, 0xef, 0xff, 0xff, 0xfe, 0x40, 0x00, 0x00, 0x00,
    0x00, 0x00, 0x00, 0x4e, 0x62, 0x22, 0x22, 0x26, 0xe4, 0x00, 0x00, 0x00, 0x00, 0x00, 0x04, 0xe6, 0x00, 0x00, 0x00, 0x00, 0x6e, 0x40, 0x00, 0x00,
    0x00, 0x00, 0x4e, 0x60, 0x00, 0x00, 0x00, 0x00, 0x06, 0xe4, 0x00, 0x00, 0x00, 0x04, 0xe6, 0x00, 0x00, 0x00, 0x00, 0x00, 0x00, 0x6e, 0x40, 0x00,
    0x00, 0x0e, 0x60, 0x00, 0x00, 0x00, 0x00, 0x00, 0x00, 0x06, 0xe0, 0x00, 0x00, 0x0f, 0x23, 0xba, 0x6b, 0xb7, 0x6b, 0x62, 0xbb, 0x42, 0xf0, 0x00,
    0x00, 0x0f, 0x2c, 0x95, 0x3b, 0xc4, 0xf7, 0xf6, 0xe8, 0xe2, 0xf0, 0x00, 0x00, 0x0f, 0x2b, 0xb6, 0x08, 0x92, 0xf0, 0xe7, 0xea, 0xd2, 0xf0, 0x00,
    0x00, 0x0f, 0x22, 0x8d, 0x48, 0x92, 0xf0, 0xe7, 0xe8, 0x22, 0xf0, 0x00, 0x00, 0x0f, 0x22, 0x6d, 0x58, 0x91, 0xf7, 0xf6, 0xd0, 0x02, 0xf0, 0x00,
    0x00, 0x0f, 0x25, 0xb8, 0x05, 0x60, 0x6b, 0x62, 0x90, 0x02, 0xf0, 0x00, 0x00, 0x0e, 0x60, 0x00, 0x00, 0x00, 0x00, 0x00, 0x00, 0x06, 0xe0, 0x00,
    0x00, 0x04, 0xe6, 0x00, 0x00, 0x00, 0x00, 0x00, 0x00, 0x6e, 0x40, 0x00, 0x00, 0x00, 0x4e, 0x60, 0x00, 0x00, 0x00, 0x00, 0x06, 0xe4, 0x00, 0x00,
    0x00, 0x00, 0x04, 0xe6, 0x00, 0x00, 0x00, 0x00, 0x6e, 0x40, 0x00, 0x00, 0x00, 0x00, 0x00, 0x4e, 0x62, 0x22, 0x22, 0x26, 0xe4, 0x00, 0x00, 0x00,
    0x00, 0x00, 0x00, 0x04, 0xff, 0xff, 0xff, 0xff, 0x40, 0x00, 0x00, 0x00, 0x00, 0x00, 0x00, 0x00, 0x01, 0x11, 0x11, 0x10, 0x00, 0x00, 0x00, 0x00,
    0x00, 0x00, 0x00, 0x00, 0x00, 0x00, 0x00, 0x00, 0x00, 0x00, 0x00, 0x00, 0x00, 0x00, 0x00, 0x00, 0x00, 0x00, 0x00, 0x00, 0x00, 0x00, 0x00, 0x00,
    0x00, 0x00, 0x00, 0x00, 0x00, 0x00, 0x00, 0x00, 0x00, 0x00, 0x00, 0x00, 0x00, 0x00, 0x00, 0x00, 0x00, 0x00, 0x00, 0x00, 0x00, 0x00, 0x00, 0x00,
    0x00, 0x00, 0x00, 0x00, 0x00, 0x00, 0x00, 0x00, 0x00, 0x00, 0x00, 0x00, 0x00, 0x00, 0x00, 0x00, 0x00, 0x05, 0x50, 0x00, 0x00, 0x00, 0x00, 0x00,
    0x00, 0x00, 0x00, 0x00, 0x00, 0x09, 0x90, 0x00, 0x00, 0x00, 0x00, 0x00, 0x00, 0x00, 0x00, 0x00, 0x03, 0xbf, 0xfb, 0x30, 0x00, 0x00, 0x00, 0x00,
    0x00, 0x00, 0x00, 0x02, 0x16, 0x8a, 0xa8, 0x61, 0x20, 0x00, 0x00, 0x00, 0x00, 0x00, 0x56, 0x6e, 0x60, 0x09, 0x90, 0x05, 0xe6, 0x65, 0x00, 0x00,
    0x00, 0x00, 0x4d, 0xf8, 0x00, 0x09, 0x90, 0x00, 0x8f, 0xd4, 0x00, 0x00, 0x00, 0x00, 0x09, 0xde, 0xa2, 0x09, 0x90, 0x2a, 0xed, 0x90, 0x00, 0x00,
    0x00, 0x00, 0x0a, 0x72, 0xae, 0x89, 0x98, 0xea, 0x27, 0xa0, 0x00, 0x00, 0x00, 0x00, 0x03, 0x20, 0x04, 0xcf, 0xfc, 0x40, 0x02, 0x30, 0x00, 0x00,
    0x00, 0x00, 0x03, 0x20, 0x03, 0xcf, 0xfc, 0x30, 0x02, 0x30, 0x00, 0x00, 0x00, 0x00, 0x0a, 0x72, 0x9f, 0x89, 0xa8, 0xfa, 0x27, 0xa0, 0x00, 0x00,
    0x00, 0x00, 0x09, 0xce, 0xb2, 0x09, 0x90, 0x2b, 0xec, 0x90, 0x00, 0x00, 0x00, 0x00, 0x4d, 0xf8, 0x00, 0x09, 0x90, 0x00, 0x8f, 0xd4, 0x00, 0x00,
    0x00, 0x00, 0x57, 0x7e, 0x50, 0x09, 0x90, 0x05, 0xe7, 0x65, 0x00, 0x00, 0x00, 0x00, 0x00, 0x02, 0x15, 0x79, 0xa7, 0x51, 0x20, 0x00, 0x00, 0x00,
    0x00, 0x00, 0x00, 0x00, 0x03, 0xcf, 0xfc, 0x30, 0x00, 0x00, 0x00, 0x00, 0x00, 0x00, 0x00, 0x00, 0x00, 0x09, 0xa0, 0x00, 0x00, 0x00, 0x00, 0x00,
    0x00, 0x00, 0x00, 0x00, 0x00, 0x05, 0x50, 0x00, 0x00, 0x00, 0x00, 0x00, 0x00, 0x00, 0x00, 0x00, 0x00, 0x00, 0x00, 0x00, 0x00, 0x00, 0x00, 0x00,
    0x00, 0x00, 0x00, 0x00, 0x00, 0x00, 0x00, 0x00, 0x00, 0x00, 0x00, 0x00, 0x00, 0x00, 0x00, 0x00, 0x00, 0x00, 0x00, 0x00, 0x00, 0x00, 0x00, 0x00,
    0x00, 0x00, 0x00, 0x00, 0x00, 0x00, 0x00, 0x00, 0x00, 0x00, 0x00, 0x00, 0x00, 0x00, 0x00, 0x00, 0x00, 0x00, 0x00, 0x00, 0x00, 0x00, 0x00, 0x00,
    0x00, 0x00, 0x00, 0x00, 0x00, 0x00, 0x00, 0x00, 0x00, 0x00, 0x00, 0x00, 0x00, 0x00, 0x00, 0x00, 0x00, 0x00, 0x00, 0x00, 0x00, 0x00, 0x00, 0x00,
    0x00, 0x00, 0x00, 0x00, 0x00, 0x05, 0x50, 0x00, 0x00, 0x00, 0x00, 0x00, 0x00, 0x00, 0x00, 0x00, 0x00, 0x6f, 0xf5, 0x00, 0x00, 0x00, 0x00, 0x00,
    0x00, 0x00, 0x00, 0x00, 0x06, 0xfd, 0xdf, 0x50, 0x00, 0x00, 0x00, 0x00, 0x00, 0x00, 0x00, 0x00, 0x6f, 0x59, 0x96, 0xf5, 0x00, 0x00, 0x00, 0x00,
    0x00, 0x00, 0x00, 0x06, 0xf5, 0x09, 0x90, 0x6f, 0x50, 0x00, 0x00, 0x00, 0x00, 0x00, 0x00, 0x0a, 0x50, 0x09, 0x90, 0x06, 0x90, 0x00, 0x00, 0x00,
    0x00, 0x00, 0x00, 0x00, 0x00, 0x09, 0x90, 0x00, 0x00, 0x00, 0x00, 0x00, 0x00, 0x00, 0x00, 0x00, 0x00, 0x09, 0x90, 0x00, 0x00, 0x00, 0x00, 0x00,
    0x00, 0x00, 0x00, 0x00, 0x00, 0x09, 0x90, 0x00, 0x00, 0x00, 0x00, 0x00, 0x00, 0x00, 0x00, 0x00, 0x00, 0x09, 0x90, 0x00, 0x00, 0x00, 0x00, 0x00,
    0x00, 0x00, 0x00, 0x00, 0x00, 0x09, 0x90, 0x00, 0x00, 0x00, 0x00, 0x00, 0x00, 0x00, 0x00, 0x00, 0x00, 0x09, 0x90, 0x00, 0x00, 0x00, 0x00, 0x00,
    0x00, 0x00, 0x00, 0x00, 0x00, 0x09, 0x90, 0x00, 0x00, 0x00, 0x00, 0x00, 0x00, 0x00, 0x00, 0x00, 0x00, 0x09, 0x90, 0x00, 0x00, 0x00, 0x00, 0x00,
    0x00, 0x00, 0x00, 0x00, 0x00, 0x09, 0x90, 0x00, 0x00, 0x00, 0x00, 0x00, 0x00, 0x00, 0x00, 0x00, 0x00, 0x05, 0x40, 0x00, 0x00, 0x00, 0x00, 0x00,
    0x00, 0x00, 0x00, 0x00, 0x00, 0x00, 0x00, 0x00, 0x00, 0x00, 0x00, 0x00, 0x00, 0x00, 0x00, 0x00, 0x00, 0x00, 0x00, 0x00, 0x00, 0x00, 0x00, 0x00,
    0x00, 0x00, 0x00, 0x00, 0x00, 0x00, 0x00, 0x00, 0x00, 0x00, 0x00, 0x00, 0x00, 0x00, 0x00, 0x00, 0x00, 0x00, 0x00, 0x00, 0x00, 0x00, 0x00, 0x00,
    0x00, 0x00, 0x00, 0x00, 0x00, 0x00, 0x00, 0x00, 0x00, 0x00, 0x00, 0x00, 0x00, 0x00, 0x00, 0x00, 0x00, 0x00, 0x00, 0x00, 0x00, 0x00, 0x00, 0x00,
    0x00, 0x00, 0x00, 0x00, 0x00, 0x00, 0x00, 0x00, 0x00, 0x00, 0x00, 0x00, 0x00, 0x00, 0x00, 0x00, 0x00, 0x00, 0x00, 0x00, 0x00, 0x00, 0x00, 0x00,
    0x00, 0x00, 0x00, 0x00, 0x00, 0x05, 0x40, 0x00, 0x00, 0x00, 0x00, 0x00, 0x00, 0x00, 0x00, 0x00, 0x00, 0x09, 0x90, 0x00, 0x00, 0x00, 0x00, 0x00,
    0x00, 0x00, 0x00, 0x00, 0x00, 0x09, 0x90, 0x00, 0x00, 0x00, 0x00, 0x00, 0x00, 0x00, 0x00, 0x00, 0x00, 0x09, 0x90, 0x00, 0x00, 0x00, 0x00, 0x00,
    0x00, 0x00, 0x00, 0x00, 0x00, 0x09, 0x90, 0x00, 0x00, 0x00, 0x00, 0x00, 0x00, 0x00, 0x00, 0x00, 0x00, 0x09, 0x90, 0x00, 0x00, 0x00, 0x00, 0x00,
    0x00, 0x00, 0x00, 0x00, 0x00, 0x09, 0x90, 0x00, 0x00, 0x00, 0x00, 0x00, 0x00, 0x00, 0x00, 0x00, 0x00, 0x09, 0x90, 0x00, 0x00, 0x00, 0x00, 0x00,
    0x00, 0x00, 0x00, 0x00, 0x00, 0x09, 0x90, 0x00, 0x00, 0x00, 0x00, 0x00, 0x00, 0x00, 0x00, 0x00, 0x00, 0x09, 0x90, 0x00, 0x00, 0x00, 0x00, 0x00,
    0x00, 0x00, 0x00, 0x0a, 0x50, 0x09, 0x90, 0x06, 0x90, 0x00, 0x00, 0x00, 0x00, 0x00, 0x00, 0x06, 0xf5, 0x09, 0x90, 0x6f, 0x50, 0x00, 0x00, 0x00,
    0x00, 0x00, 0x00, 0x00, 0x6f, 0x59, 0x96, 0xf5, 0x00, 0x00, 0x00, 0x00, 0x00, 0x00, 0x00, 0x00, 0x06, 0xfd, 0xdf, 0x50, 0x00, 0x00, 0x00, 0x00,
    0x00, 0x00, 0x00, 0x00, 0x00, 0x6f, 0xf5, 0x00, 0x00, 0x00, 0x00, 0x00, 0x00, 0x00, 0x00, 0x00, 0x00, 0x05, 0x50, 0x00, 0x00, 0x00, 0x00, 0x00,
    0x00, 0x00, 0x00, 0x00, 0x00, 0x00, 0x00, 0x00, 0x00, 0x00, 0x00, 0x00, 0x00, 0x00, 0x00, 0x00, 0x00, 0x00, 0x00, 0x00, 0x00, 0x00, 0x00, 0x00,
    0x00, 0x00, 0x00, 0x00, 0x00, 0x00, 0x00, 0x00, 0x00, 0x00, 0x00, 0x00, 0x00, 0x00, 0x00, 0x00, 0x00, 0x00, 0x00, 0x00, 0x00, 0x00, 0x00, 0x00,
};
static const uint8_t AI24_IDX[138] = {
    255, 255, 255, 255, 255, 255, 0, 255, 255, 255, 255, 255, 255, 255, 255, 255, 255, 255, 255, 255, 255, 255, 255, 255,
    255, 255, 255, 255, 255, 255, 255, 255, 255, 255, 255, 255, 255, 255, 255, 255, 255, 255, 255, 255, 255, 255, 255, 255,
    255, 255, 255, 255, 255, 255, 255, 255, 255, 255, 255, 255, 255, 255, 255, 255, 255, 255, 255, 255, 255, 255, 255, 255,
    255, 255, 255, 255, 255, 255, 255, 255, 255, 255, 255, 255, 255, 255, 255, 255, 255, 255, 255, 255, 255, 1, 255, 255,
    255, 255, 255, 255, 255, 255, 255, 255, 255, 255, 255, 255, 255, 255, 255, 255, 255, 255, 255, 255, 255, 255, 255, 255,
    255, 255, 255, 2, 3, 4, 5, 6, 255, 255, 255, 7, 8, 9, 10, 11, 12, 13,
};
/* the cells' ink boxes: x0 | y0 << 8 | x1 << 16 | y1 << 24 */
static const uint32_t AI24_INK[14] = {
    337052673, 269879298, 286656258, 286656258, 286656258, 286656258, 286656258, 337052673,
    303367683, 336724998, 370475779, 353633028, 336659463, 336659463,
};
